2026-05-20 15:21:55 [INFO]: SIGINT received. Starting graceful shutdown... 
2026-05-20 15:22:00 [ERROR]: Failed to initialize Firebase Admin SDK: Service account object must contain a string "project_id" property. {"errorInfo":{"code":"app/invalid-credential","message":"Service account object must contain a string \"project_id\" property."},"codePrefix":"app","stack":"Error: Service account object must contain a string \"project_id\" property.\n    at new ServiceAccount (/home/philip/beavers/beavers-backend/node_modules/firebase-admin/lib/app/credential-internal.js:174:19)\n    at new ServiceAccountCredential (/home/philip/beavers/beavers-backend/node_modules/firebase-admin/lib/app/credential-internal.js:118:15)\n    at Object.cert (/home/philip/beavers/beavers-backend/node_modules/firebase-admin/lib/app/credential-factory.js:105:54)\n    at Object.<anonymous> (/home/philip/beavers/beavers-backend/services/notification.service.js:16:36)\n    at Module._compile (node:internal/modules/cjs/loader:1829:14)\n    at Object..js (node:internal/modules/cjs/loader:1969:10)\n    at Module.load (node:internal/modules/cjs/loader:1552:32)\n    at Module._load (node:internal/modules/cjs/loader:1354:12)\n    at wrapModuleLoad (node:internal/modules/cjs/loader:255:19)\n    at Module.require (node:internal/modules/cjs/loader:1575:12)"}
2026-05-20 15:22:01 [INFO]: ... end of ther server call.. 
2026-05-20 15:22:01 [INFO]: Database pool connected 
2026-05-20 15:22:01 [INFO]: Database extensions initialized 
2026-05-20 15:22:01 [INFO]: Database connected successfully at Wed May 20 2026 15:22:01 GMT+0100 (West Africa Time) 
2026-05-20 15:22:01 [INFO]: Database connected successfully 
2026-05-20 15:22:01 [INFO]: Redis connecting... 
2026-05-20 15:22:01 [INFO]: Redis connected successfully 
2026-05-20 15:22:01 [INFO]: Redis initialized and connected 
2026-05-20 15:22:01 [INFO]: Redis connected successfully 
2026-05-20 15:22:01 [INFO]: Socket.IO server initialized 
2026-05-20 15:22:01 [INFO]: getting to  port .. 
2026-05-20 15:22:01 [INFO]: Server running on port 3000 
2026-05-20 15:34:23 [ERROR]: Failed to initialize Firebase Admin SDK: Service account object must contain a string "project_id" property. {"errorInfo":{"code":"app/invalid-credential","message":"Service account object must contain a string \"project_id\" property."},"codePrefix":"app","stack":"Error: Service account object must contain a string \"project_id\" property.\n    at new ServiceAccount (/home/philip/beavers/beavers-backend/node_modules/firebase-admin/lib/app/credential-internal.js:174:19)\n    at new ServiceAccountCredential (/home/philip/beavers/beavers-backend/node_modules/firebase-admin/lib/app/credential-internal.js:118:15)\n    at Object.cert (/home/philip/beavers/beavers-backend/node_modules/firebase-admin/lib/app/credential-factory.js:105:54)\n    at Object.<anonymous> (/home/philip/beavers/beavers-backend/services/notification.service.js:16:36)\n    at Module._compile (node:internal/modules/cjs/loader:1829:14)\n    at Object..js (node:internal/modules/cjs/loader:1969:10)\n    at Module.load (node:internal/modules/cjs/loader:1552:32)\n    at Module._load (node:internal/modules/cjs/loader:1354:12)\n    at wrapModuleLoad (node:internal/modules/cjs/loader:255:19)\n    at Module.require (node:internal/modules/cjs/loader:1575:12)"}
2026-05-20 15:34:24 [INFO]: ... end of ther server call.. 
2026-05-20 15:34:24 [INFO]: Database pool connected 
2026-05-20 15:34:24 [INFO]: Database extensions initialized 
2026-05-20 15:34:24 [INFO]: Database connected successfully at Wed May 20 2026 15:34:24 GMT+0100 (West Africa Time) 
2026-05-20 15:34:24 [INFO]: Database connected successfully 
2026-05-20 15:34:24 [INFO]: Redis connecting... 
2026-05-20 15:34:24 [INFO]: Redis connected successfully 
2026-05-20 15:34:24 [INFO]: Redis initialized and connected 
2026-05-20 15:34:24 [INFO]: Redis connected successfully 
2026-05-20 15:34:24 [INFO]: Socket.IO server initialized 
2026-05-20 15:34:24 [INFO]: getting to  port .. 
2026-05-20 15:34:24 [INFO]: Server running on port 3000 
2026-05-20 15:48:05 [ERROR]: Failed to initialize Firebase Admin SDK: Service account object must contain a string "project_id" property. {"errorInfo":{"code":"app/invalid-credential","message":"Service account object must contain a string \"project_id\" property."},"codePrefix":"app","stack":"Error: Service account object must contain a string \"project_id\" property.\n    at new ServiceAccount (/home/philip/beavers/beavers-backend/node_modules/firebase-admin/lib/app/credential-internal.js:174:19)\n    at new ServiceAccountCredential (/home/philip/beavers/beavers-backend/node_modules/firebase-admin/lib/app/credential-internal.js:118:15)\n    at Object.cert (/home/philip/beavers/beavers-backend/node_modules/firebase-admin/lib/app/credential-factory.js:105:54)\n    at Object.<anonymous> (/home/philip/beavers/beavers-backend/services/notification.service.js:16:36)\n    at Module._compile (node:internal/modules/cjs/loader:1829:14)\n    at Object..js (node:internal/modules/cjs/loader:1969:10)\n    at Module.load (node:internal/modules/cjs/loader:1552:32)\n    at Module._load (node:internal/modules/cjs/loader:1354:12)\n    at wrapModuleLoad (node:internal/modules/cjs/loader:255:19)\n    at Module.require (node:internal/modules/cjs/loader:1575:12)"}
2026-05-21 14:36:05 [ERROR]: Failed to initialize Firebase Admin SDK: Service account object must contain a string "project_id" property. {"errorInfo":{"code":"app/invalid-credential","message":"Service account object must contain a string \"project_id\" property."},"codePrefix":"app","stack":"Error: Service account object must contain a string \"project_id\" property.\n    at new ServiceAccount (/home/philip/beavers/beavers-backend/node_modules/firebase-admin/lib/app/credential-internal.js:174:19)\n    at new ServiceAccountCredential (/home/philip/beavers/beavers-backend/node_modules/firebase-admin/lib/app/credential-internal.js:118:15)\n    at Object.cert (/home/philip/beavers/beavers-backend/node_modules/firebase-admin/lib/app/credential-factory.js:105:54)\n    at Object.<anonymous> (/home/philip/beavers/beavers-backend/services/notification.service.js:16:36)\n    at Module._compile (node:internal/modules/cjs/loader:1829:14)\n    at Object..js (node:internal/modules/cjs/loader:1969:10)\n    at Module.load (node:internal/modules/cjs/loader:1552:32)\n    at Module._load (node:internal/modules/cjs/loader:1354:12)\n    at wrapModuleLoad (node:internal/modules/cjs/loader:255:19)\n    at Module.require (node:internal/modules/cjs/loader:1575:12)"}
2026-05-21 14:36:08 [INFO]: ... end of ther server call.. 
2026-05-21 14:36:08 [INFO]: Database pool connected 
2026-05-21 14:36:08 [INFO]: Database extensions initialized 
2026-05-21 14:36:08 [INFO]: Database connected successfully at Thu May 21 2026 14:36:08 GMT+0100 (West Africa Time) 
2026-05-21 14:36:08 [INFO]: Database connected successfully 
2026-05-21 14:36:08 [INFO]: Redis connecting... 
2026-05-21 14:36:08 [INFO]: Redis connected successfully 
2026-05-21 14:36:08 [INFO]: Redis initialized and connected 
2026-05-21 14:36:08 [INFO]: Redis connected successfully 
2026-05-21 14:36:08 [INFO]: Socket.IO server initialized 
2026-05-21 14:36:08 [INFO]: getting to  port .. 
2026-05-21 14:36:08 [INFO]: Server running on port 3000 
2026-05-21 14:36:57 [ERROR]: Failed to initialize Firebase Admin SDK: Service account object must contain a string "project_id" property. {"errorInfo":{"code":"app/invalid-credential","message":"Service account object must contain a string \"project_id\" property."},"codePrefix":"app","stack":"Error: Service account object must contain a string \"project_id\" property.\n    at new ServiceAccount (/home/philip/beavers/beavers-backend/node_modules/firebase-admin/lib/app/credential-internal.js:174:19)\n    at new ServiceAccountCredential (/home/philip/beavers/beavers-backend/node_modules/firebase-admin/lib/app/credential-internal.js:118:15)\n    at Object.cert (/home/philip/beavers/beavers-backend/node_modules/firebase-admin/lib/app/credential-factory.js:105:54)\n    at Object.<anonymous> (/home/philip/beavers/beavers-backend/services/notification.service.js:16:36)\n    at Module._compile (node:internal/modules/cjs/loader:1829:14)\n    at Object..js (node:internal/modules/cjs/loader:1969:10)\n    at Module.load (node:internal/modules/cjs/loader:1552:32)\n    at Module._load (node:internal/modules/cjs/loader:1354:12)\n    at wrapModuleLoad (node:internal/modules/cjs/loader:255:19)\n    at Module.require (node:internal/modules/cjs/loader:1575:12)"}
2026-05-21 14:36:57 [INFO]: ... end of ther server call.. 
2026-05-21 14:36:57 [INFO]: Database pool connected 
2026-05-21 14:36:57 [INFO]: Database extensions initialized 
2026-05-21 14:36:57 [INFO]: Database connected successfully at Thu May 21 2026 14:36:57 GMT+0100 (West Africa Time) 
2026-05-21 14:36:57 [INFO]: Database connected successfully 
2026-05-21 14:36:57 [INFO]: Redis connecting... 
2026-05-21 14:36:57 [INFO]: Redis connected successfully 
2026-05-21 14:36:57 [INFO]: Redis initialized and connected 
2026-05-21 14:36:57 [INFO]: Redis connected successfully 
2026-05-21 14:36:57 [INFO]: Socket.IO server initialized 
2026-05-21 14:36:57 [INFO]: getting to  port .. 
2026-05-21 14:36:57 [INFO]: Server running on port 3000 
2026-05-21 14:37:06 [ERROR]: Failed to initialize Firebase Admin SDK: Service account object must contain a string "project_id" property. {"errorInfo":{"code":"app/invalid-credential","message":"Service account object must contain a string \"project_id\" property."},"codePrefix":"app","stack":"Error: Service account object must contain a string \"project_id\" property.\n    at new ServiceAccount (/home/philip/beavers/beavers-backend/node_modules/firebase-admin/lib/app/credential-internal.js:174:19)\n    at new ServiceAccountCredential (/home/philip/beavers/beavers-backend/node_modules/firebase-admin/lib/app/credential-internal.js:118:15)\n    at Object.cert (/home/philip/beavers/beavers-backend/node_modules/firebase-admin/lib/app/credential-factory.js:105:54)\n    at Object.<anonymous> (/home/philip/beavers/beavers-backend/services/notification.service.js:16:36)\n    at Module._compile (node:internal/modules/cjs/loader:1829:14)\n    at Object..js (node:internal/modules/cjs/loader:1969:10)\n    at Module.load (node:internal/modules/cjs/loader:1552:32)\n    at Module._load (node:internal/modules/cjs/loader:1354:12)\n    at wrapModuleLoad (node:internal/modules/cjs/loader:255:19)\n    at Module.require (node:internal/modules/cjs/loader:1575:12)"}
2026-05-21 14:37:06 [INFO]: ... end of ther server call.. 
2026-05-21 14:37:06 [INFO]: Database pool connected 
2026-05-21 14:37:06 [INFO]: Database extensions initialized 
2026-05-21 14:37:06 [INFO]: Database connected successfully at Thu May 21 2026 14:37:06 GMT+0100 (West Africa Time) 
2026-05-21 14:37:06 [INFO]: Database connected successfully 
2026-05-21 14:37:06 [INFO]: Redis connecting... 
2026-05-21 14:37:06 [INFO]: Redis connected successfully 
2026-05-21 14:37:06 [INFO]: Redis initialized and connected 
2026-05-21 14:37:06 [INFO]: Redis connected successfully 
2026-05-21 14:37:06 [INFO]: Socket.IO server initialized 
2026-05-21 14:37:06 [INFO]: getting to  port .. 
2026-05-21 14:37:06 [INFO]: Server running on port 3000 
2026-05-21 14:37:13 [ERROR]: Failed to initialize Firebase Admin SDK: Service account object must contain a string "project_id" property. {"errorInfo":{"code":"app/invalid-credential","message":"Service account object must contain a string \"project_id\" property."},"codePrefix":"app","stack":"Error: Service account object must contain a string \"project_id\" property.\n    at new ServiceAccount (/home/philip/beavers/beavers-backend/node_modules/firebase-admin/lib/app/credential-internal.js:174:19)\n    at new ServiceAccountCredential (/home/philip/beavers/beavers-backend/node_modules/firebase-admin/lib/app/credential-internal.js:118:15)\n    at Object.cert (/home/philip/beavers/beavers-backend/node_modules/firebase-admin/lib/app/credential-factory.js:105:54)\n    at Object.<anonymous> (/home/philip/beavers/beavers-backend/services/notification.service.js:16:36)\n    at Module._compile (node:internal/modules/cjs/loader:1829:14)\n    at Object..js (node:internal/modules/cjs/loader:1969:10)\n    at Module.load (node:internal/modules/cjs/loader:1552:32)\n    at Module._load (node:internal/modules/cjs/loader:1354:12)\n    at wrapModuleLoad (node:internal/modules/cjs/loader:255:19)\n    at Module.require (node:internal/modules/cjs/loader:1575:12)"}
2026-05-21 14:37:14 [INFO]: ... end of ther server call.. 
2026-05-21 14:37:14 [INFO]: Database pool connected 
2026-05-21 14:37:14 [INFO]: Database extensions initialized 
2026-05-21 14:37:14 [INFO]: Database connected successfully at Thu May 21 2026 14:37:14 GMT+0100 (West Africa Time) 
2026-05-21 14:37:14 [INFO]: Database connected successfully 
2026-05-21 14:37:14 [INFO]: Redis connecting... 
2026-05-21 14:37:14 [INFO]: Redis connected successfully 
2026-05-21 14:37:14 [INFO]: Redis initialized and connected 
2026-05-21 14:37:14 [INFO]: Redis connected successfully 
2026-05-21 14:37:14 [INFO]: Socket.IO server initialized 
2026-05-21 14:37:14 [INFO]: getting to  port .. 
2026-05-21 14:37:14 [INFO]: Server running on port 3000 
2026-05-21 14:37:18 [ERROR]: Failed to initialize Firebase Admin SDK: Service account object must contain a string "project_id" property. {"errorInfo":{"code":"app/invalid-credential","message":"Service account object must contain a string \"project_id\" property."},"codePrefix":"app","stack":"Error: Service account object must contain a string \"project_id\" property.\n    at new ServiceAccount (/home/philip/beavers/beavers-backend/node_modules/firebase-admin/lib/app/credential-internal.js:174:19)\n    at new ServiceAccountCredential (/home/philip/beavers/beavers-backend/node_modules/firebase-admin/lib/app/credential-internal.js:118:15)\n    at Object.cert (/home/philip/beavers/beavers-backend/node_modules/firebase-admin/lib/app/credential-factory.js:105:54)\n    at Object.<anonymous> (/home/philip/beavers/beavers-backend/services/notification.service.js:16:36)\n    at Module._compile (node:internal/modules/cjs/loader:1829:14)\n    at Object..js (node:internal/modules/cjs/loader:1969:10)\n    at Module.load (node:internal/modules/cjs/loader:1552:32)\n    at Module._load (node:internal/modules/cjs/loader:1354:12)\n    at wrapModuleLoad (node:internal/modules/cjs/loader:255:19)\n    at Module.require (node:internal/modules/cjs/loader:1575:12)"}
2026-05-21 14:37:18 [INFO]: ... end of ther server call.. 
2026-05-21 14:37:18 [INFO]: Database pool connected 
2026-05-21 14:37:18 [INFO]: Database extensions initialized 
2026-05-21 14:37:18 [INFO]: Database connected successfully at Thu May 21 2026 14:37:18 GMT+0100 (West Africa Time) 
2026-05-21 14:37:18 [INFO]: Database connected successfully 
2026-05-21 14:37:18 [INFO]: Redis connecting... 
2026-05-21 14:37:18 [INFO]: Redis connected successfully 
2026-05-21 14:37:18 [INFO]: Redis initialized and connected 
2026-05-21 14:37:18 [INFO]: Redis connected successfully 
2026-05-21 14:37:18 [INFO]: Socket.IO server initialized 
2026-05-21 14:37:18 [INFO]: getting to  port .. 
2026-05-21 14:37:19 [INFO]: Server running on port 3000 
2026-05-21 14:37:26 [ERROR]: Failed to initialize Firebase Admin SDK: Service account object must contain a string "project_id" property. {"errorInfo":{"code":"app/invalid-credential","message":"Service account object must contain a string \"project_id\" property."},"codePrefix":"app","stack":"Error: Service account object must contain a string \"project_id\" property.\n    at new ServiceAccount (/home/philip/beavers/beavers-backend/node_modules/firebase-admin/lib/app/credential-internal.js:174:19)\n    at new ServiceAccountCredential (/home/philip/beavers/beavers-backend/node_modules/firebase-admin/lib/app/credential-internal.js:118:15)\n    at Object.cert (/home/philip/beavers/beavers-backend/node_modules/firebase-admin/lib/app/credential-factory.js:105:54)\n    at Object.<anonymous> (/home/philip/beavers/beavers-backend/services/notification.service.js:16:36)\n    at Module._compile (node:internal/modules/cjs/loader:1829:14)\n    at Object..js (node:internal/modules/cjs/loader:1969:10)\n    at Module.load (node:internal/modules/cjs/loader:1552:32)\n    at Module._load (node:internal/modules/cjs/loader:1354:12)\n    at wrapModuleLoad (node:internal/modules/cjs/loader:255:19)\n    at Module.require (node:internal/modules/cjs/loader:1575:12)"}
2026-05-21 14:37:26 [INFO]: ... end of ther server call.. 
2026-05-21 14:37:26 [INFO]: Database pool connected 
2026-05-21 14:37:26 [INFO]: Database extensions initialized 
2026-05-21 14:37:26 [INFO]: Database connected successfully at Thu May 21 2026 14:37:26 GMT+0100 (West Africa Time) 
2026-05-21 14:37:26 [INFO]: Database connected successfully 
2026-05-21 14:37:26 [INFO]: Redis connecting... 
2026-05-21 14:37:26 [INFO]: Redis connected successfully 
2026-05-21 14:37:26 [INFO]: Redis initialized and connected 
2026-05-21 14:37:26 [INFO]: Redis connected successfully 
2026-05-21 14:37:26 [INFO]: Socket.IO server initialized 
2026-05-21 14:37:26 [INFO]: getting to  port .. 
2026-05-21 14:37:26 [INFO]: Server running on port 3000 
2026-05-21 14:37:27 [ERROR]: Failed to initialize Firebase Admin SDK: Service account object must contain a string "project_id" property. {"errorInfo":{"code":"app/invalid-credential","message":"Service account object must contain a string \"project_id\" property."},"codePrefix":"app","stack":"Error: Service account object must contain a string \"project_id\" property.\n    at new ServiceAccount (/home/philip/beavers/beavers-backend/node_modules/firebase-admin/lib/app/credential-internal.js:174:19)\n    at new ServiceAccountCredential (/home/philip/beavers/beavers-backend/node_modules/firebase-admin/lib/app/credential-internal.js:118:15)\n    at Object.cert (/home/philip/beavers/beavers-backend/node_modules/firebase-admin/lib/app/credential-factory.js:105:54)\n    at Object.<anonymous> (/home/philip/beavers/beavers-backend/services/notification.service.js:16:36)\n    at Module._compile (node:internal/modules/cjs/loader:1829:14)\n    at Object..js (node:internal/modules/cjs/loader:1969:10)\n    at Module.load (node:internal/modules/cjs/loader:1552:32)\n    at Module._load (node:internal/modules/cjs/loader:1354:12)\n    at wrapModuleLoad (node:internal/modules/cjs/loader:255:19)\n    at Module.require (node:internal/modules/cjs/loader:1575:12)"}
2026-05-21 14:37:27 [INFO]: ... end of ther server call.. 
2026-05-21 14:37:27 [INFO]: Database pool connected 
2026-05-21 14:37:27 [INFO]: Database extensions initialized 
2026-05-21 14:37:27 [INFO]: Database connected successfully at Thu May 21 2026 14:37:27 GMT+0100 (West Africa Time) 
2026-05-21 14:37:27 [INFO]: Database connected successfully 
2026-05-21 14:37:27 [INFO]: Redis connecting... 
2026-05-21 14:37:27 [INFO]: Redis connected successfully 
2026-05-21 14:37:27 [INFO]: Redis initialized and connected 
2026-05-21 14:37:27 [INFO]: Redis connected successfully 
2026-05-21 14:37:27 [INFO]: Socket.IO server initialized 
2026-05-21 14:37:27 [INFO]: getting to  port .. 
2026-05-21 14:37:27 [INFO]: Server running on port 3000 
2026-05-21 14:37:33 [ERROR]: Failed to initialize Firebase Admin SDK: Service account object must contain a string "project_id" property. {"errorInfo":{"code":"app/invalid-credential","message":"Service account object must contain a string \"project_id\" property."},"codePrefix":"app","stack":"Error: Service account object must contain a string \"project_id\" property.\n    at new ServiceAccount (/home/philip/beavers/beavers-backend/node_modules/firebase-admin/lib/app/credential-internal.js:174:19)\n    at new ServiceAccountCredential (/home/philip/beavers/beavers-backend/node_modules/firebase-admin/lib/app/credential-internal.js:118:15)\n    at Object.cert (/home/philip/beavers/beavers-backend/node_modules/firebase-admin/lib/app/credential-factory.js:105:54)\n    at Object.<anonymous> (/home/philip/beavers/beavers-backend/services/notification.service.js:16:36)\n    at Module._compile (node:internal/modules/cjs/loader:1829:14)\n    at Object..js (node:internal/modules/cjs/loader:1969:10)\n    at Module.load (node:internal/modules/cjs/loader:1552:32)\n    at Module._load (node:internal/modules/cjs/loader:1354:12)\n    at wrapModuleLoad (node:internal/modules/cjs/loader:255:19)\n    at Module.require (node:internal/modules/cjs/loader:1575:12)"}
2026-05-21 14:37:33 [INFO]: ... end of ther server call.. 
2026-05-21 14:37:33 [INFO]: Database pool connected 
2026-05-21 14:37:33 [INFO]: Database extensions initialized 
2026-05-21 14:37:33 [INFO]: Database connected successfully at Thu May 21 2026 14:37:33 GMT+0100 (West Africa Time) 
2026-05-21 14:37:33 [INFO]: Database connected successfully 
2026-05-21 14:37:33 [INFO]: Redis connecting... 
2026-05-21 14:37:33 [INFO]: Redis connected successfully 
2026-05-21 14:37:33 [INFO]: Redis initialized and connected 
2026-05-21 14:37:33 [INFO]: Redis connected successfully 
2026-05-21 14:37:33 [INFO]: Socket.IO server initialized 
2026-05-21 14:37:33 [INFO]: getting to  port .. 
2026-05-21 14:37:33 [INFO]: Server running on port 3000 
2026-05-21 14:37:39 [ERROR]: Failed to initialize Firebase Admin SDK: Service account object must contain a string "project_id" property. {"errorInfo":{"code":"app/invalid-credential","message":"Service account object must contain a string \"project_id\" property."},"codePrefix":"app","stack":"Error: Service account object must contain a string \"project_id\" property.\n    at new ServiceAccount (/home/philip/beavers/beavers-backend/node_modules/firebase-admin/lib/app/credential-internal.js:174:19)\n    at new ServiceAccountCredential (/home/philip/beavers/beavers-backend/node_modules/firebase-admin/lib/app/credential-internal.js:118:15)\n    at Object.cert (/home/philip/beavers/beavers-backend/node_modules/firebase-admin/lib/app/credential-factory.js:105:54)\n    at Object.<anonymous> (/home/philip/beavers/beavers-backend/services/notification.service.js:16:36)\n    at Module._compile (node:internal/modules/cjs/loader:1829:14)\n    at Object..js (node:internal/modules/cjs/loader:1969:10)\n    at Module.load (node:internal/modules/cjs/loader:1552:32)\n    at Module._load (node:internal/modules/cjs/loader:1354:12)\n    at wrapModuleLoad (node:internal/modules/cjs/loader:255:19)\n    at Module.require (node:internal/modules/cjs/loader:1575:12)"}
2026-05-21 14:37:39 [INFO]: ... end of ther server call.. 
2026-05-21 14:37:39 [INFO]: Database pool connected 
2026-05-21 14:37:39 [INFO]: Database extensions initialized 
2026-05-21 14:37:39 [INFO]: Database connected successfully at Thu May 21 2026 14:37:39 GMT+0100 (West Africa Time) 
2026-05-21 14:37:39 [INFO]: Database connected successfully 
2026-05-21 14:37:39 [INFO]: Redis connecting... 
2026-05-21 14:37:39 [INFO]: Redis connected successfully 
2026-05-21 14:37:39 [INFO]: Redis initialized and connected 
2026-05-21 14:37:39 [INFO]: Redis connected successfully 
2026-05-21 14:37:39 [INFO]: Socket.IO server initialized 
2026-05-21 14:37:39 [INFO]: getting to  port .. 
2026-05-21 14:37:39 [INFO]: Server running on port 3000 
2026-05-21 14:37:41 [ERROR]: Failed to initialize Firebase Admin SDK: Service account object must contain a string "project_id" property. {"errorInfo":{"code":"app/invalid-credential","message":"Service account object must contain a string \"project_id\" property."},"codePrefix":"app","stack":"Error: Service account object must contain a string \"project_id\" property.\n    at new ServiceAccount (/home/philip/beavers/beavers-backend/node_modules/firebase-admin/lib/app/credential-internal.js:174:19)\n    at new ServiceAccountCredential (/home/philip/beavers/beavers-backend/node_modules/firebase-admin/lib/app/credential-internal.js:118:15)\n    at Object.cert (/home/philip/beavers/beavers-backend/node_modules/firebase-admin/lib/app/credential-factory.js:105:54)\n    at Object.<anonymous> (/home/philip/beavers/beavers-backend/services/notification.service.js:16:36)\n    at Module._compile (node:internal/modules/cjs/loader:1829:14)\n    at Object..js (node:internal/modules/cjs/loader:1969:10)\n    at Module.load (node:internal/modules/cjs/loader:1552:32)\n    at Module._load (node:internal/modules/cjs/loader:1354:12)\n    at wrapModuleLoad (node:internal/modules/cjs/loader:255:19)\n    at Module.require (node:internal/modules/cjs/loader:1575:12)"}
2026-05-21 14:37:41 [INFO]: ... end of ther server call.. 
2026-05-21 14:37:41 [INFO]: Database pool connected 
2026-05-21 14:37:41 [INFO]: Database extensions initialized 
2026-05-21 14:37:42 [INFO]: Database connected successfully at Thu May 21 2026 14:37:41 GMT+0100 (West Africa Time) 
2026-05-21 14:37:42 [INFO]: Database connected successfully 
2026-05-21 14:37:42 [INFO]: Redis connecting... 
2026-05-21 14:37:42 [INFO]: Redis connected successfully 
2026-05-21 14:37:42 [INFO]: Redis initialized and connected 
2026-05-21 14:37:42 [INFO]: Redis connected successfully 
2026-05-21 14:37:42 [INFO]: Socket.IO server initialized 
2026-05-21 14:37:42 [INFO]: getting to  port .. 
2026-05-21 14:37:42 [INFO]: Server running on port 3000 
2026-05-21 14:37:46 [ERROR]: Failed to initialize Firebase Admin SDK: Service account object must contain a string "project_id" property. {"errorInfo":{"code":"app/invalid-credential","message":"Service account object must contain a string \"project_id\" property."},"codePrefix":"app","stack":"Error: Service account object must contain a string \"project_id\" property.\n    at new ServiceAccount (/home/philip/beavers/beavers-backend/node_modules/firebase-admin/lib/app/credential-internal.js:174:19)\n    at new ServiceAccountCredential (/home/philip/beavers/beavers-backend/node_modules/firebase-admin/lib/app/credential-internal.js:118:15)\n    at Object.cert (/home/philip/beavers/beavers-backend/node_modules/firebase-admin/lib/app/credential-factory.js:105:54)\n    at Object.<anonymous> (/home/philip/beavers/beavers-backend/services/notification.service.js:16:36)\n    at Module._compile (node:internal/modules/cjs/loader:1829:14)\n    at Object..js (node:internal/modules/cjs/loader:1969:10)\n    at Module.load (node:internal/modules/cjs/loader:1552:32)\n    at Module._load (node:internal/modules/cjs/loader:1354:12)\n    at wrapModuleLoad (node:internal/modules/cjs/loader:255:19)\n    at Module.require (node:internal/modules/cjs/loader:1575:12)"}
2026-05-21 14:37:46 [INFO]: ... end of ther server call.. 
2026-05-21 14:37:46 [INFO]: Database pool connected 
2026-05-21 14:37:46 [INFO]: Database extensions initialized 
2026-05-21 14:37:46 [INFO]: Database connected successfully at Thu May 21 2026 14:37:46 GMT+0100 (West Africa Time) 
2026-05-21 14:37:46 [INFO]: Database connected successfully 
2026-05-21 14:37:46 [INFO]: Redis connecting... 
2026-05-21 14:37:46 [INFO]: Redis connected successfully 
2026-05-21 14:37:46 [INFO]: Redis initialized and connected 
2026-05-21 14:37:46 [INFO]: Redis connected successfully 
2026-05-21 14:37:46 [INFO]: Socket.IO server initialized 
2026-05-21 14:37:46 [INFO]: getting to  port .. 
2026-05-21 14:37:46 [INFO]: Server running on port 3000 
2026-05-21 14:37:48 [ERROR]: Failed to initialize Firebase Admin SDK: Service account object must contain a string "project_id" property. {"errorInfo":{"code":"app/invalid-credential","message":"Service account object must contain a string \"project_id\" property."},"codePrefix":"app","stack":"Error: Service account object must contain a string \"project_id\" property.\n    at new ServiceAccount (/home/philip/beavers/beavers-backend/node_modules/firebase-admin/lib/app/credential-internal.js:174:19)\n    at new ServiceAccountCredential (/home/philip/beavers/beavers-backend/node_modules/firebase-admin/lib/app/credential-internal.js:118:15)\n    at Object.cert (/home/philip/beavers/beavers-backend/node_modules/firebase-admin/lib/app/credential-factory.js:105:54)\n    at Object.<anonymous> (/home/philip/beavers/beavers-backend/services/notification.service.js:16:36)\n    at Module._compile (node:internal/modules/cjs/loader:1829:14)\n    at Object..js (node:internal/modules/cjs/loader:1969:10)\n    at Module.load (node:internal/modules/cjs/loader:1552:32)\n    at Module._load (node:internal/modules/cjs/loader:1354:12)\n    at wrapModuleLoad (node:internal/modules/cjs/loader:255:19)\n    at Module.require (node:internal/modules/cjs/loader:1575:12)"}
2026-05-21 14:37:48 [INFO]: ... end of ther server call.. 
2026-05-21 14:37:48 [INFO]: Database pool connected 
2026-05-21 14:37:48 [INFO]: Database extensions initialized 
2026-05-21 14:37:48 [INFO]: Database connected successfully at Thu May 21 2026 14:37:48 GMT+0100 (West Africa Time) 
2026-05-21 14:37:48 [INFO]: Database connected successfully 
2026-05-21 14:37:48 [INFO]: Redis connecting... 
2026-05-21 14:37:48 [INFO]: Redis connected successfully 
2026-05-21 14:37:48 [INFO]: Redis initialized and connected 
2026-05-21 14:37:48 [INFO]: Redis connected successfully 
2026-05-21 14:37:48 [INFO]: Socket.IO server initialized 
2026-05-21 14:37:48 [INFO]: getting to  port .. 
2026-05-21 14:37:48 [INFO]: Server running on port 3000 
2026-05-21 14:38:04 [ERROR]: Failed to initialize Firebase Admin SDK: Service account object must contain a string "project_id" property. {"errorInfo":{"code":"app/invalid-credential","message":"Service account object must contain a string \"project_id\" property."},"codePrefix":"app","stack":"Error: Service account object must contain a string \"project_id\" property.\n    at new ServiceAccount (/home/philip/beavers/beavers-backend/node_modules/firebase-admin/lib/app/credential-internal.js:174:19)\n    at new ServiceAccountCredential (/home/philip/beavers/beavers-backend/node_modules/firebase-admin/lib/app/credential-internal.js:118:15)\n    at Object.cert (/home/philip/beavers/beavers-backend/node_modules/firebase-admin/lib/app/credential-factory.js:105:54)\n    at Object.<anonymous> (/home/philip/beavers/beavers-backend/services/notification.service.js:16:36)\n    at Module._compile (node:internal/modules/cjs/loader:1829:14)\n    at Object..js (node:internal/modules/cjs/loader:1969:10)\n    at Module.load (node:internal/modules/cjs/loader:1552:32)\n    at Module._load (node:internal/modules/cjs/loader:1354:12)\n    at wrapModuleLoad (node:internal/modules/cjs/loader:255:19)\n    at Module.require (node:internal/modules/cjs/loader:1575:12)"}
2026-05-21 14:38:04 [INFO]: ... end of ther server call.. 
2026-05-21 14:38:04 [INFO]: Database pool connected 
2026-05-21 14:38:04 [INFO]: Database extensions initialized 
2026-05-21 14:38:04 [INFO]: Database connected successfully at Thu May 21 2026 14:38:04 GMT+0100 (West Africa Time) 
2026-05-21 14:38:04 [INFO]: Database connected successfully 
2026-05-21 14:38:04 [INFO]: Redis connecting... 
2026-05-21 14:38:04 [INFO]: Redis connected successfully 
2026-05-21 14:38:04 [INFO]: Redis initialized and connected 
2026-05-21 14:38:04 [INFO]: Redis connected successfully 
2026-05-21 14:38:04 [INFO]: Socket.IO server initialized 
2026-05-21 14:38:04 [INFO]: getting to  port .. 
2026-05-21 14:38:04 [INFO]: Server running on port 3000 
2026-05-21 14:38:09 [INFO]: Test environment - Email OTP for ayo@gmail.com: 737772 
2026-05-21 14:38:09 [INFO]: Test environment - Phone OTP for +2348122688674: 935705 
2026-05-21 14:38:09 [INFO]: New client registered: ayo@gmail.com 
2026-05-21 14:38:09 [INFO]: profile:  {"user_id":"65d44744-27d0-471c-bb65-6fa2f2493042","full_legal_name":"Ade Paul","nin":"1234567890","street_address":"12, Lagos street","service_address":"64, Ibadan road","verification_documents":{"ninPhoto":"https://beaverworks.net/uploads/nin-photos/60b0c45e-1a3f-460c-a951-f8609151ecc0.jpeg"},"created_at":"2026-05-21T13:38:08.826Z"}
2026-05-21 15:57:34 [ERROR]: Failed to initialize Firebase Admin SDK: Service account object must contain a string "project_id" property. {"errorInfo":{"code":"app/invalid-credential","message":"Service account object must contain a string \"project_id\" property."},"codePrefix":"app","stack":"Error: Service account object must contain a string \"project_id\" property.\n    at new ServiceAccount (/home/philip/beavers/beavers-backend/node_modules/firebase-admin/lib/app/credential-internal.js:174:19)\n    at new ServiceAccountCredential (/home/philip/beavers/beavers-backend/node_modules/firebase-admin/lib/app/credential-internal.js:118:15)\n    at Object.cert (/home/philip/beavers/beavers-backend/node_modules/firebase-admin/lib/app/credential-factory.js:105:54)\n    at Object.<anonymous> (/home/philip/beavers/beavers-backend/services/notification.service.js:16:36)\n    at Module._compile (node:internal/modules/cjs/loader:1829:14)\n    at Object..js (node:internal/modules/cjs/loader:1969:10)\n    at Module.load (node:internal/modules/cjs/loader:1552:32)\n    at Module._load (node:internal/modules/cjs/loader:1354:12)\n    at wrapModuleLoad (node:internal/modules/cjs/loader:255:19)\n    at Module.require (node:internal/modules/cjs/loader:1575:12)"}
2026-05-21 15:57:37 [INFO]: ... end of ther server call.. 
2026-05-21 15:57:37 [INFO]: Database pool connected 
2026-05-21 15:57:37 [INFO]: Database extensions initialized 
2026-05-21 15:57:37 [INFO]: Database connected successfully at Thu May 21 2026 15:57:37 GMT+0100 (West Africa Time) 
2026-05-21 15:57:37 [INFO]: Database connected successfully 
2026-05-21 15:57:37 [INFO]: Redis connecting... 
2026-05-21 15:57:37 [INFO]: Redis connected successfully 
2026-05-21 15:57:37 [INFO]: Redis initialized and connected 
2026-05-21 15:57:37 [INFO]: Redis connected successfully 
2026-05-21 15:57:37 [INFO]: Socket.IO server initialized 
2026-05-21 15:57:37 [INFO]: getting to  port .. 
2026-05-21 15:57:37 [INFO]: Server running on port 3000 
2026-05-21 16:03:51 [ERROR]: Failed to initialize Firebase Admin SDK: Service account object must contain a string "project_id" property. {"errorInfo":{"code":"app/invalid-credential","message":"Service account object must contain a string \"project_id\" property."},"codePrefix":"app","stack":"Error: Service account object must contain a string \"project_id\" property.\n    at new ServiceAccount (/home/philip/beavers/beavers-backend/node_modules/firebase-admin/lib/app/credential-internal.js:174:19)\n    at new ServiceAccountCredential (/home/philip/beavers/beavers-backend/node_modules/firebase-admin/lib/app/credential-internal.js:118:15)\n    at Object.cert (/home/philip/beavers/beavers-backend/node_modules/firebase-admin/lib/app/credential-factory.js:105:54)\n    at Object.<anonymous> (/home/philip/beavers/beavers-backend/services/notification.service.js:16:36)\n    at Module._compile (node:internal/modules/cjs/loader:1829:14)\n    at Object..js (node:internal/modules/cjs/loader:1969:10)\n    at Module.load (node:internal/modules/cjs/loader:1552:32)\n    at Module._load (node:internal/modules/cjs/loader:1354:12)\n    at wrapModuleLoad (node:internal/modules/cjs/loader:255:19)\n    at Module.require (node:internal/modules/cjs/loader:1575:12)"}
2026-05-21 16:03:51 [INFO]: ... end of ther server call.. 
2026-05-21 16:03:51 [INFO]: Database pool connected 
2026-05-21 16:03:51 [INFO]: Database extensions initialized 
2026-05-21 16:03:51 [INFO]: Database connected successfully at Thu May 21 2026 16:03:51 GMT+0100 (West Africa Time) 
2026-05-21 16:03:51 [INFO]: Database connected successfully 
2026-05-21 16:03:51 [INFO]: Redis connecting... 
2026-05-21 16:03:51 [INFO]: Redis connected successfully 
2026-05-21 16:03:51 [INFO]: Redis initialized and connected 
2026-05-21 16:03:51 [INFO]: Redis connected successfully 
2026-05-21 16:03:51 [INFO]: Socket.IO server initialized 
2026-05-21 16:03:51 [INFO]: getting to  port .. 
2026-05-21 16:03:51 [INFO]: Server running on port 3000 
2026-05-21 16:12:21 [ERROR]: Failed to initialize Firebase Admin SDK: Service account object must contain a string "project_id" property. {"errorInfo":{"code":"app/invalid-credential","message":"Service account object must contain a string \"project_id\" property."},"codePrefix":"app","stack":"Error: Service account object must contain a string \"project_id\" property.\n    at new ServiceAccount (/home/philip/beavers/beavers-backend/node_modules/firebase-admin/lib/app/credential-internal.js:174:19)\n    at new ServiceAccountCredential (/home/philip/beavers/beavers-backend/node_modules/firebase-admin/lib/app/credential-internal.js:118:15)\n    at Object.cert (/home/philip/beavers/beavers-backend/node_modules/firebase-admin/lib/app/credential-factory.js:105:54)\n    at Object.<anonymous> (/home/philip/beavers/beavers-backend/services/notification.service.js:16:36)\n    at Module._compile (node:internal/modules/cjs/loader:1829:14)\n    at Object..js (node:internal/modules/cjs/loader:1969:10)\n    at Module.load (node:internal/modules/cjs/loader:1552:32)\n    at Module._load (node:internal/modules/cjs/loader:1354:12)\n    at wrapModuleLoad (node:internal/modules/cjs/loader:255:19)\n    at Module.require (node:internal/modules/cjs/loader:1575:12)"}
2026-05-23 17:06:36 [INFO]: Firebase Admin SDK initialized successfully 
2026-05-23 17:06:41 [INFO]: ... end of ther server call.. 
2026-05-23 17:06:41 [INFO]: Database pool connected 
2026-05-23 17:06:41 [INFO]: Database extensions initialized 
2026-05-23 17:06:41 [INFO]: Database connected successfully at Sat May 23 2026 17:06:41 GMT+0100 (West Africa Time) 
2026-05-23 17:06:41 [INFO]: Database connected successfully 
2026-05-23 17:06:41 [INFO]: Redis connecting... 
2026-05-23 17:06:42 [INFO]: Redis connected successfully 
2026-05-23 17:06:42 [INFO]: Redis initialized and connected 
2026-05-23 17:06:42 [INFO]: Redis connected successfully 
2026-05-23 17:06:42 [INFO]: Socket.IO server initialized 
2026-05-23 17:06:42 [INFO]: getting to  port .. 
2026-05-23 17:06:42 [INFO]: Server running on port 3000 
2026-05-23 17:07:38 [INFO]: Firebase Admin SDK initialized successfully 
2026-05-23 17:07:38 [INFO]: ... end of ther server call.. 
2026-05-23 17:07:38 [INFO]: Database pool connected 
2026-05-23 17:07:38 [INFO]: Database extensions initialized 
2026-05-23 17:07:38 [INFO]: Database connected successfully at Sat May 23 2026 17:07:38 GMT+0100 (West Africa Time) 
2026-05-23 17:07:38 [INFO]: Database connected successfully 
2026-05-23 17:07:38 [INFO]: Redis connecting... 
2026-05-23 17:07:38 [INFO]: Redis connected successfully 
2026-05-23 17:07:38 [INFO]: Redis initialized and connected 
2026-05-23 17:07:38 [INFO]: Redis connected successfully 
2026-05-23 17:07:38 [INFO]: Socket.IO server initialized 
2026-05-23 17:07:38 [INFO]: getting to  port .. 
2026-05-23 17:07:38 [INFO]: Server running on port 3000 
2026-05-23 17:07:56 [INFO]: Firebase Admin SDK initialized successfully 
2026-05-23 17:07:56 [INFO]: ... end of ther server call.. 
2026-05-23 17:07:56 [INFO]: Database pool connected 
2026-05-23 17:07:56 [INFO]: Database extensions initialized 
2026-05-23 17:07:56 [INFO]: Database connected successfully at Sat May 23 2026 17:07:56 GMT+0100 (West Africa Time) 
2026-05-23 17:07:56 [INFO]: Database connected successfully 
2026-05-23 17:07:56 [INFO]: Redis connecting... 
2026-05-23 17:07:56 [INFO]: Redis connected successfully 
2026-05-23 17:07:56 [INFO]: Redis initialized and connected 
2026-05-23 17:07:56 [INFO]: Redis connected successfully 
2026-05-23 17:07:56 [INFO]: Socket.IO server initialized 
2026-05-23 17:07:56 [INFO]: getting to  port .. 
2026-05-23 17:07:56 [INFO]: Server running on port 3000 
2026-05-23 17:08:04 [INFO]: Firebase Admin SDK initialized successfully 
2026-05-23 17:08:04 [INFO]: ... end of ther server call.. 
2026-05-23 17:08:04 [INFO]: Database pool connected 
2026-05-23 17:08:04 [INFO]: Database extensions initialized 
2026-05-23 17:08:04 [INFO]: Database connected successfully at Sat May 23 2026 17:08:04 GMT+0100 (West Africa Time) 
2026-05-23 17:08:04 [INFO]: Database connected successfully 
2026-05-23 17:08:04 [INFO]: Redis connecting... 
2026-05-23 17:08:04 [INFO]: Redis connected successfully 
2026-05-23 17:08:04 [INFO]: Redis initialized and connected 
2026-05-23 17:08:04 [INFO]: Redis connected successfully 
2026-05-23 17:08:04 [INFO]: Socket.IO server initialized 
2026-05-23 17:08:04 [INFO]: getting to  port .. 
2026-05-23 17:08:04 [INFO]: Server running on port 3000 
2026-05-23 17:08:08 [INFO]: Firebase Admin SDK initialized successfully 
2026-05-23 17:08:09 [INFO]: ... end of ther server call.. 
2026-05-23 17:08:09 [INFO]: Database pool connected 
2026-05-23 17:08:09 [INFO]: Database extensions initialized 
2026-05-23 17:08:09 [INFO]: Database connected successfully at Sat May 23 2026 17:08:09 GMT+0100 (West Africa Time) 
2026-05-23 17:08:09 [INFO]: Database connected successfully 
2026-05-23 17:08:09 [INFO]: Redis connecting... 
2026-05-23 17:08:09 [INFO]: Redis connected successfully 
2026-05-23 17:08:09 [INFO]: Redis initialized and connected 
2026-05-23 17:08:09 [INFO]: Redis connected successfully 
2026-05-23 17:08:09 [INFO]: Socket.IO server initialized 
2026-05-23 17:08:09 [INFO]: getting to  port .. 
2026-05-23 17:08:09 [INFO]: Server running on port 3000 
2026-05-23 17:08:12 [INFO]: Firebase Admin SDK initialized successfully 
2026-05-23 17:08:12 [INFO]: ... end of ther server call.. 
2026-05-23 17:08:12 [INFO]: Database pool connected 
2026-05-23 17:08:12 [INFO]: Database extensions initialized 
2026-05-23 17:08:12 [INFO]: Database connected successfully at Sat May 23 2026 17:08:12 GMT+0100 (West Africa Time) 
2026-05-23 17:08:12 [INFO]: Database connected successfully 
2026-05-23 17:08:12 [INFO]: Redis connecting... 
2026-05-23 17:08:12 [INFO]: Redis connected successfully 
2026-05-23 17:08:12 [INFO]: Redis initialized and connected 
2026-05-23 17:08:12 [INFO]: Redis connected successfully 
2026-05-23 17:08:12 [INFO]: Socket.IO server initialized 
2026-05-23 17:08:12 [INFO]: getting to  port .. 
2026-05-23 17:08:12 [INFO]: Server running on port 3000 
2026-05-23 17:08:15 [INFO]: Firebase Admin SDK initialized successfully 
2026-05-23 17:08:16 [INFO]: ... end of ther server call.. 
2026-05-23 17:08:16 [INFO]: Database pool connected 
2026-05-23 17:08:16 [INFO]: Database extensions initialized 
2026-05-23 17:08:16 [INFO]: Database connected successfully at Sat May 23 2026 17:08:16 GMT+0100 (West Africa Time) 
2026-05-23 17:08:16 [INFO]: Database connected successfully 
2026-05-23 17:08:16 [INFO]: Redis connecting... 
2026-05-23 17:08:16 [INFO]: Redis connected successfully 
2026-05-23 17:08:16 [INFO]: Redis initialized and connected 
2026-05-23 17:08:16 [INFO]: Redis connected successfully 
2026-05-23 17:08:16 [INFO]: Socket.IO server initialized 
2026-05-23 17:08:16 [INFO]: getting to  port .. 
2026-05-23 17:08:16 [INFO]: Server running on port 3000 
2026-05-23 17:08:34 [INFO]: Firebase Admin SDK initialized successfully 
2026-05-23 17:08:34 [INFO]: ... end of ther server call.. 
2026-05-23 17:08:34 [INFO]: Database pool connected 
2026-05-23 17:08:34 [INFO]: Database extensions initialized 
2026-05-23 17:08:34 [INFO]: Database connected successfully at Sat May 23 2026 17:08:34 GMT+0100 (West Africa Time) 
2026-05-23 17:08:34 [INFO]: Database connected successfully 
2026-05-23 17:08:34 [INFO]: Redis connecting... 
2026-05-23 17:08:34 [INFO]: Redis connected successfully 
2026-05-23 17:08:34 [INFO]: Redis initialized and connected 
2026-05-23 17:08:34 [INFO]: Redis connected successfully 
2026-05-23 17:08:34 [INFO]: Socket.IO server initialized 
2026-05-23 17:08:34 [INFO]: getting to  port .. 
2026-05-23 17:08:34 [INFO]: Server running on port 3000 
2026-05-23 17:08:53 [INFO]: Firebase Admin SDK initialized successfully 
2026-05-23 17:08:53 [INFO]: ... end of ther server call.. 
2026-05-23 17:08:53 [INFO]: Database pool connected 
2026-05-23 17:08:53 [INFO]: Database extensions initialized 
2026-05-23 17:08:53 [INFO]: Database connected successfully at Sat May 23 2026 17:08:53 GMT+0100 (West Africa Time) 
2026-05-23 17:08:53 [INFO]: Database connected successfully 
2026-05-23 17:08:53 [INFO]: Redis connecting... 
2026-05-23 17:08:53 [INFO]: Redis connected successfully 
2026-05-23 17:08:53 [INFO]: Redis initialized and connected 
2026-05-23 17:08:53 [INFO]: Redis connected successfully 
2026-05-23 17:08:53 [INFO]: Socket.IO server initialized 
2026-05-23 17:08:53 [INFO]: getting to  port .. 
2026-05-23 17:08:53 [INFO]: Server running on port 3000 
2026-05-23 17:08:57 [INFO]: Firebase Admin SDK initialized successfully 
2026-05-23 17:08:57 [INFO]: ... end of ther server call.. 
2026-05-23 17:08:57 [INFO]: Database pool connected 
2026-05-23 17:08:57 [INFO]: Database extensions initialized 
2026-05-23 17:08:57 [INFO]: Database connected successfully at Sat May 23 2026 17:08:57 GMT+0100 (West Africa Time) 
2026-05-23 17:08:57 [INFO]: Database connected successfully 
2026-05-23 17:08:57 [INFO]: Redis connecting... 
2026-05-23 17:08:57 [INFO]: Redis connected successfully 
2026-05-23 17:08:57 [INFO]: Redis initialized and connected 
2026-05-23 17:08:57 [INFO]: Redis connected successfully 
2026-05-23 17:08:57 [INFO]: Socket.IO server initialized 
2026-05-23 17:08:57 [INFO]: getting to  port .. 
2026-05-23 17:08:57 [INFO]: Server running on port 3000 
2026-05-23 17:09:07 [INFO]: Firebase Admin SDK initialized successfully 
2026-05-23 17:09:08 [INFO]: ... end of ther server call.. 
2026-05-23 17:09:08 [INFO]: Database pool connected 
2026-05-23 17:09:08 [INFO]: Database extensions initialized 
2026-05-23 17:09:08 [INFO]: Database connected successfully at Sat May 23 2026 17:09:08 GMT+0100 (West Africa Time) 
2026-05-23 17:09:08 [INFO]: Database connected successfully 
2026-05-23 17:09:08 [INFO]: Redis connecting... 
2026-05-23 17:09:08 [INFO]: Redis connected successfully 
2026-05-23 17:09:08 [INFO]: Redis initialized and connected 
2026-05-23 17:09:08 [INFO]: Redis connected successfully 
2026-05-23 17:09:08 [INFO]: Socket.IO server initialized 
2026-05-23 17:09:08 [INFO]: getting to  port .. 
2026-05-23 17:09:08 [INFO]: Server running on port 3000 
2026-05-23 17:50:48 [INFO]: Firebase Admin SDK initialized successfully 
2026-05-23 17:50:48 [INFO]: ... end of ther server call.. 
2026-05-23 17:50:49 [INFO]: Database pool connected 
2026-05-23 17:50:49 [INFO]: Database extensions initialized 
2026-05-23 17:50:49 [INFO]: Database connected successfully at Sat May 23 2026 17:50:49 GMT+0100 (West Africa Time) 
2026-05-23 17:50:49 [INFO]: Database connected successfully 
2026-05-23 17:50:49 [INFO]: Redis connecting... 
2026-05-23 17:50:49 [INFO]: Redis connected successfully 
2026-05-23 17:50:49 [INFO]: Redis initialized and connected 
2026-05-23 17:50:49 [INFO]: Redis connected successfully 
2026-05-23 17:50:49 [INFO]: Socket.IO server initialized 
2026-05-23 17:50:49 [INFO]: getting to  port .. 
2026-05-23 17:50:49 [INFO]: Server running on port 3000 
2026-05-23 17:56:25 [INFO]: Firebase Admin SDK initialized successfully 
2026-05-23 17:56:26 [INFO]: ... end of ther server call.. 
2026-05-23 17:56:26 [INFO]: Database pool connected 
2026-05-23 17:56:26 [INFO]: Database extensions initialized 
2026-05-23 17:56:26 [INFO]: Database connected successfully at Sat May 23 2026 17:56:26 GMT+0100 (West Africa Time) 
2026-05-23 17:56:26 [INFO]: Database connected successfully 
2026-05-23 17:56:26 [INFO]: Redis connecting... 
2026-05-23 17:56:26 [INFO]: Redis connected successfully 
2026-05-23 17:56:26 [INFO]: Redis initialized and connected 
2026-05-23 17:56:26 [INFO]: Redis connected successfully 
2026-05-23 17:56:26 [INFO]: Socket.IO server initialized 
2026-05-23 17:56:26 [INFO]: getting to  port .. 
2026-05-23 17:56:26 [INFO]: Server running on port 3000 
2026-05-23 17:58:09 [INFO]: Firebase Admin SDK initialized successfully 
2026-05-23 17:58:09 [INFO]: ... end of ther server call.. 
2026-05-23 17:58:09 [INFO]: Database pool connected 
2026-05-23 17:58:09 [INFO]: Database extensions initialized 
2026-05-23 17:58:09 [INFO]: Database connected successfully at Sat May 23 2026 17:58:09 GMT+0100 (West Africa Time) 
2026-05-23 17:58:09 [INFO]: Database connected successfully 
2026-05-23 17:58:09 [INFO]: Redis connecting... 
2026-05-23 17:58:09 [INFO]: Redis connected successfully 
2026-05-23 17:58:09 [INFO]: Redis initialized and connected 
2026-05-23 17:58:09 [INFO]: Redis connected successfully 
2026-05-23 17:58:09 [INFO]: Socket.IO server initialized 
2026-05-23 17:58:09 [INFO]: getting to  port .. 
2026-05-23 17:58:09 [INFO]: Server running on port 3000 
2026-05-23 17:58:17 [INFO]: Firebase Admin SDK initialized successfully 
2026-05-23 17:58:17 [INFO]: ... end of ther server call.. 
2026-05-23 17:58:17 [INFO]: Database pool connected 
2026-05-23 17:58:17 [INFO]: Database extensions initialized 
2026-05-23 17:58:17 [INFO]: Database connected successfully at Sat May 23 2026 17:58:17 GMT+0100 (West Africa Time) 
2026-05-23 17:58:17 [INFO]: Database connected successfully 
2026-05-23 17:58:17 [INFO]: Redis connecting... 
2026-05-23 17:58:17 [INFO]: Redis connected successfully 
2026-05-23 17:58:17 [INFO]: Redis initialized and connected 
2026-05-23 17:58:17 [INFO]: Redis connected successfully 
2026-05-23 17:58:17 [INFO]: Socket.IO server initialized 
2026-05-23 17:58:17 [INFO]: getting to  port .. 
2026-05-23 17:58:17 [INFO]: Server running on port 3000 
2026-05-23 17:58:41 [INFO]: Firebase Admin SDK initialized successfully 
2026-05-23 17:58:41 [INFO]: ... end of ther server call.. 
2026-05-23 17:58:41 [INFO]: Database pool connected 
2026-05-23 17:58:41 [INFO]: Database extensions initialized 
2026-05-23 17:58:41 [INFO]: Database connected successfully at Sat May 23 2026 17:58:41 GMT+0100 (West Africa Time) 
2026-05-23 17:58:41 [INFO]: Database connected successfully 
2026-05-23 17:58:41 [INFO]: Redis connecting... 
2026-05-23 17:58:41 [INFO]: Redis connected successfully 
2026-05-23 17:58:41 [INFO]: Redis initialized and connected 
2026-05-23 17:58:41 [INFO]: Redis connected successfully 
2026-05-23 17:58:41 [INFO]: Socket.IO server initialized 
2026-05-23 17:58:41 [INFO]: getting to  port .. 
2026-05-23 17:58:41 [INFO]: Server running on port 3000 
2026-05-23 17:58:45 [INFO]: Firebase Admin SDK initialized successfully 
2026-05-23 17:58:45 [INFO]: ... end of ther server call.. 
2026-05-23 17:58:45 [INFO]: Database pool connected 
2026-05-23 17:58:45 [INFO]: Database extensions initialized 
2026-05-23 17:58:45 [INFO]: Database connected successfully at Sat May 23 2026 17:58:45 GMT+0100 (West Africa Time) 
2026-05-23 17:58:45 [INFO]: Database connected successfully 
2026-05-23 17:58:45 [INFO]: Redis connecting... 
2026-05-23 17:58:45 [INFO]: Redis connected successfully 
2026-05-23 17:58:45 [INFO]: Redis initialized and connected 
2026-05-23 17:58:45 [INFO]: Redis connected successfully 
2026-05-23 17:58:45 [INFO]: Socket.IO server initialized 
2026-05-23 17:58:45 [INFO]: getting to  port .. 
2026-05-23 17:58:45 [INFO]: Server running on port 3000 
2026-05-23 17:58:50 [INFO]: Firebase Admin SDK initialized successfully 
2026-05-23 17:58:51 [INFO]: ... end of ther server call.. 
2026-05-23 17:58:51 [INFO]: Database pool connected 
2026-05-23 17:58:51 [INFO]: Database extensions initialized 
2026-05-23 17:58:51 [INFO]: Database connected successfully at Sat May 23 2026 17:58:51 GMT+0100 (West Africa Time) 
2026-05-23 17:58:51 [INFO]: Database connected successfully 
2026-05-23 17:58:51 [INFO]: Redis connecting... 
2026-05-23 17:58:51 [INFO]: Redis connected successfully 
2026-05-23 17:58:51 [INFO]: Redis initialized and connected 
2026-05-23 17:58:51 [INFO]: Redis connected successfully 
2026-05-23 17:58:51 [INFO]: Socket.IO server initialized 
2026-05-23 17:58:51 [INFO]: getting to  port .. 
2026-05-23 17:58:51 [INFO]: Server running on port 3000 
2026-05-23 17:59:53 [INFO]: Firebase Admin SDK initialized successfully 
2026-05-23 17:59:54 [INFO]: ... end of ther server call.. 
2026-05-23 17:59:54 [INFO]: Database pool connected 
2026-05-23 17:59:54 [INFO]: Database extensions initialized 
2026-05-23 17:59:54 [INFO]: Database connected successfully at Sat May 23 2026 17:59:54 GMT+0100 (West Africa Time) 
2026-05-23 17:59:54 [INFO]: Database connected successfully 
2026-05-23 17:59:54 [INFO]: Redis connecting... 
2026-05-23 17:59:54 [INFO]: Redis connected successfully 
2026-05-23 17:59:54 [INFO]: Redis initialized and connected 
2026-05-23 17:59:54 [INFO]: Redis connected successfully 
2026-05-23 17:59:54 [INFO]: Socket.IO server initialized 
2026-05-23 17:59:54 [INFO]: getting to  port .. 
2026-05-23 17:59:54 [INFO]: Server running on port 3000 
2026-05-23 18:00:22 [INFO]: Firebase Admin SDK initialized successfully 
2026-05-23 18:00:23 [INFO]: ... end of ther server call.. 
2026-05-23 18:00:23 [INFO]: Database pool connected 
2026-05-23 18:00:23 [INFO]: Database extensions initialized 
2026-05-23 18:00:23 [INFO]: Database connected successfully at Sat May 23 2026 18:00:23 GMT+0100 (West Africa Time) 
2026-05-23 18:00:23 [INFO]: Database connected successfully 
2026-05-23 18:00:23 [INFO]: Redis connecting... 
2026-05-23 18:00:23 [INFO]: Redis connected successfully 
2026-05-23 18:00:23 [INFO]: Redis initialized and connected 
2026-05-23 18:00:23 [INFO]: Redis connected successfully 
2026-05-23 18:00:23 [INFO]: Socket.IO server initialized 
2026-05-23 18:00:23 [INFO]: getting to  port .. 
2026-05-23 18:00:23 [INFO]: Server running on port 3000 
2026-05-23 18:00:24 [INFO]: Firebase Admin SDK initialized successfully 
2026-05-23 18:00:24 [INFO]: ... end of ther server call.. 
2026-05-23 18:00:24 [INFO]: Database pool connected 
2026-05-23 18:00:24 [INFO]: Database extensions initialized 
2026-05-23 18:00:24 [INFO]: Database connected successfully at Sat May 23 2026 18:00:24 GMT+0100 (West Africa Time) 
2026-05-23 18:00:24 [INFO]: Database connected successfully 
2026-05-23 18:00:24 [INFO]: Redis connecting... 
2026-05-23 18:00:24 [INFO]: Redis connected successfully 
2026-05-23 18:00:24 [INFO]: Redis initialized and connected 
2026-05-23 18:00:24 [INFO]: Redis connected successfully 
2026-05-23 18:00:24 [INFO]: Socket.IO server initialized 
2026-05-23 18:00:24 [INFO]: getting to  port .. 
2026-05-23 18:00:24 [INFO]: Server running on port 3000 
2026-05-23 18:00:29 [INFO]: Firebase Admin SDK initialized successfully 
2026-05-23 18:00:29 [INFO]: ... end of ther server call.. 
2026-05-23 18:00:29 [INFO]: Database pool connected 
2026-05-23 18:00:29 [INFO]: Database extensions initialized 
2026-05-23 18:00:29 [INFO]: Database connected successfully at Sat May 23 2026 18:00:29 GMT+0100 (West Africa Time) 
2026-05-23 18:00:29 [INFO]: Database connected successfully 
2026-05-23 18:00:29 [INFO]: Redis connecting... 
2026-05-23 18:00:29 [INFO]: Redis connected successfully 
2026-05-23 18:00:29 [INFO]: Redis initialized and connected 
2026-05-23 18:00:29 [INFO]: Redis connected successfully 
2026-05-23 18:00:29 [INFO]: Socket.IO server initialized 
2026-05-23 18:00:29 [INFO]: getting to  port .. 
2026-05-23 18:00:29 [INFO]: Server running on port 3000 
2026-05-23 18:00:35 [INFO]: Firebase Admin SDK initialized successfully 
2026-05-23 18:00:35 [INFO]: ... end of ther server call.. 
2026-05-23 18:00:35 [INFO]: Database pool connected 
2026-05-23 18:00:35 [INFO]: Database extensions initialized 
2026-05-23 18:00:35 [INFO]: Database connected successfully at Sat May 23 2026 18:00:35 GMT+0100 (West Africa Time) 
2026-05-23 18:00:35 [INFO]: Database connected successfully 
2026-05-23 18:00:35 [INFO]: Redis connecting... 
2026-05-23 18:00:35 [INFO]: Redis connected successfully 
2026-05-23 18:00:35 [INFO]: Redis initialized and connected 
2026-05-23 18:00:35 [INFO]: Redis connected successfully 
2026-05-23 18:00:35 [INFO]: Socket.IO server initialized 
2026-05-23 18:00:35 [INFO]: getting to  port .. 
2026-05-23 18:00:35 [INFO]: Server running on port 3000 
2026-05-23 18:01:49 [INFO]: Firebase Admin SDK initialized successfully 
2026-05-23 18:01:50 [INFO]: ... end of ther server call.. 
2026-05-23 18:01:50 [INFO]: Database pool connected 
2026-05-23 18:01:50 [INFO]: Database extensions initialized 
2026-05-23 18:01:50 [INFO]: Database connected successfully at Sat May 23 2026 18:01:50 GMT+0100 (West Africa Time) 
2026-05-23 18:01:50 [INFO]: Database connected successfully 
2026-05-23 18:01:50 [INFO]: Redis connecting... 
2026-05-23 18:01:50 [INFO]: Redis connected successfully 
2026-05-23 18:01:50 [INFO]: Redis initialized and connected 
2026-05-23 18:01:50 [INFO]: Redis connected successfully 
2026-05-23 18:01:50 [INFO]: Socket.IO server initialized 
2026-05-23 18:01:50 [INFO]: getting to  port .. 
2026-05-23 18:01:50 [INFO]: Server running on port 3000 
2026-05-23 18:01:59 [INFO]: Firebase Admin SDK initialized successfully 
2026-05-23 18:01:59 [INFO]: ... end of ther server call.. 
2026-05-23 18:01:59 [INFO]: Database pool connected 
2026-05-23 18:01:59 [INFO]: Database extensions initialized 
2026-05-23 18:01:59 [INFO]: Database connected successfully at Sat May 23 2026 18:01:59 GMT+0100 (West Africa Time) 
2026-05-23 18:01:59 [INFO]: Database connected successfully 
2026-05-23 18:01:59 [INFO]: Redis connecting... 
2026-05-23 18:01:59 [INFO]: Redis connected successfully 
2026-05-23 18:01:59 [INFO]: Redis initialized and connected 
2026-05-23 18:01:59 [INFO]: Redis connected successfully 
2026-05-23 18:01:59 [INFO]: Socket.IO server initialized 
2026-05-23 18:01:59 [INFO]: getting to  port .. 
2026-05-23 18:01:59 [INFO]: Server running on port 3000 
2026-05-23 18:02:01 [INFO]: Firebase Admin SDK initialized successfully 
2026-05-23 18:02:01 [INFO]: ... end of ther server call.. 
2026-05-23 18:02:01 [INFO]: Database pool connected 
2026-05-23 18:02:01 [INFO]: Database extensions initialized 
2026-05-23 18:02:01 [INFO]: Database connected successfully at Sat May 23 2026 18:02:01 GMT+0100 (West Africa Time) 
2026-05-23 18:02:01 [INFO]: Database connected successfully 
2026-05-23 18:02:01 [INFO]: Redis connecting... 
2026-05-23 18:02:01 [INFO]: Redis connected successfully 
2026-05-23 18:02:01 [INFO]: Redis initialized and connected 
2026-05-23 18:02:01 [INFO]: Redis connected successfully 
2026-05-23 18:02:01 [INFO]: Socket.IO server initialized 
2026-05-23 18:02:01 [INFO]: getting to  port .. 
2026-05-23 18:02:01 [INFO]: Server running on port 3000 
2026-05-23 18:02:10 [INFO]: Firebase Admin SDK initialized successfully 
2026-05-23 18:02:10 [INFO]: ... end of ther server call.. 
2026-05-23 18:02:10 [INFO]: Database pool connected 
2026-05-23 18:02:10 [INFO]: Database extensions initialized 
2026-05-23 18:02:10 [INFO]: Database connected successfully at Sat May 23 2026 18:02:10 GMT+0100 (West Africa Time) 
2026-05-23 18:02:10 [INFO]: Database connected successfully 
2026-05-23 18:02:10 [INFO]: Redis connecting... 
2026-05-23 18:02:10 [INFO]: Redis connected successfully 
2026-05-23 18:02:10 [INFO]: Redis initialized and connected 
2026-05-23 18:02:10 [INFO]: Redis connected successfully 
2026-05-23 18:02:10 [INFO]: Socket.IO server initialized 
2026-05-23 18:02:10 [INFO]: getting to  port .. 
2026-05-23 18:02:10 [INFO]: Server running on port 3000 
2026-05-23 18:02:13 [INFO]: Firebase Admin SDK initialized successfully 
2026-05-23 18:02:13 [INFO]: ... end of ther server call.. 
2026-05-23 18:02:13 [INFO]: Database pool connected 
2026-05-23 18:02:13 [INFO]: Database extensions initialized 
2026-05-23 18:02:13 [INFO]: Database connected successfully at Sat May 23 2026 18:02:13 GMT+0100 (West Africa Time) 
2026-05-23 18:02:13 [INFO]: Database connected successfully 
2026-05-23 18:02:13 [INFO]: Redis connecting... 
2026-05-23 18:02:13 [INFO]: Redis connected successfully 
2026-05-23 18:02:13 [INFO]: Redis initialized and connected 
2026-05-23 18:02:13 [INFO]: Redis connected successfully 
2026-05-23 18:02:13 [INFO]: Socket.IO server initialized 
2026-05-23 18:02:13 [INFO]: getting to  port .. 
2026-05-23 18:02:13 [INFO]: Server running on port 3000 
2026-05-23 18:02:18 [INFO]: Firebase Admin SDK initialized successfully 
2026-05-23 18:02:19 [INFO]: ... end of ther server call.. 
2026-05-23 18:02:19 [INFO]: Database pool connected 
2026-05-23 18:02:19 [INFO]: Database extensions initialized 
2026-05-23 18:02:19 [INFO]: Database connected successfully at Sat May 23 2026 18:02:19 GMT+0100 (West Africa Time) 
2026-05-23 18:02:19 [INFO]: Database connected successfully 
2026-05-23 18:02:19 [INFO]: Redis connecting... 
2026-05-23 18:02:19 [INFO]: Redis connected successfully 
2026-05-23 18:02:19 [INFO]: Redis initialized and connected 
2026-05-23 18:02:19 [INFO]: Redis connected successfully 
2026-05-23 18:02:19 [INFO]: Socket.IO server initialized 
2026-05-23 18:02:19 [INFO]: getting to  port .. 
2026-05-23 18:02:19 [INFO]: Server running on port 3000 
2026-05-23 18:02:49 [INFO]: Firebase Admin SDK initialized successfully 
2026-05-23 18:02:49 [INFO]: ... end of ther server call.. 
2026-05-23 18:02:49 [INFO]: Database pool connected 
2026-05-23 18:02:49 [INFO]: Database extensions initialized 
2026-05-23 18:02:49 [INFO]: Database connected successfully at Sat May 23 2026 18:02:49 GMT+0100 (West Africa Time) 
2026-05-23 18:02:49 [INFO]: Database connected successfully 
2026-05-23 18:02:49 [INFO]: Redis connecting... 
2026-05-23 18:02:49 [INFO]: Redis connected successfully 
2026-05-23 18:02:49 [INFO]: Redis initialized and connected 
2026-05-23 18:02:49 [INFO]: Redis connected successfully 
2026-05-23 18:02:49 [INFO]: Socket.IO server initialized 
2026-05-23 18:02:49 [INFO]: getting to  port .. 
2026-05-23 18:02:49 [INFO]: Server running on port 3000 
2026-05-23 18:03:43 [INFO]: Firebase Admin SDK initialized successfully 
2026-05-23 18:03:43 [INFO]: ... end of ther server call.. 
2026-05-23 18:03:43 [INFO]: Database pool connected 
2026-05-23 18:03:43 [INFO]: Database extensions initialized 
2026-05-23 18:03:43 [INFO]: Database connected successfully at Sat May 23 2026 18:03:43 GMT+0100 (West Africa Time) 
2026-05-23 18:03:43 [INFO]: Database connected successfully 
2026-05-23 18:03:43 [INFO]: Redis connecting... 
2026-05-23 18:03:43 [INFO]: Redis connected successfully 
2026-05-23 18:03:43 [INFO]: Redis initialized and connected 
2026-05-23 18:03:43 [INFO]: Redis connected successfully 
2026-05-23 18:03:43 [INFO]: Socket.IO server initialized 
2026-05-23 18:03:43 [INFO]: getting to  port .. 
2026-05-23 18:03:43 [INFO]: Server running on port 3000 
2026-05-23 18:03:51 [INFO]: Firebase Admin SDK initialized successfully 
2026-05-23 18:03:51 [INFO]: ... end of ther server call.. 
2026-05-23 18:03:51 [INFO]: Database pool connected 
2026-05-23 18:03:52 [INFO]: Database extensions initialized 
2026-05-23 18:03:52 [INFO]: Database connected successfully at Sat May 23 2026 18:03:52 GMT+0100 (West Africa Time) 
2026-05-23 18:03:52 [INFO]: Database connected successfully 
2026-05-23 18:03:52 [INFO]: Redis connecting... 
2026-05-23 18:03:52 [INFO]: Redis connected successfully 
2026-05-23 18:03:52 [INFO]: Redis initialized and connected 
2026-05-23 18:03:52 [INFO]: Redis connected successfully 
2026-05-23 18:03:52 [INFO]: Socket.IO server initialized 
2026-05-23 18:03:52 [INFO]: getting to  port .. 
2026-05-23 18:03:52 [INFO]: Server running on port 3000 
2026-05-23 18:04:09 [INFO]: Firebase Admin SDK initialized successfully 
2026-05-23 18:04:09 [INFO]: ... end of ther server call.. 
2026-05-23 18:04:10 [INFO]: Database pool connected 
2026-05-23 18:04:10 [INFO]: Database extensions initialized 
2026-05-23 18:04:10 [INFO]: Database connected successfully at Sat May 23 2026 18:04:10 GMT+0100 (West Africa Time) 
2026-05-23 18:04:10 [INFO]: Database connected successfully 
2026-05-23 18:04:10 [INFO]: Redis connecting... 
2026-05-23 18:04:10 [INFO]: Redis connected successfully 
2026-05-23 18:04:10 [INFO]: Redis initialized and connected 
2026-05-23 18:04:10 [INFO]: Redis connected successfully 
2026-05-23 18:04:10 [INFO]: Socket.IO server initialized 
2026-05-23 18:04:10 [INFO]: getting to  port .. 
2026-05-23 18:04:10 [INFO]: Server running on port 3000 
2026-05-23 18:04:12 [INFO]: Firebase Admin SDK initialized successfully 
2026-05-23 18:04:12 [INFO]: ... end of ther server call.. 
2026-05-23 18:04:12 [INFO]: Database pool connected 
2026-05-23 18:04:12 [INFO]: Database extensions initialized 
2026-05-23 18:04:12 [INFO]: Database connected successfully at Sat May 23 2026 18:04:12 GMT+0100 (West Africa Time) 
2026-05-23 18:04:12 [INFO]: Database connected successfully 
2026-05-23 18:04:12 [INFO]: Redis connecting... 
2026-05-23 18:04:12 [INFO]: Redis connected successfully 
2026-05-23 18:04:12 [INFO]: Redis initialized and connected 
2026-05-23 18:04:12 [INFO]: Redis connected successfully 
2026-05-23 18:04:12 [INFO]: Socket.IO server initialized 
2026-05-23 18:04:12 [INFO]: getting to  port .. 
2026-05-23 18:04:12 [INFO]: Server running on port 3000 
2026-05-23 18:04:17 [INFO]: Firebase Admin SDK initialized successfully 
2026-05-23 18:04:17 [INFO]: ... end of ther server call.. 
2026-05-23 18:04:17 [INFO]: Database pool connected 
2026-05-23 18:04:17 [INFO]: Database extensions initialized 
2026-05-23 18:04:17 [INFO]: Database connected successfully at Sat May 23 2026 18:04:17 GMT+0100 (West Africa Time) 
2026-05-23 18:04:17 [INFO]: Database connected successfully 
2026-05-23 18:04:17 [INFO]: Redis connecting... 
2026-05-23 18:04:17 [INFO]: Redis connected successfully 
2026-05-23 18:04:17 [INFO]: Redis initialized and connected 
2026-05-23 18:04:17 [INFO]: Redis connected successfully 
2026-05-23 18:04:17 [INFO]: Socket.IO server initialized 
2026-05-23 18:04:17 [INFO]: getting to  port .. 
2026-05-23 18:04:17 [INFO]: Server running on port 3000 
2026-05-23 18:04:18 [INFO]: Firebase Admin SDK initialized successfully 
2026-05-23 18:04:18 [INFO]: ... end of ther server call.. 
2026-05-23 18:04:18 [INFO]: Database pool connected 
2026-05-23 18:04:18 [INFO]: Database extensions initialized 
2026-05-23 18:04:18 [INFO]: Database connected successfully at Sat May 23 2026 18:04:18 GMT+0100 (West Africa Time) 
2026-05-23 18:04:18 [INFO]: Database connected successfully 
2026-05-23 18:04:18 [INFO]: Redis connecting... 
2026-05-23 18:04:18 [INFO]: Redis connected successfully 
2026-05-23 18:04:18 [INFO]: Redis initialized and connected 
2026-05-23 18:04:18 [INFO]: Redis connected successfully 
2026-05-23 18:04:18 [INFO]: Socket.IO server initialized 
2026-05-23 18:04:18 [INFO]: getting to  port .. 
2026-05-23 18:04:18 [INFO]: Server running on port 3000 
2026-05-23 18:04:38 [INFO]: Firebase Admin SDK initialized successfully 
2026-05-23 18:04:39 [INFO]: ... end of ther server call.. 
2026-05-23 18:04:39 [INFO]: Database pool connected 
2026-05-23 18:04:39 [INFO]: Database extensions initialized 
2026-05-23 18:04:39 [INFO]: Database connected successfully at Sat May 23 2026 18:04:39 GMT+0100 (West Africa Time) 
2026-05-23 18:04:39 [INFO]: Database connected successfully 
2026-05-23 18:04:39 [INFO]: Redis connecting... 
2026-05-23 18:04:39 [INFO]: Redis connected successfully 
2026-05-23 18:04:39 [INFO]: Redis initialized and connected 
2026-05-23 18:04:39 [INFO]: Redis connected successfully 
2026-05-23 18:04:39 [INFO]: Socket.IO server initialized 
2026-05-23 18:04:39 [INFO]: getting to  port .. 
2026-05-23 18:04:39 [INFO]: Server running on port 3000 
2026-05-23 18:05:14 [INFO]: Firebase Admin SDK initialized successfully 
2026-05-23 18:05:14 [INFO]: ... end of ther server call.. 
2026-05-23 18:05:14 [INFO]: Database pool connected 
2026-05-23 18:05:14 [INFO]: Database extensions initialized 
2026-05-23 18:05:14 [INFO]: Database connected successfully at Sat May 23 2026 18:05:14 GMT+0100 (West Africa Time) 
2026-05-23 18:05:14 [INFO]: Database connected successfully 
2026-05-23 18:05:14 [INFO]: Redis connecting... 
2026-05-23 18:05:14 [INFO]: Redis connected successfully 
2026-05-23 18:05:14 [INFO]: Redis initialized and connected 
2026-05-23 18:05:14 [INFO]: Redis connected successfully 
2026-05-23 18:05:14 [INFO]: Socket.IO server initialized 
2026-05-23 18:05:14 [INFO]: getting to  port .. 
2026-05-23 18:05:14 [INFO]: Server running on port 3000 
2026-05-23 18:07:00 [INFO]: Firebase Admin SDK initialized successfully 
2026-05-23 18:07:00 [INFO]: ... end of ther server call.. 
2026-05-23 18:07:00 [INFO]: Database pool connected 
2026-05-23 18:07:00 [INFO]: Database extensions initialized 
2026-05-23 18:07:00 [INFO]: Database connected successfully at Sat May 23 2026 18:07:00 GMT+0100 (West Africa Time) 
2026-05-23 18:07:00 [INFO]: Database connected successfully 
2026-05-23 18:07:00 [INFO]: Redis connecting... 
2026-05-23 18:07:00 [INFO]: Redis connected successfully 
2026-05-23 18:07:00 [INFO]: Redis initialized and connected 
2026-05-23 18:07:00 [INFO]: Redis connected successfully 
2026-05-23 18:07:00 [INFO]: Socket.IO server initialized 
2026-05-23 18:07:00 [INFO]: getting to  port .. 
2026-05-23 18:07:00 [INFO]: Server running on port 3000 
2026-05-23 18:07:10 [INFO]: Firebase Admin SDK initialized successfully 
2026-05-23 18:07:11 [INFO]: ... end of ther server call.. 
2026-05-23 18:07:11 [INFO]: Database pool connected 
2026-05-23 18:07:11 [INFO]: Database extensions initialized 
2026-05-23 18:07:11 [INFO]: Database connected successfully at Sat May 23 2026 18:07:11 GMT+0100 (West Africa Time) 
2026-05-23 18:07:11 [INFO]: Database connected successfully 
2026-05-23 18:07:11 [INFO]: Redis connecting... 
2026-05-23 18:07:11 [INFO]: Redis connected successfully 
2026-05-23 18:07:11 [INFO]: Redis initialized and connected 
2026-05-23 18:07:11 [INFO]: Redis connected successfully 
2026-05-23 18:07:11 [INFO]: Socket.IO server initialized 
2026-05-23 18:07:11 [INFO]: getting to  port .. 
2026-05-23 18:07:11 [INFO]: Server running on port 3000 
2026-05-23 18:07:13 [INFO]: Firebase Admin SDK initialized successfully 
2026-05-23 18:07:13 [INFO]: ... end of ther server call.. 
2026-05-23 18:07:14 [INFO]: Database pool connected 
2026-05-23 18:07:14 [INFO]: Database extensions initialized 
2026-05-23 18:07:14 [INFO]: Database connected successfully at Sat May 23 2026 18:07:14 GMT+0100 (West Africa Time) 
2026-05-23 18:07:14 [INFO]: Database connected successfully 
2026-05-23 18:07:14 [INFO]: Redis connecting... 
2026-05-23 18:07:14 [INFO]: Redis connected successfully 
2026-05-23 18:07:14 [INFO]: Redis initialized and connected 
2026-05-23 18:07:14 [INFO]: Redis connected successfully 
2026-05-23 18:07:14 [INFO]: Socket.IO server initialized 
2026-05-23 18:07:14 [INFO]: getting to  port .. 
2026-05-23 18:07:14 [INFO]: Server running on port 3000 
2026-05-23 18:07:21 [INFO]: Firebase Admin SDK initialized successfully 
2026-05-23 18:07:21 [INFO]: ... end of ther server call.. 
2026-05-23 18:07:21 [INFO]: Database pool connected 
2026-05-23 18:07:21 [INFO]: Database extensions initialized 
2026-05-23 18:07:21 [INFO]: Database connected successfully at Sat May 23 2026 18:07:21 GMT+0100 (West Africa Time) 
2026-05-23 18:07:21 [INFO]: Database connected successfully 
2026-05-23 18:07:21 [INFO]: Redis connecting... 
2026-05-23 18:07:21 [INFO]: Redis connected successfully 
2026-05-23 18:07:21 [INFO]: Redis initialized and connected 
2026-05-23 18:07:21 [INFO]: Redis connected successfully 
2026-05-23 18:07:21 [INFO]: Socket.IO server initialized 
2026-05-23 18:07:21 [INFO]: getting to  port .. 
2026-05-23 18:07:21 [INFO]: Server running on port 3000 
2026-05-23 18:12:26 [INFO]: Firebase Admin SDK initialized successfully 
2026-05-23 18:12:26 [INFO]: ... end of ther server call.. 
2026-05-23 18:12:26 [INFO]: Database pool connected 
2026-05-23 18:12:26 [INFO]: Database extensions initialized 
2026-05-23 18:12:26 [INFO]: Database connected successfully at Sat May 23 2026 18:12:26 GMT+0100 (West Africa Time) 
2026-05-23 18:12:26 [INFO]: Database connected successfully 
2026-05-23 18:12:26 [INFO]: Redis connecting... 
2026-05-23 18:12:26 [INFO]: Redis connected successfully 
2026-05-23 18:12:26 [INFO]: Redis initialized and connected 
2026-05-23 18:12:26 [INFO]: Redis connected successfully 
2026-05-23 18:12:26 [INFO]: Socket.IO server initialized 
2026-05-23 18:12:26 [INFO]: getting to  port .. 
2026-05-23 18:12:26 [INFO]: Server running on port 3000 
2026-05-23 18:12:34 [INFO]: Firebase Admin SDK initialized successfully 
2026-05-23 18:12:35 [INFO]: ... end of ther server call.. 
2026-05-23 18:12:35 [INFO]: Database pool connected 
2026-05-23 18:12:35 [INFO]: Database extensions initialized 
2026-05-23 18:12:35 [INFO]: Database connected successfully at Sat May 23 2026 18:12:35 GMT+0100 (West Africa Time) 
2026-05-23 18:12:35 [INFO]: Database connected successfully 
2026-05-23 18:12:35 [INFO]: Redis connecting... 
2026-05-23 18:12:35 [INFO]: Redis connected successfully 
2026-05-23 18:12:35 [INFO]: Redis initialized and connected 
2026-05-23 18:12:35 [INFO]: Redis connected successfully 
2026-05-23 18:12:35 [INFO]: Socket.IO server initialized 
2026-05-23 18:12:35 [INFO]: getting to  port .. 
2026-05-23 18:12:35 [INFO]: Server running on port 3000 
2026-05-23 18:13:31 [INFO]: Firebase Admin SDK initialized successfully 
2026-05-23 18:13:31 [INFO]: ... end of ther server call.. 
2026-05-23 18:13:32 [INFO]: Database pool connected 
2026-05-23 18:13:32 [INFO]: Database extensions initialized 
2026-05-23 18:13:32 [INFO]: Database connected successfully at Sat May 23 2026 18:13:32 GMT+0100 (West Africa Time) 
2026-05-23 18:13:32 [INFO]: Database connected successfully 
2026-05-23 18:13:32 [INFO]: Redis connecting... 
2026-05-23 18:13:32 [INFO]: Redis connected successfully 
2026-05-23 18:13:32 [INFO]: Redis initialized and connected 
2026-05-23 18:13:32 [INFO]: Redis connected successfully 
2026-05-23 18:13:32 [INFO]: Socket.IO server initialized 
2026-05-23 18:13:32 [INFO]: getting to  port .. 
2026-05-23 18:13:32 [INFO]: Server running on port 3000 
2026-05-23 18:13:34 [INFO]: Firebase Admin SDK initialized successfully 
2026-05-23 18:13:34 [INFO]: ... end of ther server call.. 
2026-05-23 18:13:35 [INFO]: Firebase Admin SDK initialized successfully 
2026-05-23 18:13:35 [INFO]: ... end of ther server call.. 
2026-05-23 18:13:35 [INFO]: Database pool connected 
2026-05-23 18:13:35 [INFO]: Database extensions initialized 
2026-05-23 18:13:35 [INFO]: Database connected successfully at Sat May 23 2026 18:13:35 GMT+0100 (West Africa Time) 
2026-05-23 18:13:35 [INFO]: Database connected successfully 
2026-05-23 18:13:35 [INFO]: Redis connecting... 
2026-05-23 18:13:35 [INFO]: Redis connected successfully 
2026-05-23 18:13:35 [INFO]: Redis initialized and connected 
2026-05-23 18:13:35 [INFO]: Redis connected successfully 
2026-05-23 18:13:35 [INFO]: Socket.IO server initialized 
2026-05-23 18:13:35 [INFO]: getting to  port .. 
2026-05-23 18:13:35 [INFO]: Server running on port 3000 
2026-05-23 18:13:37 [INFO]: Firebase Admin SDK initialized successfully 
2026-05-23 18:13:38 [INFO]: ... end of ther server call.. 
2026-05-23 18:13:38 [INFO]: Database pool connected 
2026-05-23 18:13:38 [INFO]: Database extensions initialized 
2026-05-23 18:13:38 [INFO]: Database connected successfully at Sat May 23 2026 18:13:38 GMT+0100 (West Africa Time) 
2026-05-23 18:13:38 [INFO]: Database connected successfully 
2026-05-23 18:13:38 [INFO]: Redis connecting... 
2026-05-23 18:13:38 [INFO]: Redis connected successfully 
2026-05-23 18:13:38 [INFO]: Redis initialized and connected 
2026-05-23 18:13:38 [INFO]: Redis connected successfully 
2026-05-23 18:13:38 [INFO]: Socket.IO server initialized 
2026-05-23 18:13:38 [INFO]: getting to  port .. 
2026-05-23 18:13:38 [INFO]: Server running on port 3000 
2026-05-23 18:13:40 [INFO]: Firebase Admin SDK initialized successfully 
2026-05-23 18:13:41 [INFO]: ... end of ther server call.. 
2026-05-23 18:13:41 [INFO]: Database pool connected 
2026-05-23 18:13:41 [INFO]: Database extensions initialized 
2026-05-23 18:13:41 [INFO]: Database connected successfully at Sat May 23 2026 18:13:41 GMT+0100 (West Africa Time) 
2026-05-23 18:13:41 [INFO]: Database connected successfully 
2026-05-23 18:13:41 [INFO]: Redis connecting... 
2026-05-23 18:13:41 [INFO]: Redis connected successfully 
2026-05-23 18:13:41 [INFO]: Redis initialized and connected 
2026-05-23 18:13:41 [INFO]: Redis connected successfully 
2026-05-23 18:13:41 [INFO]: Socket.IO server initialized 
2026-05-23 18:13:41 [INFO]: getting to  port .. 
2026-05-23 18:13:41 [INFO]: Server running on port 3000 
2026-05-23 18:13:50 [INFO]: Firebase Admin SDK initialized successfully 
2026-05-23 18:13:50 [INFO]: ... end of ther server call.. 
2026-05-23 18:13:50 [INFO]: Database pool connected 
2026-05-23 18:13:50 [INFO]: Database extensions initialized 
2026-05-23 18:13:50 [INFO]: Database connected successfully at Sat May 23 2026 18:13:50 GMT+0100 (West Africa Time) 
2026-05-23 18:13:50 [INFO]: Database connected successfully 
2026-05-23 18:13:50 [INFO]: Redis connecting... 
2026-05-23 18:13:50 [INFO]: Redis connected successfully 
2026-05-23 18:13:50 [INFO]: Redis initialized and connected 
2026-05-23 18:13:50 [INFO]: Redis connected successfully 
2026-05-23 18:13:50 [INFO]: Socket.IO server initialized 
2026-05-23 18:13:50 [INFO]: getting to  port .. 
2026-05-23 18:13:50 [INFO]: Server running on port 3000 
2026-05-23 18:13:53 [INFO]: Firebase Admin SDK initialized successfully 
2026-05-23 18:13:53 [INFO]: ... end of ther server call.. 
2026-05-23 18:13:53 [INFO]: Database pool connected 
2026-05-23 18:13:53 [INFO]: Database extensions initialized 
2026-05-23 18:13:53 [INFO]: Database connected successfully at Sat May 23 2026 18:13:53 GMT+0100 (West Africa Time) 
2026-05-23 18:13:53 [INFO]: Database connected successfully 
2026-05-23 18:13:53 [INFO]: Redis connecting... 
2026-05-23 18:13:53 [INFO]: Redis connected successfully 
2026-05-23 18:13:53 [INFO]: Redis initialized and connected 
2026-05-23 18:13:53 [INFO]: Redis connected successfully 
2026-05-23 18:13:53 [INFO]: Socket.IO server initialized 
2026-05-23 18:13:53 [INFO]: getting to  port .. 
2026-05-23 18:13:53 [INFO]: Server running on port 3000 
2026-05-23 18:13:55 [INFO]: SIGINT received. Starting graceful shutdown... 
2026-05-23 18:14:01 [INFO]: Firebase Admin SDK initialized successfully 
2026-05-23 18:14:01 [INFO]: ... end of ther server call.. 
2026-05-23 18:14:01 [INFO]: Database pool connected 
2026-05-23 18:14:01 [INFO]: Database extensions initialized 
2026-05-23 18:14:01 [INFO]: Database connected successfully at Sat May 23 2026 18:14:01 GMT+0100 (West Africa Time) 
2026-05-23 18:14:01 [INFO]: Database connected successfully 
2026-05-23 18:14:01 [INFO]: Redis connecting... 
2026-05-23 18:14:01 [INFO]: Redis connected successfully 
2026-05-23 18:14:01 [INFO]: Redis initialized and connected 
2026-05-23 18:14:01 [INFO]: Redis connected successfully 
2026-05-23 18:14:01 [INFO]: Socket.IO server initialized 
2026-05-23 18:14:01 [INFO]: getting to  port .. 
2026-05-23 18:14:01 [INFO]: Server running on port 3000 
2026-05-23 18:14:45 [INFO]: Firebase Admin SDK initialized successfully 
2026-05-23 18:14:45 [INFO]: ... end of ther server call.. 
2026-05-23 18:14:45 [INFO]: Database pool connected 
2026-05-23 18:14:45 [INFO]: Database extensions initialized 
2026-05-23 18:14:45 [INFO]: Database connected successfully at Sat May 23 2026 18:14:45 GMT+0100 (West Africa Time) 
2026-05-23 18:14:45 [INFO]: Database connected successfully 
2026-05-23 18:14:45 [INFO]: Redis connecting... 
2026-05-23 18:14:45 [INFO]: Redis connected successfully 
2026-05-23 18:14:45 [INFO]: Redis initialized and connected 
2026-05-23 18:14:45 [INFO]: Redis connected successfully 
2026-05-23 18:14:45 [INFO]: Socket.IO server initialized 
2026-05-23 18:14:45 [INFO]: getting to  port .. 
2026-05-23 18:14:45 [INFO]: Server running on port 3000 
2026-05-23 18:14:55 [INFO]: Firebase Admin SDK initialized successfully 
2026-05-23 18:14:55 [INFO]: ... end of ther server call.. 
2026-05-23 18:14:55 [INFO]: Database pool connected 
2026-05-23 18:14:55 [INFO]: Database extensions initialized 
2026-05-23 18:14:55 [INFO]: Database connected successfully at Sat May 23 2026 18:14:55 GMT+0100 (West Africa Time) 
2026-05-23 18:14:55 [INFO]: Database connected successfully 
2026-05-23 18:14:55 [INFO]: Redis connecting... 
2026-05-23 18:14:55 [INFO]: Redis connected successfully 
2026-05-23 18:14:55 [INFO]: Redis initialized and connected 
2026-05-23 18:14:55 [INFO]: Redis connected successfully 
2026-05-23 18:14:55 [INFO]: Socket.IO server initialized 
2026-05-23 18:14:55 [INFO]: getting to  port .. 
2026-05-23 18:14:55 [INFO]: Server running on port 3000 
2026-05-23 18:14:58 [INFO]: Firebase Admin SDK initialized successfully 
2026-05-23 18:14:58 [INFO]: ... end of ther server call.. 
2026-05-23 18:14:58 [INFO]: Database pool connected 
2026-05-23 18:14:58 [INFO]: Database extensions initialized 
2026-05-23 18:14:58 [INFO]: Database connected successfully at Sat May 23 2026 18:14:58 GMT+0100 (West Africa Time) 
2026-05-23 18:14:58 [INFO]: Database connected successfully 
2026-05-23 18:14:58 [INFO]: Redis connecting... 
2026-05-23 18:14:58 [INFO]: Redis connected successfully 
2026-05-23 18:14:58 [INFO]: Redis initialized and connected 
2026-05-23 18:14:58 [INFO]: Redis connected successfully 
2026-05-23 18:14:58 [INFO]: Socket.IO server initialized 
2026-05-23 18:14:58 [INFO]: getting to  port .. 
2026-05-23 18:14:58 [INFO]: Server running on port 3000 
2026-05-23 18:15:12 [INFO]: Firebase Admin SDK initialized successfully 
2026-05-23 18:15:12 [INFO]: ... end of ther server call.. 
2026-05-23 18:15:12 [INFO]: Database pool connected 
2026-05-23 18:15:12 [INFO]: Database extensions initialized 
2026-05-23 18:15:12 [INFO]: Database connected successfully at Sat May 23 2026 18:15:12 GMT+0100 (West Africa Time) 
2026-05-23 18:15:12 [INFO]: Database connected successfully 
2026-05-23 18:15:12 [INFO]: Redis connecting... 
2026-05-23 18:15:12 [INFO]: Redis connected successfully 
2026-05-23 18:15:12 [INFO]: Redis initialized and connected 
2026-05-23 18:15:12 [INFO]: Redis connected successfully 
2026-05-23 18:15:12 [INFO]: Socket.IO server initialized 
2026-05-23 18:15:12 [INFO]: getting to  port .. 
2026-05-23 18:15:12 [INFO]: Server running on port 3000 
2026-05-23 18:15:19 [INFO]: Firebase Admin SDK initialized successfully 
2026-05-23 18:15:19 [INFO]: ... end of ther server call.. 
2026-05-23 18:15:19 [INFO]: Database pool connected 
2026-05-23 18:15:19 [INFO]: Database extensions initialized 
2026-05-23 18:15:19 [INFO]: Database connected successfully at Sat May 23 2026 18:15:19 GMT+0100 (West Africa Time) 
2026-05-23 18:15:19 [INFO]: Database connected successfully 
2026-05-23 18:15:19 [INFO]: Redis connecting... 
2026-05-23 18:15:19 [INFO]: Redis connected successfully 
2026-05-23 18:15:19 [INFO]: Redis initialized and connected 
2026-05-23 18:15:19 [INFO]: Redis connected successfully 
2026-05-23 18:15:19 [INFO]: Socket.IO server initialized 
2026-05-23 18:15:19 [INFO]: getting to  port .. 
2026-05-23 18:15:19 [INFO]: Server running on port 3000 
2026-05-23 18:15:30 [INFO]: Firebase Admin SDK initialized successfully 
2026-05-23 18:15:31 [INFO]: ... end of ther server call.. 
2026-05-23 18:15:31 [INFO]: Database pool connected 
2026-05-23 18:15:31 [INFO]: Database extensions initialized 
2026-05-23 18:15:31 [INFO]: Database connected successfully at Sat May 23 2026 18:15:31 GMT+0100 (West Africa Time) 
2026-05-23 18:15:31 [INFO]: Database connected successfully 
2026-05-23 18:15:31 [INFO]: Redis connecting... 
2026-05-23 18:15:31 [INFO]: Redis connected successfully 
2026-05-23 18:15:31 [INFO]: Redis initialized and connected 
2026-05-23 18:15:31 [INFO]: Redis connected successfully 
2026-05-23 18:15:31 [INFO]: Socket.IO server initialized 
2026-05-23 18:15:31 [INFO]: getting to  port .. 
2026-05-23 18:15:31 [INFO]: Server running on port 3000 
2026-05-23 18:16:10 [INFO]: Firebase Admin SDK initialized successfully 
2026-05-23 18:16:11 [INFO]: ... end of ther server call.. 
2026-05-23 18:16:11 [INFO]: Database pool connected 
2026-05-23 18:16:11 [INFO]: Database extensions initialized 
2026-05-23 18:16:11 [INFO]: Database connected successfully at Sat May 23 2026 18:16:11 GMT+0100 (West Africa Time) 
2026-05-23 18:16:11 [INFO]: Database connected successfully 
2026-05-23 18:16:11 [INFO]: Redis connecting... 
2026-05-23 18:16:11 [INFO]: Redis connected successfully 
2026-05-23 18:16:11 [INFO]: Redis initialized and connected 
2026-05-23 18:16:11 [INFO]: Redis connected successfully 
2026-05-23 18:16:11 [INFO]: Socket.IO server initialized 
2026-05-23 18:16:11 [INFO]: getting to  port .. 
2026-05-23 18:16:11 [INFO]: Server running on port 3000 
2026-05-23 18:16:32 [INFO]: Firebase Admin SDK initialized successfully 
2026-05-23 18:16:32 [INFO]: ... end of ther server call.. 
2026-05-23 18:16:32 [INFO]: Database pool connected 
2026-05-23 18:16:32 [INFO]: Database extensions initialized 
2026-05-23 18:16:32 [INFO]: Database connected successfully at Sat May 23 2026 18:16:32 GMT+0100 (West Africa Time) 
2026-05-23 18:16:32 [INFO]: Database connected successfully 
2026-05-23 18:16:32 [INFO]: Redis connecting... 
2026-05-23 18:16:32 [INFO]: Redis connected successfully 
2026-05-23 18:16:32 [INFO]: Redis initialized and connected 
2026-05-23 18:16:32 [INFO]: Redis connected successfully 
2026-05-23 18:16:32 [INFO]: Socket.IO server initialized 
2026-05-23 18:16:32 [INFO]: getting to  port .. 
2026-05-23 18:16:32 [INFO]: Server running on port 3000 
2026-05-23 18:16:36 [INFO]: Firebase Admin SDK initialized successfully 
2026-05-23 18:16:37 [INFO]: ... end of ther server call.. 
2026-05-23 18:16:37 [INFO]: Database pool connected 
2026-05-23 18:16:37 [INFO]: Database extensions initialized 
2026-05-23 18:16:37 [INFO]: Database connected successfully at Sat May 23 2026 18:16:37 GMT+0100 (West Africa Time) 
2026-05-23 18:16:37 [INFO]: Database connected successfully 
2026-05-23 18:16:37 [INFO]: Redis connecting... 
2026-05-23 18:16:37 [INFO]: Redis connected successfully 
2026-05-23 18:16:37 [INFO]: Redis initialized and connected 
2026-05-23 18:16:37 [INFO]: Redis connected successfully 
2026-05-23 18:16:37 [INFO]: Socket.IO server initialized 
2026-05-23 18:16:37 [INFO]: getting to  port .. 
2026-05-23 18:16:37 [INFO]: Server running on port 3000 
2026-05-23 18:16:38 [INFO]: Firebase Admin SDK initialized successfully 
2026-05-23 18:16:38 [INFO]: ... end of ther server call.. 
2026-05-23 18:16:38 [INFO]: Database pool connected 
2026-05-23 18:16:38 [INFO]: Database extensions initialized 
2026-05-23 18:16:38 [INFO]: Database connected successfully at Sat May 23 2026 18:16:38 GMT+0100 (West Africa Time) 
2026-05-23 18:16:38 [INFO]: Database connected successfully 
2026-05-23 18:16:38 [INFO]: Redis connecting... 
2026-05-23 18:16:38 [INFO]: Redis connected successfully 
2026-05-23 18:16:38 [INFO]: Redis initialized and connected 
2026-05-23 18:16:38 [INFO]: Redis connected successfully 
2026-05-23 18:16:38 [INFO]: Socket.IO server initialized 
2026-05-23 18:16:38 [INFO]: getting to  port .. 
2026-05-23 18:16:38 [INFO]: Server running on port 3000 
2026-05-23 18:17:01 [INFO]: Firebase Admin SDK initialized successfully 
2026-05-23 18:17:01 [INFO]: ... end of ther server call.. 
2026-05-23 18:17:01 [INFO]: Database pool connected 
2026-05-23 18:17:01 [INFO]: Database extensions initialized 
2026-05-23 18:17:01 [INFO]: Database connected successfully at Sat May 23 2026 18:17:01 GMT+0100 (West Africa Time) 
2026-05-23 18:17:01 [INFO]: Database connected successfully 
2026-05-23 18:17:01 [INFO]: Redis connecting... 
2026-05-23 18:17:01 [INFO]: Redis connected successfully 
2026-05-23 18:17:01 [INFO]: Redis initialized and connected 
2026-05-23 18:17:01 [INFO]: Redis connected successfully 
2026-05-23 18:17:01 [INFO]: Socket.IO server initialized 
2026-05-23 18:17:01 [INFO]: getting to  port .. 
2026-05-23 18:17:01 [INFO]: Server running on port 3000 
2026-05-23 18:17:57 [INFO]: Firebase Admin SDK initialized successfully 
2026-05-23 18:17:57 [INFO]: ... end of ther server call.. 
2026-05-23 18:17:57 [INFO]: Database pool connected 
2026-05-23 18:17:57 [INFO]: Database extensions initialized 
2026-05-23 18:17:57 [INFO]: Database connected successfully at Sat May 23 2026 18:17:57 GMT+0100 (West Africa Time) 
2026-05-23 18:17:57 [INFO]: Database connected successfully 
2026-05-23 18:17:57 [INFO]: Redis connecting... 
2026-05-23 18:17:57 [INFO]: Redis connected successfully 
2026-05-23 18:17:57 [INFO]: Redis initialized and connected 
2026-05-23 18:17:57 [INFO]: Redis connected successfully 
2026-05-23 18:17:57 [INFO]: Socket.IO server initialized 
2026-05-23 18:17:57 [INFO]: getting to  port .. 
2026-05-23 18:17:57 [INFO]: Server running on port 3000 
2026-05-23 18:18:43 [INFO]: Firebase Admin SDK initialized successfully 
2026-05-23 18:18:43 [INFO]: ... end of ther server call.. 
2026-05-23 18:18:43 [INFO]: Database pool connected 
2026-05-23 18:18:43 [INFO]: Database extensions initialized 
2026-05-23 18:18:43 [INFO]: Database connected successfully at Sat May 23 2026 18:18:43 GMT+0100 (West Africa Time) 
2026-05-23 18:18:43 [INFO]: Database connected successfully 
2026-05-23 18:18:43 [INFO]: Redis connecting... 
2026-05-23 18:18:43 [INFO]: Redis connected successfully 
2026-05-23 18:18:43 [INFO]: Redis initialized and connected 
2026-05-23 18:18:43 [INFO]: Redis connected successfully 
2026-05-23 18:18:43 [INFO]: Socket.IO server initialized 
2026-05-23 18:18:43 [INFO]: getting to  port .. 
2026-05-23 18:18:43 [INFO]: Server running on port 3000 
2026-05-23 18:18:49 [INFO]: Firebase Admin SDK initialized successfully 
2026-05-23 18:18:49 [INFO]: ... end of ther server call.. 
2026-05-23 18:18:49 [INFO]: Database pool connected 
2026-05-23 18:18:49 [INFO]: Database extensions initialized 
2026-05-23 18:18:49 [INFO]: Database connected successfully at Sat May 23 2026 18:18:49 GMT+0100 (West Africa Time) 
2026-05-23 18:18:49 [INFO]: Database connected successfully 
2026-05-23 18:18:49 [INFO]: Redis connecting... 
2026-05-23 18:18:49 [INFO]: Redis connected successfully 
2026-05-23 18:18:49 [INFO]: Redis initialized and connected 
2026-05-23 18:18:49 [INFO]: Redis connected successfully 
2026-05-23 18:18:49 [INFO]: Socket.IO server initialized 
2026-05-23 18:18:49 [INFO]: getting to  port .. 
2026-05-23 18:18:49 [INFO]: Server running on port 3000 
2026-05-23 18:18:51 [INFO]: Firebase Admin SDK initialized successfully 
2026-05-23 18:18:51 [INFO]: ... end of ther server call.. 
2026-05-23 18:18:51 [INFO]: Database pool connected 
2026-05-23 18:18:51 [INFO]: Database extensions initialized 
2026-05-23 18:18:51 [INFO]: Database connected successfully at Sat May 23 2026 18:18:51 GMT+0100 (West Africa Time) 
2026-05-23 18:18:51 [INFO]: Database connected successfully 
2026-05-23 18:18:51 [INFO]: Redis connecting... 
2026-05-23 18:18:51 [INFO]: Redis connected successfully 
2026-05-23 18:18:51 [INFO]: Redis initialized and connected 
2026-05-23 18:18:51 [INFO]: Redis connected successfully 
2026-05-23 18:18:51 [INFO]: Socket.IO server initialized 
2026-05-23 18:18:51 [INFO]: getting to  port .. 
2026-05-23 18:18:51 [INFO]: Server running on port 3000 
2026-05-23 18:19:02 [INFO]: Firebase Admin SDK initialized successfully 
2026-05-23 18:19:02 [INFO]: ... end of ther server call.. 
2026-05-23 18:19:02 [INFO]: Database pool connected 
2026-05-23 18:19:02 [INFO]: Database extensions initialized 
2026-05-23 18:19:02 [INFO]: Database connected successfully at Sat May 23 2026 18:19:02 GMT+0100 (West Africa Time) 
2026-05-23 18:19:02 [INFO]: Database connected successfully 
2026-05-23 18:19:02 [INFO]: Redis connecting... 
2026-05-23 18:19:02 [INFO]: Redis connected successfully 
2026-05-23 18:19:02 [INFO]: Redis initialized and connected 
2026-05-23 18:19:02 [INFO]: Redis connected successfully 
2026-05-23 18:19:02 [INFO]: Socket.IO server initialized 
2026-05-23 18:19:02 [INFO]: getting to  port .. 
2026-05-23 18:19:02 [INFO]: Server running on port 3000 
2026-05-23 18:19:03 [INFO]: Firebase Admin SDK initialized successfully 
2026-05-23 18:19:03 [INFO]: ... end of ther server call.. 
2026-05-23 18:19:03 [INFO]: Database pool connected 
2026-05-23 18:19:03 [INFO]: Database extensions initialized 
2026-05-23 18:19:03 [INFO]: Database connected successfully at Sat May 23 2026 18:19:03 GMT+0100 (West Africa Time) 
2026-05-23 18:19:03 [INFO]: Database connected successfully 
2026-05-23 18:19:03 [INFO]: Redis connecting... 
2026-05-23 18:19:03 [INFO]: Redis connected successfully 
2026-05-23 18:19:03 [INFO]: Redis initialized and connected 
2026-05-23 18:19:03 [INFO]: Redis connected successfully 
2026-05-23 18:19:03 [INFO]: Socket.IO server initialized 
2026-05-23 18:19:03 [INFO]: getting to  port .. 
2026-05-23 18:19:03 [INFO]: Server running on port 3000 
2026-05-23 18:19:11 [INFO]: Firebase Admin SDK initialized successfully 
2026-05-23 18:19:11 [INFO]: ... end of ther server call.. 
2026-05-23 18:19:11 [INFO]: Database pool connected 
2026-05-23 18:19:11 [INFO]: Database extensions initialized 
2026-05-23 18:19:11 [INFO]: Database connected successfully at Sat May 23 2026 18:19:11 GMT+0100 (West Africa Time) 
2026-05-23 18:19:11 [INFO]: Database connected successfully 
2026-05-23 18:19:11 [INFO]: Redis connecting... 
2026-05-23 18:19:11 [INFO]: Redis connected successfully 
2026-05-23 18:19:11 [INFO]: Redis initialized and connected 
2026-05-23 18:19:11 [INFO]: Redis connected successfully 
2026-05-23 18:19:11 [INFO]: Socket.IO server initialized 
2026-05-23 18:19:11 [INFO]: getting to  port .. 
2026-05-23 18:19:11 [INFO]: Server running on port 3000 
2026-05-23 18:19:13 [INFO]: Firebase Admin SDK initialized successfully 
2026-05-23 18:19:13 [INFO]: ... end of ther server call.. 
2026-05-23 18:19:13 [INFO]: Database pool connected 
2026-05-23 18:19:13 [INFO]: Database extensions initialized 
2026-05-23 18:19:13 [INFO]: Database connected successfully at Sat May 23 2026 18:19:13 GMT+0100 (West Africa Time) 
2026-05-23 18:19:13 [INFO]: Database connected successfully 
2026-05-23 18:19:13 [INFO]: Redis connecting... 
2026-05-23 18:19:13 [INFO]: Redis connected successfully 
2026-05-23 18:19:13 [INFO]: Redis initialized and connected 
2026-05-23 18:19:13 [INFO]: Redis connected successfully 
2026-05-23 18:19:13 [INFO]: Socket.IO server initialized 
2026-05-23 18:19:13 [INFO]: getting to  port .. 
2026-05-23 18:19:13 [INFO]: Server running on port 3000 
2026-05-23 18:19:15 [INFO]: Firebase Admin SDK initialized successfully 
2026-05-23 18:19:15 [INFO]: ... end of ther server call.. 
2026-05-23 18:19:15 [INFO]: Database pool connected 
2026-05-23 18:19:15 [INFO]: Database extensions initialized 
2026-05-23 18:19:15 [INFO]: Database connected successfully at Sat May 23 2026 18:19:15 GMT+0100 (West Africa Time) 
2026-05-23 18:19:15 [INFO]: Database connected successfully 
2026-05-23 18:19:15 [INFO]: Redis connecting... 
2026-05-23 18:19:15 [INFO]: Redis connected successfully 
2026-05-23 18:19:15 [INFO]: Redis initialized and connected 
2026-05-23 18:19:15 [INFO]: Redis connected successfully 
2026-05-23 18:19:15 [INFO]: Socket.IO server initialized 
2026-05-23 18:19:15 [INFO]: getting to  port .. 
2026-05-23 18:19:15 [INFO]: Server running on port 3000 
2026-05-23 18:19:54 [INFO]: Firebase Admin SDK initialized successfully 
2026-05-23 18:19:54 [INFO]: ... end of ther server call.. 
2026-05-23 18:19:54 [INFO]: Database pool connected 
2026-05-23 18:19:54 [INFO]: Database extensions initialized 
2026-05-23 18:19:54 [INFO]: Database connected successfully at Sat May 23 2026 18:19:54 GMT+0100 (West Africa Time) 
2026-05-23 18:19:54 [INFO]: Database connected successfully 
2026-05-23 18:19:54 [INFO]: Redis connecting... 
2026-05-23 18:19:54 [INFO]: Redis connected successfully 
2026-05-23 18:19:54 [INFO]: Redis initialized and connected 
2026-05-23 18:19:54 [INFO]: Redis connected successfully 
2026-05-23 18:19:54 [INFO]: Socket.IO server initialized 
2026-05-23 18:19:54 [INFO]: getting to  port .. 
2026-05-23 18:19:54 [INFO]: Server running on port 3000 
2026-05-23 18:20:26 [INFO]: Firebase Admin SDK initialized successfully 
2026-05-23 18:20:26 [INFO]: ... end of ther server call.. 
2026-05-23 18:20:26 [INFO]: Database pool connected 
2026-05-23 18:20:26 [INFO]: Database extensions initialized 
2026-05-23 18:20:26 [INFO]: Database connected successfully at Sat May 23 2026 18:20:26 GMT+0100 (West Africa Time) 
2026-05-23 18:20:26 [INFO]: Database connected successfully 
2026-05-23 18:20:26 [INFO]: Redis connecting... 
2026-05-23 18:20:26 [INFO]: Redis connected successfully 
2026-05-23 18:20:26 [INFO]: Redis initialized and connected 
2026-05-23 18:20:26 [INFO]: Redis connected successfully 
2026-05-23 18:20:26 [INFO]: Socket.IO server initialized 
2026-05-23 18:20:26 [INFO]: getting to  port .. 
2026-05-23 18:20:26 [INFO]: Server running on port 3000 
2026-05-23 18:20:31 [INFO]: Firebase Admin SDK initialized successfully 
2026-05-23 18:20:31 [INFO]: ... end of ther server call.. 
2026-05-23 18:20:31 [INFO]: Database pool connected 
2026-05-23 18:20:31 [INFO]: Database extensions initialized 
2026-05-23 18:20:31 [INFO]: Database connected successfully at Sat May 23 2026 18:20:31 GMT+0100 (West Africa Time) 
2026-05-23 18:20:31 [INFO]: Database connected successfully 
2026-05-23 18:20:31 [INFO]: Redis connecting... 
2026-05-23 18:20:31 [INFO]: Redis connected successfully 
2026-05-23 18:20:31 [INFO]: Redis initialized and connected 
2026-05-23 18:20:31 [INFO]: Redis connected successfully 
2026-05-23 18:20:31 [INFO]: Socket.IO server initialized 
2026-05-23 18:20:31 [INFO]: getting to  port .. 
2026-05-23 18:20:31 [INFO]: Server running on port 3000 
2026-05-23 18:23:40 [INFO]: Firebase Admin SDK initialized successfully 
2026-05-23 18:23:40 [INFO]: ... end of ther server call.. 
2026-05-23 18:23:40 [INFO]: Database pool connected 
2026-05-23 18:23:40 [INFO]: Database extensions initialized 
2026-05-23 18:23:40 [INFO]: Database connected successfully at Sat May 23 2026 18:23:40 GMT+0100 (West Africa Time) 
2026-05-23 18:23:40 [INFO]: Database connected successfully 
2026-05-23 18:23:40 [INFO]: Redis connecting... 
2026-05-23 18:23:40 [INFO]: Redis connected successfully 
2026-05-23 18:23:40 [INFO]: Redis initialized and connected 
2026-05-23 18:23:40 [INFO]: Redis connected successfully 
2026-05-23 18:23:40 [INFO]: Socket.IO server initialized 
2026-05-23 18:23:40 [INFO]: getting to  port .. 
2026-05-23 18:23:40 [INFO]: Server running on port 3000 
2026-05-23 18:23:58 [INFO]: Firebase Admin SDK initialized successfully 
2026-05-23 18:23:58 [INFO]: ... end of ther server call.. 
2026-05-23 18:23:58 [INFO]: Database pool connected 
2026-05-23 18:23:58 [INFO]: Database extensions initialized 
2026-05-23 18:23:58 [INFO]: Database connected successfully at Sat May 23 2026 18:23:58 GMT+0100 (West Africa Time) 
2026-05-23 18:23:58 [INFO]: Database connected successfully 
2026-05-23 18:23:58 [INFO]: Redis connecting... 
2026-05-23 18:23:58 [INFO]: Redis connected successfully 
2026-05-23 18:23:58 [INFO]: Redis initialized and connected 
2026-05-23 18:23:58 [INFO]: Redis connected successfully 
2026-05-23 18:23:58 [INFO]: Socket.IO server initialized 
2026-05-23 18:23:58 [INFO]: getting to  port .. 
2026-05-23 18:23:58 [INFO]: Server running on port 3000 
2026-05-23 18:24:40 [INFO]: Firebase Admin SDK initialized successfully 
2026-05-23 18:24:41 [INFO]: ... end of ther server call.. 
2026-05-23 18:24:41 [INFO]: Database pool connected 
2026-05-23 18:24:41 [INFO]: Database extensions initialized 
2026-05-23 18:24:41 [INFO]: Database connected successfully at Sat May 23 2026 18:24:41 GMT+0100 (West Africa Time) 
2026-05-23 18:24:41 [INFO]: Database connected successfully 
2026-05-23 18:24:41 [INFO]: Redis connecting... 
2026-05-23 18:24:41 [INFO]: Redis connected successfully 
2026-05-23 18:24:41 [INFO]: Redis initialized and connected 
2026-05-23 18:24:41 [INFO]: Redis connected successfully 
2026-05-23 18:24:41 [INFO]: Socket.IO server initialized 
2026-05-23 18:24:41 [INFO]: getting to  port .. 
2026-05-23 18:24:41 [INFO]: Server running on port 3000 
2026-05-23 18:24:47 [INFO]: Firebase Admin SDK initialized successfully 
2026-05-23 18:24:47 [INFO]: ... end of ther server call.. 
2026-05-23 18:24:47 [INFO]: Database pool connected 
2026-05-23 18:24:47 [INFO]: Database extensions initialized 
2026-05-23 18:24:47 [INFO]: Database connected successfully at Sat May 23 2026 18:24:47 GMT+0100 (West Africa Time) 
2026-05-23 18:24:47 [INFO]: Database connected successfully 
2026-05-23 18:24:47 [INFO]: Redis connecting... 
2026-05-23 18:24:47 [INFO]: Redis connected successfully 
2026-05-23 18:24:47 [INFO]: Redis initialized and connected 
2026-05-23 18:24:47 [INFO]: Redis connected successfully 
2026-05-23 18:24:47 [INFO]: Socket.IO server initialized 
2026-05-23 18:24:47 [INFO]: getting to  port .. 
2026-05-23 18:24:47 [INFO]: Server running on port 3000 
2026-05-23 18:24:48 [INFO]: Firebase Admin SDK initialized successfully 
2026-05-23 18:24:49 [INFO]: ... end of ther server call.. 
2026-05-23 18:24:49 [INFO]: Database pool connected 
2026-05-23 18:24:49 [INFO]: Database extensions initialized 
2026-05-23 18:24:49 [INFO]: Database connected successfully at Sat May 23 2026 18:24:49 GMT+0100 (West Africa Time) 
2026-05-23 18:24:49 [INFO]: Database connected successfully 
2026-05-23 18:24:49 [INFO]: Redis connecting... 
2026-05-23 18:24:49 [INFO]: Redis connected successfully 
2026-05-23 18:24:49 [INFO]: Redis initialized and connected 
2026-05-23 18:24:49 [INFO]: Redis connected successfully 
2026-05-23 18:24:49 [INFO]: Socket.IO server initialized 
2026-05-23 18:24:49 [INFO]: getting to  port .. 
2026-05-23 18:24:49 [INFO]: Server running on port 3000 
2026-05-23 18:24:58 [INFO]: Firebase Admin SDK initialized successfully 
2026-05-23 18:24:58 [INFO]: ... end of ther server call.. 
2026-05-23 18:24:58 [INFO]: Database pool connected 
2026-05-23 18:24:58 [INFO]: Database extensions initialized 
2026-05-23 18:24:58 [INFO]: Database connected successfully at Sat May 23 2026 18:24:58 GMT+0100 (West Africa Time) 
2026-05-23 18:24:58 [INFO]: Database connected successfully 
2026-05-23 18:24:58 [INFO]: Redis connecting... 
2026-05-23 18:24:58 [INFO]: Redis connected successfully 
2026-05-23 18:24:58 [INFO]: Redis initialized and connected 
2026-05-23 18:24:58 [INFO]: Redis connected successfully 
2026-05-23 18:24:58 [INFO]: Socket.IO server initialized 
2026-05-23 18:24:58 [INFO]: getting to  port .. 
2026-05-23 18:24:58 [INFO]: Server running on port 3000 
2026-05-23 18:30:26 [INFO]: Firebase Admin SDK initialized successfully 
2026-05-23 18:30:26 [INFO]: ... end of ther server call.. 
2026-05-23 18:30:26 [INFO]: Database pool connected 
2026-05-23 18:30:26 [INFO]: Database extensions initialized 
2026-05-23 18:30:26 [INFO]: Database connected successfully at Sat May 23 2026 18:30:26 GMT+0100 (West Africa Time) 
2026-05-23 18:30:26 [INFO]: Database connected successfully 
2026-05-23 18:30:26 [INFO]: Redis connecting... 
2026-05-23 18:30:26 [INFO]: Redis connected successfully 
2026-05-23 18:30:26 [INFO]: Redis initialized and connected 
2026-05-23 18:30:26 [INFO]: Redis connected successfully 
2026-05-23 18:30:26 [INFO]: Socket.IO server initialized 
2026-05-23 18:30:26 [INFO]: getting to  port .. 
2026-05-23 18:30:26 [INFO]: Server running on port 3000 
2026-05-23 18:30:32 [INFO]: Firebase Admin SDK initialized successfully 
2026-05-23 18:30:32 [INFO]: ... end of ther server call.. 
2026-05-23 18:30:32 [INFO]: Database pool connected 
2026-05-23 18:30:32 [INFO]: Database extensions initialized 
2026-05-23 18:30:32 [INFO]: Database connected successfully at Sat May 23 2026 18:30:32 GMT+0100 (West Africa Time) 
2026-05-23 18:30:32 [INFO]: Database connected successfully 
2026-05-23 18:30:32 [INFO]: Redis connecting... 
2026-05-23 18:30:32 [INFO]: Redis connected successfully 
2026-05-23 18:30:32 [INFO]: Redis initialized and connected 
2026-05-23 18:30:32 [INFO]: Redis connected successfully 
2026-05-23 18:30:32 [INFO]: Socket.IO server initialized 
2026-05-23 18:30:32 [INFO]: getting to  port .. 
2026-05-23 18:30:32 [INFO]: Server running on port 3000 
2026-05-23 18:30:37 [INFO]: Firebase Admin SDK initialized successfully 
2026-05-23 18:30:38 [INFO]: ... end of ther server call.. 
2026-05-23 18:30:38 [INFO]: Database pool connected 
2026-05-23 18:30:38 [INFO]: Database extensions initialized 
2026-05-23 18:30:38 [INFO]: Database connected successfully at Sat May 23 2026 18:30:38 GMT+0100 (West Africa Time) 
2026-05-23 18:30:38 [INFO]: Database connected successfully 
2026-05-23 18:30:38 [INFO]: Redis connecting... 
2026-05-23 18:30:38 [INFO]: Redis connected successfully 
2026-05-23 18:30:38 [INFO]: Redis initialized and connected 
2026-05-23 18:30:38 [INFO]: Redis connected successfully 
2026-05-23 18:30:38 [INFO]: Socket.IO server initialized 
2026-05-23 18:30:38 [INFO]: getting to  port .. 
2026-05-23 18:30:38 [INFO]: Server running on port 3000 
2026-05-23 18:30:41 [INFO]: Firebase Admin SDK initialized successfully 
2026-05-23 18:30:41 [INFO]: ... end of ther server call.. 
2026-05-23 18:30:41 [INFO]: Database pool connected 
2026-05-23 18:30:41 [INFO]: Database extensions initialized 
2026-05-23 18:30:41 [INFO]: Database connected successfully at Sat May 23 2026 18:30:41 GMT+0100 (West Africa Time) 
2026-05-23 18:30:41 [INFO]: Database connected successfully 
2026-05-23 18:30:41 [INFO]: Redis connecting... 
2026-05-23 18:30:41 [INFO]: Redis connected successfully 
2026-05-23 18:30:41 [INFO]: Redis initialized and connected 
2026-05-23 18:30:41 [INFO]: Redis connected successfully 
2026-05-23 18:30:41 [INFO]: Socket.IO server initialized 
2026-05-23 18:30:41 [INFO]: getting to  port .. 
2026-05-23 18:30:41 [INFO]: Server running on port 3000 
2026-05-23 18:31:33 [INFO]: Firebase Admin SDK initialized successfully 
2026-05-23 18:31:34 [INFO]: ... end of ther server call.. 
2026-05-23 18:31:34 [INFO]: Database pool connected 
2026-05-23 18:31:34 [INFO]: Database extensions initialized 
2026-05-23 18:31:34 [INFO]: Database connected successfully at Sat May 23 2026 18:31:34 GMT+0100 (West Africa Time) 
2026-05-23 18:31:34 [INFO]: Database connected successfully 
2026-05-23 18:31:34 [INFO]: Redis connecting... 
2026-05-23 18:31:34 [INFO]: Redis connected successfully 
2026-05-23 18:31:34 [INFO]: Redis initialized and connected 
2026-05-23 18:31:34 [INFO]: Redis connected successfully 
2026-05-23 18:31:34 [INFO]: Socket.IO server initialized 
2026-05-23 18:31:34 [INFO]: getting to  port .. 
2026-05-23 18:31:34 [INFO]: Server running on port 3000 
2026-05-23 18:31:53 [INFO]: Firebase Admin SDK initialized successfully 
2026-05-23 18:31:53 [INFO]: ... end of ther server call.. 
2026-05-23 18:31:53 [INFO]: Database pool connected 
2026-05-23 18:31:53 [INFO]: Database extensions initialized 
2026-05-23 18:31:53 [INFO]: Database connected successfully at Sat May 23 2026 18:31:53 GMT+0100 (West Africa Time) 
2026-05-23 18:31:53 [INFO]: Database connected successfully 
2026-05-23 18:31:53 [INFO]: Redis connecting... 
2026-05-23 18:31:53 [INFO]: Redis connected successfully 
2026-05-23 18:31:53 [INFO]: Redis initialized and connected 
2026-05-23 18:31:53 [INFO]: Redis connected successfully 
2026-05-23 18:31:53 [INFO]: Socket.IO server initialized 
2026-05-23 18:31:53 [INFO]: getting to  port .. 
2026-05-23 18:31:53 [INFO]: Server running on port 3000 
2026-05-23 18:32:01 [INFO]: Firebase Admin SDK initialized successfully 
2026-05-23 18:32:02 [INFO]: ... end of ther server call.. 
2026-05-23 18:32:02 [INFO]: Database pool connected 
2026-05-23 18:32:02 [INFO]: Database extensions initialized 
2026-05-23 18:32:02 [INFO]: Database connected successfully at Sat May 23 2026 18:32:02 GMT+0100 (West Africa Time) 
2026-05-23 18:32:02 [INFO]: Database connected successfully 
2026-05-23 18:32:02 [INFO]: Redis connecting... 
2026-05-23 18:32:02 [INFO]: Redis connected successfully 
2026-05-23 18:32:02 [INFO]: Redis initialized and connected 
2026-05-23 18:32:02 [INFO]: Redis connected successfully 
2026-05-23 18:32:02 [INFO]: Socket.IO server initialized 
2026-05-23 18:32:02 [INFO]: getting to  port .. 
2026-05-23 18:32:02 [INFO]: Server running on port 3000 
2026-05-23 18:32:21 [INFO]: Firebase Admin SDK initialized successfully 
2026-05-23 18:32:21 [INFO]: ... end of ther server call.. 
2026-05-23 18:32:21 [INFO]: Database pool connected 
2026-05-23 18:32:21 [INFO]: Database extensions initialized 
2026-05-23 18:32:21 [INFO]: Database connected successfully at Sat May 23 2026 18:32:21 GMT+0100 (West Africa Time) 
2026-05-23 18:32:21 [INFO]: Database connected successfully 
2026-05-23 18:32:21 [INFO]: Redis connecting... 
2026-05-23 18:32:21 [INFO]: Redis connected successfully 
2026-05-23 18:32:21 [INFO]: Redis initialized and connected 
2026-05-23 18:32:21 [INFO]: Redis connected successfully 
2026-05-23 18:32:21 [INFO]: Socket.IO server initialized 
2026-05-23 18:32:21 [INFO]: getting to  port .. 
2026-05-23 18:32:21 [INFO]: Server running on port 3000 
2026-05-23 18:33:21 [INFO]: Firebase Admin SDK initialized successfully 
2026-05-23 18:33:22 [INFO]: ... end of ther server call.. 
2026-05-23 18:33:22 [INFO]: Database pool connected 
2026-05-23 18:33:22 [INFO]: Database extensions initialized 
2026-05-23 18:33:22 [INFO]: Database connected successfully at Sat May 23 2026 18:33:22 GMT+0100 (West Africa Time) 
2026-05-23 18:33:22 [INFO]: Database connected successfully 
2026-05-23 18:33:22 [INFO]: Redis connecting... 
2026-05-23 18:33:22 [INFO]: Redis connected successfully 
2026-05-23 18:33:22 [INFO]: Redis initialized and connected 
2026-05-23 18:33:22 [INFO]: Redis connected successfully 
2026-05-23 18:33:22 [INFO]: Socket.IO server initialized 
2026-05-23 18:33:22 [INFO]: getting to  port .. 
2026-05-23 18:33:22 [INFO]: Server running on port 3000 
2026-05-23 18:33:31 [INFO]: Firebase Admin SDK initialized successfully 
2026-05-23 18:33:32 [INFO]: ... end of ther server call.. 
2026-05-23 18:33:32 [INFO]: Database pool connected 
2026-05-23 18:33:32 [INFO]: Database extensions initialized 
2026-05-23 18:33:32 [INFO]: Database connected successfully at Sat May 23 2026 18:33:32 GMT+0100 (West Africa Time) 
2026-05-23 18:33:32 [INFO]: Database connected successfully 
2026-05-23 18:33:32 [INFO]: Redis connecting... 
2026-05-23 18:33:32 [INFO]: Redis connected successfully 
2026-05-23 18:33:32 [INFO]: Redis initialized and connected 
2026-05-23 18:33:32 [INFO]: Redis connected successfully 
2026-05-23 18:33:32 [INFO]: Socket.IO server initialized 
2026-05-23 18:33:32 [INFO]: getting to  port .. 
2026-05-23 18:33:32 [INFO]: Server running on port 3000 
2026-05-23 18:33:34 [INFO]: Firebase Admin SDK initialized successfully 
2026-05-23 18:33:34 [INFO]: ... end of ther server call.. 
2026-05-23 18:33:34 [INFO]: Database pool connected 
2026-05-23 18:33:34 [INFO]: Database extensions initialized 
2026-05-23 18:33:34 [INFO]: Database connected successfully at Sat May 23 2026 18:33:34 GMT+0100 (West Africa Time) 
2026-05-23 18:33:34 [INFO]: Database connected successfully 
2026-05-23 18:33:34 [INFO]: Redis connecting... 
2026-05-23 18:33:34 [INFO]: Redis connected successfully 
2026-05-23 18:33:34 [INFO]: Redis initialized and connected 
2026-05-23 18:33:34 [INFO]: Redis connected successfully 
2026-05-23 18:33:34 [INFO]: Socket.IO server initialized 
2026-05-23 18:33:34 [INFO]: getting to  port .. 
2026-05-23 18:33:34 [INFO]: Server running on port 3000 
2026-05-23 18:33:36 [INFO]: Firebase Admin SDK initialized successfully 
2026-05-23 18:33:37 [INFO]: ... end of ther server call.. 
2026-05-23 18:33:37 [INFO]: Database pool connected 
2026-05-23 18:33:37 [INFO]: Database extensions initialized 
2026-05-23 18:33:37 [INFO]: Database connected successfully at Sat May 23 2026 18:33:37 GMT+0100 (West Africa Time) 
2026-05-23 18:33:37 [INFO]: Database connected successfully 
2026-05-23 18:33:37 [INFO]: Redis connecting... 
2026-05-23 18:33:37 [INFO]: Redis connected successfully 
2026-05-23 18:33:37 [INFO]: Redis initialized and connected 
2026-05-23 18:33:37 [INFO]: Redis connected successfully 
2026-05-23 18:33:37 [INFO]: Socket.IO server initialized 
2026-05-23 18:33:37 [INFO]: getting to  port .. 
2026-05-23 18:33:37 [INFO]: Server running on port 3000 
2026-05-23 18:33:38 [INFO]: Firebase Admin SDK initialized successfully 
2026-05-23 18:33:38 [INFO]: ... end of ther server call.. 
2026-05-23 18:33:38 [INFO]: Database pool connected 
2026-05-23 18:33:38 [INFO]: Database extensions initialized 
2026-05-23 18:33:38 [INFO]: Database connected successfully at Sat May 23 2026 18:33:38 GMT+0100 (West Africa Time) 
2026-05-23 18:33:38 [INFO]: Database connected successfully 
2026-05-23 18:33:38 [INFO]: Redis connecting... 
2026-05-23 18:33:38 [INFO]: Redis connected successfully 
2026-05-23 18:33:38 [INFO]: Redis initialized and connected 
2026-05-23 18:33:38 [INFO]: Redis connected successfully 
2026-05-23 18:33:38 [INFO]: Socket.IO server initialized 
2026-05-23 18:33:38 [INFO]: getting to  port .. 
2026-05-23 18:33:38 [INFO]: Server running on port 3000 
2026-05-23 18:33:51 [INFO]: Firebase Admin SDK initialized successfully 
2026-05-23 18:33:52 [INFO]: ... end of ther server call.. 
2026-05-23 18:33:52 [INFO]: Database pool connected 
2026-05-23 18:33:52 [INFO]: Database extensions initialized 
2026-05-23 18:33:52 [INFO]: Database connected successfully at Sat May 23 2026 18:33:52 GMT+0100 (West Africa Time) 
2026-05-23 18:33:52 [INFO]: Database connected successfully 
2026-05-23 18:33:52 [INFO]: Redis connecting... 
2026-05-23 18:33:52 [INFO]: Redis connected successfully 
2026-05-23 18:33:52 [INFO]: Redis initialized and connected 
2026-05-23 18:33:52 [INFO]: Redis connected successfully 
2026-05-23 18:33:52 [INFO]: Socket.IO server initialized 
2026-05-23 18:33:52 [INFO]: getting to  port .. 
2026-05-23 18:33:52 [INFO]: Server running on port 3000 
2026-05-23 18:33:54 [INFO]: Firebase Admin SDK initialized successfully 
2026-05-23 18:33:54 [INFO]: ... end of ther server call.. 
2026-05-23 18:33:54 [INFO]: Database pool connected 
2026-05-23 18:33:54 [INFO]: Database extensions initialized 
2026-05-23 18:33:54 [INFO]: Database connected successfully at Sat May 23 2026 18:33:54 GMT+0100 (West Africa Time) 
2026-05-23 18:33:54 [INFO]: Database connected successfully 
2026-05-23 18:33:54 [INFO]: Redis connecting... 
2026-05-23 18:33:54 [INFO]: Redis connected successfully 
2026-05-23 18:33:54 [INFO]: Redis initialized and connected 
2026-05-23 18:33:54 [INFO]: Redis connected successfully 
2026-05-23 18:33:54 [INFO]: Socket.IO server initialized 
2026-05-23 18:33:54 [INFO]: getting to  port .. 
2026-05-23 18:33:54 [INFO]: Server running on port 3000 
2026-05-23 18:34:05 [INFO]: Firebase Admin SDK initialized successfully 
2026-05-23 18:34:05 [INFO]: ... end of ther server call.. 
2026-05-23 18:34:05 [INFO]: Database pool connected 
2026-05-23 18:34:05 [INFO]: Database extensions initialized 
2026-05-23 18:34:05 [INFO]: Database connected successfully at Sat May 23 2026 18:34:05 GMT+0100 (West Africa Time) 
2026-05-23 18:34:05 [INFO]: Database connected successfully 
2026-05-23 18:34:05 [INFO]: Redis connecting... 
2026-05-23 18:34:05 [INFO]: Redis connected successfully 
2026-05-23 18:34:05 [INFO]: Redis initialized and connected 
2026-05-23 18:34:05 [INFO]: Redis connected successfully 
2026-05-23 18:34:05 [INFO]: Socket.IO server initialized 
2026-05-23 18:34:05 [INFO]: getting to  port .. 
2026-05-23 18:34:05 [INFO]: Server running on port 3000 
2026-05-23 18:34:20 [INFO]: Firebase Admin SDK initialized successfully 
2026-05-23 18:34:20 [INFO]: ... end of ther server call.. 
2026-05-23 18:34:20 [INFO]: Database pool connected 
2026-05-23 18:34:20 [INFO]: Database extensions initialized 
2026-05-23 18:34:20 [INFO]: Database connected successfully at Sat May 23 2026 18:34:20 GMT+0100 (West Africa Time) 
2026-05-23 18:34:20 [INFO]: Database connected successfully 
2026-05-23 18:34:20 [INFO]: Redis connecting... 
2026-05-23 18:34:20 [INFO]: Redis connected successfully 
2026-05-23 18:34:20 [INFO]: Redis initialized and connected 
2026-05-23 18:34:20 [INFO]: Redis connected successfully 
2026-05-23 18:34:20 [INFO]: Socket.IO server initialized 
2026-05-23 18:34:20 [INFO]: getting to  port .. 
2026-05-23 18:34:20 [INFO]: Server running on port 3000 
2026-05-23 18:34:30 [INFO]: Firebase Admin SDK initialized successfully 
2026-05-23 18:34:31 [INFO]: ... end of ther server call.. 
2026-05-23 18:34:31 [INFO]: Database pool connected 
2026-05-23 18:34:31 [INFO]: Database extensions initialized 
2026-05-23 18:34:31 [INFO]: Database connected successfully at Sat May 23 2026 18:34:31 GMT+0100 (West Africa Time) 
2026-05-23 18:34:31 [INFO]: Database connected successfully 
2026-05-23 18:34:31 [INFO]: Redis connecting... 
2026-05-23 18:34:31 [INFO]: Redis connected successfully 
2026-05-23 18:34:31 [INFO]: Redis initialized and connected 
2026-05-23 18:34:31 [INFO]: Redis connected successfully 
2026-05-23 18:34:31 [INFO]: Socket.IO server initialized 
2026-05-23 18:34:31 [INFO]: getting to  port .. 
2026-05-23 18:34:31 [INFO]: Server running on port 3000 
2026-05-23 18:35:22 [INFO]: Firebase Admin SDK initialized successfully 
2026-05-23 18:35:22 [INFO]: ... end of ther server call.. 
2026-05-23 18:35:22 [INFO]: Database pool connected 
2026-05-23 18:35:22 [INFO]: Database extensions initialized 
2026-05-23 18:35:22 [INFO]: Database connected successfully at Sat May 23 2026 18:35:22 GMT+0100 (West Africa Time) 
2026-05-23 18:35:22 [INFO]: Database connected successfully 
2026-05-23 18:35:22 [INFO]: Redis connecting... 
2026-05-23 18:35:22 [INFO]: Redis connected successfully 
2026-05-23 18:35:22 [INFO]: Redis initialized and connected 
2026-05-23 18:35:22 [INFO]: Redis connected successfully 
2026-05-23 18:35:22 [INFO]: Socket.IO server initialized 
2026-05-23 18:35:22 [INFO]: getting to  port .. 
2026-05-23 18:35:22 [INFO]: Server running on port 3000 
2026-05-23 18:35:25 [INFO]: Firebase Admin SDK initialized successfully 
2026-05-23 18:35:25 [INFO]: ... end of ther server call.. 
2026-05-23 18:35:25 [INFO]: Database pool connected 
2026-05-23 18:35:25 [INFO]: Database extensions initialized 
2026-05-23 18:35:25 [INFO]: Database connected successfully at Sat May 23 2026 18:35:25 GMT+0100 (West Africa Time) 
2026-05-23 18:35:25 [INFO]: Database connected successfully 
2026-05-23 18:35:25 [INFO]: Redis connecting... 
2026-05-23 18:35:25 [INFO]: Redis connected successfully 
2026-05-23 18:35:25 [INFO]: Redis initialized and connected 
2026-05-23 18:35:25 [INFO]: Redis connected successfully 
2026-05-23 18:35:25 [INFO]: Socket.IO server initialized 
2026-05-23 18:35:25 [INFO]: getting to  port .. 
2026-05-23 18:35:25 [INFO]: Server running on port 3000 
2026-05-23 18:35:47 [INFO]: Firebase Admin SDK initialized successfully 
2026-05-23 18:35:47 [INFO]: ... end of ther server call.. 
2026-05-23 18:35:47 [INFO]: Database pool connected 
2026-05-23 18:35:47 [INFO]: Database extensions initialized 
2026-05-23 18:35:47 [INFO]: Database connected successfully at Sat May 23 2026 18:35:47 GMT+0100 (West Africa Time) 
2026-05-23 18:35:47 [INFO]: Database connected successfully 
2026-05-23 18:35:47 [INFO]: Redis connecting... 
2026-05-23 18:35:47 [INFO]: Redis connected successfully 
2026-05-23 18:35:47 [INFO]: Redis initialized and connected 
2026-05-23 18:35:47 [INFO]: Redis connected successfully 
2026-05-23 18:35:47 [INFO]: Socket.IO server initialized 
2026-05-23 18:35:47 [INFO]: getting to  port .. 
2026-05-23 18:35:47 [INFO]: Server running on port 3000 
2026-05-23 18:48:30 [INFO]: Firebase Admin SDK initialized successfully 
2026-05-23 18:48:30 [INFO]: ... end of ther server call.. 
2026-05-23 18:48:30 [INFO]: Database pool connected 
2026-05-23 18:48:30 [INFO]: Database extensions initialized 
2026-05-23 18:48:30 [INFO]: Database connected successfully at Sat May 23 2026 18:48:30 GMT+0100 (West Africa Time) 
2026-05-23 18:48:30 [INFO]: Database connected successfully 
2026-05-23 18:48:30 [INFO]: Redis connecting... 
2026-05-23 18:48:30 [INFO]: Redis connected successfully 
2026-05-23 18:48:30 [INFO]: Redis initialized and connected 
2026-05-23 18:48:30 [INFO]: Redis connected successfully 
2026-05-23 18:48:30 [INFO]: Socket.IO server initialized 
2026-05-23 18:48:30 [INFO]: getting to  port .. 
2026-05-23 18:48:30 [INFO]: Server running on port 3000 
2026-05-23 18:48:36 [INFO]: Firebase Admin SDK initialized successfully 
2026-05-23 18:48:36 [INFO]: ... end of ther server call.. 
2026-05-23 18:48:36 [INFO]: Database pool connected 
2026-05-23 18:48:36 [INFO]: Database extensions initialized 
2026-05-23 18:48:36 [INFO]: Database connected successfully at Sat May 23 2026 18:48:36 GMT+0100 (West Africa Time) 
2026-05-23 18:48:36 [INFO]: Database connected successfully 
2026-05-23 18:48:36 [INFO]: Redis connecting... 
2026-05-23 18:48:36 [INFO]: Redis connected successfully 
2026-05-23 18:48:36 [INFO]: Redis initialized and connected 
2026-05-23 18:48:36 [INFO]: Redis connected successfully 
2026-05-23 18:48:36 [INFO]: Socket.IO server initialized 
2026-05-23 18:48:36 [INFO]: getting to  port .. 
2026-05-23 18:48:36 [INFO]: Server running on port 3000 
2026-05-23 18:48:47 [INFO]: Firebase Admin SDK initialized successfully 
2026-05-23 18:48:48 [INFO]: ... end of ther server call.. 
2026-05-23 18:48:48 [INFO]: Database pool connected 
2026-05-23 18:48:48 [INFO]: Database extensions initialized 
2026-05-23 18:48:48 [INFO]: Database connected successfully at Sat May 23 2026 18:48:48 GMT+0100 (West Africa Time) 
2026-05-23 18:48:48 [INFO]: Database connected successfully 
2026-05-23 18:48:48 [INFO]: Redis connecting... 
2026-05-23 18:48:48 [INFO]: Redis connected successfully 
2026-05-23 18:48:48 [INFO]: Redis initialized and connected 
2026-05-23 18:48:48 [INFO]: Redis connected successfully 
2026-05-23 18:48:48 [INFO]: Socket.IO server initialized 
2026-05-23 18:48:48 [INFO]: getting to  port .. 
2026-05-23 18:48:48 [INFO]: Server running on port 3000 
2026-05-23 18:48:49 [INFO]: Firebase Admin SDK initialized successfully 
2026-05-23 18:48:50 [INFO]: ... end of ther server call.. 
2026-05-23 18:48:50 [INFO]: Database pool connected 
2026-05-23 18:48:50 [INFO]: Database extensions initialized 
2026-05-23 18:48:50 [INFO]: Database connected successfully at Sat May 23 2026 18:48:50 GMT+0100 (West Africa Time) 
2026-05-23 18:48:50 [INFO]: Database connected successfully 
2026-05-23 18:48:50 [INFO]: Redis connecting... 
2026-05-23 18:48:50 [INFO]: Redis connected successfully 
2026-05-23 18:48:50 [INFO]: Redis initialized and connected 
2026-05-23 18:48:50 [INFO]: Redis connected successfully 
2026-05-23 18:48:50 [INFO]: Socket.IO server initialized 
2026-05-23 18:48:50 [INFO]: getting to  port .. 
2026-05-23 18:48:50 [INFO]: Server running on port 3000 
2026-05-23 18:48:55 [INFO]: Firebase Admin SDK initialized successfully 
2026-05-23 18:48:56 [INFO]: ... end of ther server call.. 
2026-05-23 18:48:56 [INFO]: Database pool connected 
2026-05-23 18:48:56 [INFO]: Database extensions initialized 
2026-05-23 18:48:56 [INFO]: Database connected successfully at Sat May 23 2026 18:48:56 GMT+0100 (West Africa Time) 
2026-05-23 18:48:56 [INFO]: Database connected successfully 
2026-05-23 18:48:56 [INFO]: Redis connecting... 
2026-05-23 18:48:56 [INFO]: Redis connected successfully 
2026-05-23 18:48:56 [INFO]: Redis initialized and connected 
2026-05-23 18:48:56 [INFO]: Redis connected successfully 
2026-05-23 18:48:56 [INFO]: Socket.IO server initialized 
2026-05-23 18:48:56 [INFO]: getting to  port .. 
2026-05-23 18:48:56 [INFO]: Server running on port 3000 
2026-05-23 18:49:49 [INFO]: Firebase Admin SDK initialized successfully 
2026-05-23 18:49:49 [INFO]: ... end of ther server call.. 
2026-05-23 18:49:49 [INFO]: Database pool connected 
2026-05-23 18:49:49 [INFO]: Database extensions initialized 
2026-05-23 18:49:49 [INFO]: Database connected successfully at Sat May 23 2026 18:49:49 GMT+0100 (West Africa Time) 
2026-05-23 18:49:49 [INFO]: Database connected successfully 
2026-05-23 18:49:49 [INFO]: Redis connecting... 
2026-05-23 18:49:49 [INFO]: Redis connected successfully 
2026-05-23 18:49:49 [INFO]: Redis initialized and connected 
2026-05-23 18:49:49 [INFO]: Redis connected successfully 
2026-05-23 18:49:49 [INFO]: Socket.IO server initialized 
2026-05-23 18:49:49 [INFO]: getting to  port .. 
2026-05-23 18:49:49 [INFO]: Server running on port 3000 
2026-05-23 18:49:54 [INFO]: Firebase Admin SDK initialized successfully 
2026-05-23 18:49:55 [INFO]: ... end of ther server call.. 
2026-05-23 18:49:55 [INFO]: Database pool connected 
2026-05-23 18:49:55 [INFO]: Database extensions initialized 
2026-05-23 18:49:55 [INFO]: Database connected successfully at Sat May 23 2026 18:49:55 GMT+0100 (West Africa Time) 
2026-05-23 18:49:55 [INFO]: Database connected successfully 
2026-05-23 18:49:55 [INFO]: Redis connecting... 
2026-05-23 18:49:55 [INFO]: Redis connected successfully 
2026-05-23 18:49:55 [INFO]: Redis initialized and connected 
2026-05-23 18:49:55 [INFO]: Redis connected successfully 
2026-05-23 18:49:55 [INFO]: Socket.IO server initialized 
2026-05-23 18:49:55 [INFO]: getting to  port .. 
2026-05-23 18:49:55 [INFO]: Server running on port 3000 
2026-05-23 18:50:06 [INFO]: Firebase Admin SDK initialized successfully 
2026-05-23 18:50:07 [INFO]: ... end of ther server call.. 
2026-05-23 18:50:07 [INFO]: Database pool connected 
2026-05-23 18:50:07 [INFO]: Database extensions initialized 
2026-05-23 18:50:07 [INFO]: Database connected successfully at Sat May 23 2026 18:50:07 GMT+0100 (West Africa Time) 
2026-05-23 18:50:07 [INFO]: Database connected successfully 
2026-05-23 18:50:07 [INFO]: Redis connecting... 
2026-05-23 18:50:07 [INFO]: Redis connected successfully 
2026-05-23 18:50:07 [INFO]: Redis initialized and connected 
2026-05-23 18:50:07 [INFO]: Redis connected successfully 
2026-05-23 18:50:07 [INFO]: Socket.IO server initialized 
2026-05-23 18:50:07 [INFO]: getting to  port .. 
2026-05-23 18:50:07 [INFO]: Server running on port 3000 
2026-05-23 18:51:15 [INFO]: Firebase Admin SDK initialized successfully 
2026-05-23 18:51:16 [INFO]: ... end of ther server call.. 
2026-05-23 18:51:16 [INFO]: Database pool connected 
2026-05-23 18:51:16 [INFO]: Database extensions initialized 
2026-05-23 18:51:16 [INFO]: Database connected successfully at Sat May 23 2026 18:51:16 GMT+0100 (West Africa Time) 
2026-05-23 18:51:16 [INFO]: Database connected successfully 
2026-05-23 18:51:16 [INFO]: Redis connecting... 
2026-05-23 18:51:16 [INFO]: Redis connected successfully 
2026-05-23 18:51:16 [INFO]: Redis initialized and connected 
2026-05-23 18:51:16 [INFO]: Redis connected successfully 
2026-05-23 18:51:16 [INFO]: Socket.IO server initialized 
2026-05-23 18:51:16 [INFO]: getting to  port .. 
2026-05-23 18:51:16 [INFO]: Server running on port 3000 
2026-05-23 18:55:50 [INFO]: Firebase Admin SDK initialized successfully 
2026-05-23 18:55:50 [INFO]: ... end of ther server call.. 
2026-05-23 18:55:50 [INFO]: Database pool connected 
2026-05-23 18:55:50 [INFO]: Database extensions initialized 
2026-05-23 18:55:50 [INFO]: Database connected successfully at Sat May 23 2026 18:55:50 GMT+0100 (West Africa Time) 
2026-05-23 18:55:50 [INFO]: Database connected successfully 
2026-05-23 18:55:50 [INFO]: Redis connecting... 
2026-05-23 18:55:50 [INFO]: Redis connected successfully 
2026-05-23 18:55:50 [INFO]: Redis initialized and connected 
2026-05-23 18:55:50 [INFO]: Redis connected successfully 
2026-05-23 18:55:50 [INFO]: Socket.IO server initialized 
2026-05-23 18:55:50 [INFO]: getting to  port .. 
2026-05-23 18:55:50 [INFO]: Server running on port 3000 
2026-05-23 18:56:01 [INFO]: Firebase Admin SDK initialized successfully 
2026-05-23 18:56:02 [INFO]: ... end of ther server call.. 
2026-05-23 18:56:02 [INFO]: Database pool connected 
2026-05-23 18:56:02 [INFO]: Database extensions initialized 
2026-05-23 18:56:02 [INFO]: Database connected successfully at Sat May 23 2026 18:56:02 GMT+0100 (West Africa Time) 
2026-05-23 18:56:02 [INFO]: Database connected successfully 
2026-05-23 18:56:02 [INFO]: Redis connecting... 
2026-05-23 18:56:02 [INFO]: Redis connected successfully 
2026-05-23 18:56:02 [INFO]: Redis initialized and connected 
2026-05-23 18:56:02 [INFO]: Redis connected successfully 
2026-05-23 18:56:02 [INFO]: Socket.IO server initialized 
2026-05-23 18:56:02 [INFO]: getting to  port .. 
2026-05-23 18:56:02 [INFO]: Server running on port 3000 
2026-05-23 18:56:13 [INFO]: Firebase Admin SDK initialized successfully 
2026-05-23 18:56:13 [INFO]: ... end of ther server call.. 
2026-05-23 18:56:14 [INFO]: Database pool connected 
2026-05-23 18:56:14 [INFO]: Database extensions initialized 
2026-05-23 18:56:14 [INFO]: Database connected successfully at Sat May 23 2026 18:56:14 GMT+0100 (West Africa Time) 
2026-05-23 18:56:14 [INFO]: Database connected successfully 
2026-05-23 18:56:14 [INFO]: Redis connecting... 
2026-05-23 18:56:14 [INFO]: Redis connected successfully 
2026-05-23 18:56:14 [INFO]: Redis initialized and connected 
2026-05-23 18:56:14 [INFO]: Redis connected successfully 
2026-05-23 18:56:14 [INFO]: Socket.IO server initialized 
2026-05-23 18:56:14 [INFO]: getting to  port .. 
2026-05-23 18:56:14 [INFO]: Server running on port 3000 
2026-05-23 18:56:16 [INFO]: Firebase Admin SDK initialized successfully 
2026-05-23 18:56:16 [INFO]: ... end of ther server call.. 
2026-05-23 18:56:16 [INFO]: Database pool connected 
2026-05-23 18:56:16 [INFO]: Database extensions initialized 
2026-05-23 18:56:16 [INFO]: Database connected successfully at Sat May 23 2026 18:56:16 GMT+0100 (West Africa Time) 
2026-05-23 18:56:16 [INFO]: Database connected successfully 
2026-05-23 18:56:16 [INFO]: Redis connecting... 
2026-05-23 18:56:16 [INFO]: Redis connected successfully 
2026-05-23 18:56:16 [INFO]: Redis initialized and connected 
2026-05-23 18:56:16 [INFO]: Redis connected successfully 
2026-05-23 18:56:16 [INFO]: Socket.IO server initialized 
2026-05-23 18:56:16 [INFO]: getting to  port .. 
2026-05-23 18:56:16 [INFO]: Server running on port 3000 
2026-05-23 18:56:18 [INFO]: Firebase Admin SDK initialized successfully 
2026-05-23 18:56:19 [INFO]: ... end of ther server call.. 
2026-05-23 18:56:19 [INFO]: Database pool connected 
2026-05-23 18:56:19 [INFO]: Database extensions initialized 
2026-05-23 18:56:19 [INFO]: Database connected successfully at Sat May 23 2026 18:56:19 GMT+0100 (West Africa Time) 
2026-05-23 18:56:19 [INFO]: Database connected successfully 
2026-05-23 18:56:19 [INFO]: Redis connecting... 
2026-05-23 18:56:19 [INFO]: Redis connected successfully 
2026-05-23 18:56:19 [INFO]: Redis initialized and connected 
2026-05-23 18:56:19 [INFO]: Redis connected successfully 
2026-05-23 18:56:19 [INFO]: Socket.IO server initialized 
2026-05-23 18:56:19 [INFO]: getting to  port .. 
2026-05-23 18:56:19 [INFO]: Server running on port 3000 
2026-05-23 18:57:52 [INFO]: Firebase Admin SDK initialized successfully 
2026-05-23 18:57:52 [INFO]: ... end of ther server call.. 
2026-05-23 18:57:52 [INFO]: Database pool connected 
2026-05-23 18:57:52 [INFO]: Database extensions initialized 
2026-05-23 18:57:52 [INFO]: Database connected successfully at Sat May 23 2026 18:57:52 GMT+0100 (West Africa Time) 
2026-05-23 18:57:52 [INFO]: Database connected successfully 
2026-05-23 18:57:52 [INFO]: Redis connecting... 
2026-05-23 18:57:52 [INFO]: Redis connected successfully 
2026-05-23 18:57:52 [INFO]: Redis initialized and connected 
2026-05-23 18:57:52 [INFO]: Redis connected successfully 
2026-05-23 18:57:52 [INFO]: Socket.IO server initialized 
2026-05-23 18:57:52 [INFO]: getting to  port .. 
2026-05-23 18:57:52 [INFO]: Server running on port 3000 
2026-05-23 19:04:25 [INFO]: Firebase Admin SDK initialized successfully 
2026-05-23 19:04:26 [INFO]: ... end of ther server call.. 
2026-05-23 19:04:26 [INFO]: Database pool connected 
2026-05-23 19:04:26 [INFO]: Database extensions initialized 
2026-05-23 19:04:26 [INFO]: Database connected successfully at Sat May 23 2026 19:04:26 GMT+0100 (West Africa Time) 
2026-05-23 19:04:26 [INFO]: Database connected successfully 
2026-05-23 19:04:26 [INFO]: Redis connecting... 
2026-05-23 19:04:26 [INFO]: Redis connected successfully 
2026-05-23 19:04:26 [INFO]: Redis initialized and connected 
2026-05-23 19:04:26 [INFO]: Redis connected successfully 
2026-05-23 19:04:26 [INFO]: Socket.IO server initialized 
2026-05-23 19:04:26 [INFO]: getting to  port .. 
2026-05-23 19:04:26 [INFO]: Server running on port 3000 
2026-05-23 19:04:29 [INFO]: Firebase Admin SDK initialized successfully 
2026-05-23 19:04:30 [INFO]: ... end of ther server call.. 
2026-05-23 19:04:30 [INFO]: Database pool connected 
2026-05-23 19:04:30 [INFO]: Database extensions initialized 
2026-05-23 19:04:30 [INFO]: Database connected successfully at Sat May 23 2026 19:04:30 GMT+0100 (West Africa Time) 
2026-05-23 19:04:30 [INFO]: Database connected successfully 
2026-05-23 19:04:30 [INFO]: Redis connecting... 
2026-05-23 19:04:30 [INFO]: Redis connected successfully 
2026-05-23 19:04:30 [INFO]: Redis initialized and connected 
2026-05-23 19:04:30 [INFO]: Redis connected successfully 
2026-05-23 19:04:30 [INFO]: Socket.IO server initialized 
2026-05-23 19:04:30 [INFO]: getting to  port .. 
2026-05-23 19:04:30 [INFO]: Server running on port 3000 
2026-05-23 19:05:11 [INFO]: Email sent to adebisiphilip@gmail.com: Verify Your Email 
2026-05-23 19:05:11 [INFO]: SMS sent to +2348322688674: Your verification code is: 447162. This code expires in 10 minutes. 
2026-05-23 19:05:11 [INFO]: New client registered: adebisiphilip@gmail.com 
2026-05-23 19:05:11 [INFO]: profile:  {"user_id":"72d1c7c7-b06d-4400-a149-cf4531f18c07","full_legal_name":"Ade Paul","nin":"1234567890","street_address":"12, Lagos street","service_address":"64, Ibadan road","verification_documents":{"ninPhoto":"https://beaverworks.net/uploads/nin-photos/1637036e-84bd-4521-bffe-2c32a4d3c4ab.jpeg"},"created_at":"2026-05-23T18:05:09.921Z"}
2026-05-23 19:09:37 [INFO]: Firebase Admin SDK initialized successfully 
2026-05-23 19:09:39 [INFO]: ... end of ther server call.. 
2026-05-23 19:09:39 [INFO]: Database pool connected 
2026-05-23 19:09:39 [INFO]: Database extensions initialized 
2026-05-23 19:09:39 [INFO]: Database connected successfully at Sat May 23 2026 19:09:39 GMT+0100 (West Africa Time) 
2026-05-23 19:09:39 [INFO]: Database connected successfully 
2026-05-23 19:09:39 [INFO]: Redis connecting... 
2026-05-23 19:09:39 [INFO]: Redis connected successfully 
2026-05-23 19:09:39 [INFO]: Redis initialized and connected 
2026-05-23 19:09:39 [INFO]: Redis connected successfully 
2026-05-23 19:09:39 [INFO]: Socket.IO server initialized 
2026-05-23 19:09:39 [INFO]: getting to  port .. 
2026-05-23 19:09:39 [INFO]: Server running on port 3000 
2026-05-23 19:15:19 [INFO]: Firebase Admin SDK initialized successfully 
2026-05-23 19:15:19 [INFO]: ... end of ther server call.. 
2026-05-23 19:15:19 [INFO]: Database pool connected 
2026-05-23 19:15:19 [INFO]: Database extensions initialized 
2026-05-23 19:15:19 [INFO]: Database connected successfully at Sat May 23 2026 19:15:19 GMT+0100 (West Africa Time) 
2026-05-23 19:15:19 [INFO]: Database connected successfully 
2026-05-23 19:15:19 [INFO]: Redis connecting... 
2026-05-23 19:15:19 [INFO]: Redis connected successfully 
2026-05-23 19:15:19 [INFO]: Redis initialized and connected 
2026-05-23 19:15:19 [INFO]: Redis connected successfully 
2026-05-23 19:15:19 [INFO]: Socket.IO server initialized 
2026-05-23 19:15:19 [INFO]: getting to  port .. 
2026-05-23 19:15:19 [INFO]: Server running on port 3000 
2026-05-23 19:15:20 [INFO]: Firebase Admin SDK initialized successfully 
2026-05-23 19:15:20 [INFO]: ... end of ther server call.. 
2026-05-23 19:15:20 [INFO]: Database pool connected 
2026-05-23 19:15:20 [INFO]: Database extensions initialized 
2026-05-23 19:15:20 [INFO]: Database connected successfully at Sat May 23 2026 19:15:20 GMT+0100 (West Africa Time) 
2026-05-23 19:15:20 [INFO]: Database connected successfully 
2026-05-23 19:15:20 [INFO]: Redis connecting... 
2026-05-23 19:15:21 [INFO]: Redis connected successfully 
2026-05-23 19:15:21 [INFO]: Redis initialized and connected 
2026-05-23 19:15:21 [INFO]: Redis connected successfully 
2026-05-23 19:15:21 [INFO]: Socket.IO server initialized 
2026-05-23 19:15:21 [INFO]: getting to  port .. 
2026-05-23 19:15:21 [INFO]: Server running on port 3000 
2026-05-23 19:15:26 [INFO]: Firebase Admin SDK initialized successfully 
2026-05-23 19:15:26 [INFO]: ... end of ther server call.. 
2026-05-23 19:15:26 [INFO]: Database pool connected 
2026-05-23 19:15:26 [INFO]: Database extensions initialized 
2026-05-23 19:15:26 [INFO]: Database connected successfully at Sat May 23 2026 19:15:26 GMT+0100 (West Africa Time) 
2026-05-23 19:15:26 [INFO]: Database connected successfully 
2026-05-23 19:15:26 [INFO]: Redis connecting... 
2026-05-23 19:15:26 [INFO]: Redis connected successfully 
2026-05-23 19:15:26 [INFO]: Redis initialized and connected 
2026-05-23 19:15:26 [INFO]: Redis connected successfully 
2026-05-23 19:15:26 [INFO]: Socket.IO server initialized 
2026-05-23 19:15:26 [INFO]: getting to  port .. 
2026-05-23 19:15:26 [INFO]: Server running on port 3000 
2026-05-23 19:15:30 [INFO]: Firebase Admin SDK initialized successfully 
2026-05-23 19:15:30 [INFO]: ... end of ther server call.. 
2026-05-23 19:15:30 [INFO]: Database pool connected 
2026-05-23 19:15:30 [INFO]: Database extensions initialized 
2026-05-23 19:15:30 [INFO]: Database connected successfully at Sat May 23 2026 19:15:30 GMT+0100 (West Africa Time) 
2026-05-23 19:15:30 [INFO]: Database connected successfully 
2026-05-23 19:15:30 [INFO]: Redis connecting... 
2026-05-23 19:15:30 [INFO]: Redis connected successfully 
2026-05-23 19:15:30 [INFO]: Redis initialized and connected 
2026-05-23 19:15:30 [INFO]: Redis connected successfully 
2026-05-23 19:15:31 [INFO]: Socket.IO server initialized 
2026-05-23 19:15:31 [INFO]: getting to  port .. 
2026-05-23 19:15:31 [INFO]: Server running on port 3000 
2026-05-23 19:15:32 [INFO]: Firebase Admin SDK initialized successfully 
2026-05-23 19:15:32 [INFO]: ... end of ther server call.. 
2026-05-23 19:15:32 [INFO]: Database pool connected 
2026-05-23 19:15:32 [INFO]: Database extensions initialized 
2026-05-23 19:15:32 [INFO]: Database connected successfully at Sat May 23 2026 19:15:32 GMT+0100 (West Africa Time) 
2026-05-23 19:15:32 [INFO]: Database connected successfully 
2026-05-23 19:15:32 [INFO]: Redis connecting... 
2026-05-23 19:15:32 [INFO]: Redis connected successfully 
2026-05-23 19:15:32 [INFO]: Redis initialized and connected 
2026-05-23 19:15:32 [INFO]: Redis connected successfully 
2026-05-23 19:15:32 [INFO]: Socket.IO server initialized 
2026-05-23 19:15:32 [INFO]: getting to  port .. 
2026-05-23 19:15:32 [INFO]: Server running on port 3000 
2026-05-23 19:17:01 [INFO]: Database pool connected 
2026-05-23 19:17:01 [INFO]: Test environment - Email OTP for debisiphilip@gmail.com: 800003 
2026-05-23 19:17:01 [INFO]: Test environment - Phone OTP for +2348522688674: 715544 
2026-05-23 19:17:01 [INFO]: New client registered: debisiphilip@gmail.com 
2026-05-23 19:17:01 [INFO]: profile:  {"user_id":"79f6a5e0-fa36-4382-b1e6-005e3da0b2f7","full_legal_name":"Ade Paul","nin":"1234567890","street_address":"12, Lagos street","service_address":"64, Ibadan road","verification_documents":{"ninPhoto":"https://beaverworks.net/uploads/nin-photos/38a33c5f-8062-4ef1-81d5-de3d3f2a72a2.jpeg"},"created_at":"2026-05-23T18:17:01.048Z"}
2026-05-23 19:19:46 [INFO]: Firebase Admin SDK initialized successfully 
2026-05-23 19:19:47 [INFO]: ... end of ther server call.. 
2026-05-23 19:19:47 [INFO]: Database pool connected 
2026-05-23 19:19:47 [INFO]: Database extensions initialized 
2026-05-23 19:19:47 [INFO]: Database connected successfully at Sat May 23 2026 19:19:47 GMT+0100 (West Africa Time) 
2026-05-23 19:19:47 [INFO]: Database connected successfully 
2026-05-23 19:19:47 [INFO]: Redis connecting... 
2026-05-23 19:19:47 [INFO]: Redis connected successfully 
2026-05-23 19:19:47 [INFO]: Redis initialized and connected 
2026-05-23 19:19:47 [INFO]: Redis connected successfully 
2026-05-23 19:19:47 [INFO]: Socket.IO server initialized 
2026-05-23 19:19:47 [INFO]: getting to  port .. 
2026-05-23 19:19:47 [INFO]: Server running on port 3000 
2026-05-23 19:19:48 [INFO]: Firebase Admin SDK initialized successfully 
2026-05-23 19:19:48 [INFO]: ... end of ther server call.. 
2026-05-23 19:19:48 [INFO]: Database pool connected 
2026-05-23 19:19:48 [INFO]: Database extensions initialized 
2026-05-23 19:19:48 [INFO]: Database connected successfully at Sat May 23 2026 19:19:48 GMT+0100 (West Africa Time) 
2026-05-23 19:19:48 [INFO]: Database connected successfully 
2026-05-23 19:19:48 [INFO]: Redis connecting... 
2026-05-23 19:19:48 [INFO]: Redis connected successfully 
2026-05-23 19:19:48 [INFO]: Redis initialized and connected 
2026-05-23 19:19:48 [INFO]: Redis connected successfully 
2026-05-23 19:19:48 [INFO]: Socket.IO server initialized 
2026-05-23 19:19:48 [INFO]: getting to  port .. 
2026-05-23 19:19:48 [INFO]: Server running on port 3000 
2026-05-23 19:20:07 [INFO]: Email sent to ebisiphilip@gmail.com: Verify Your Email 
2026-05-23 19:20:07 [INFO]: SMS sent to +2348722688674: Your verification code is: 252149. This code expires in 10 minutes. 
2026-05-23 19:20:07 [INFO]: New client registered: ebisiphilip@gmail.com 
2026-05-23 19:20:07 [INFO]: profile:  {"user_id":"02788b7c-a820-47c9-ad91-35eea7962a2f","full_legal_name":"Ade Paul","nin":"1234567890","street_address":"12, Lagos street","service_address":"64, Ibadan road","verification_documents":{"ninPhoto":"https://beaverworks.net/uploads/nin-photos/bb121302-d50a-4ed3-a245-d2580f4c46b2.jpeg"},"created_at":"2026-05-23T18:20:06.826Z"}
2026-05-23 19:23:38 [INFO]: Firebase Admin SDK initialized successfully 
2026-05-23 19:23:38 [INFO]: ... end of ther server call.. 
2026-05-23 19:23:38 [INFO]: Database pool connected 
2026-05-23 19:23:38 [INFO]: Database extensions initialized 
2026-05-23 19:23:38 [INFO]: Database connected successfully at Sat May 23 2026 19:23:38 GMT+0100 (West Africa Time) 
2026-05-23 19:23:38 [INFO]: Database connected successfully 
2026-05-23 19:23:38 [INFO]: Redis connecting... 
2026-05-23 19:23:38 [INFO]: Redis connected successfully 
2026-05-23 19:23:38 [INFO]: Redis initialized and connected 
2026-05-23 19:23:38 [INFO]: Redis connected successfully 
2026-05-23 19:23:38 [INFO]: Socket.IO server initialized 
2026-05-23 19:23:38 [INFO]: getting to  port .. 
2026-05-23 19:23:38 [INFO]: Server running on port 3000 
2026-05-23 19:24:15 [INFO]: Firebase Admin SDK initialized successfully 
2026-05-23 19:24:16 [INFO]: ... end of ther server call.. 
2026-05-23 19:24:16 [INFO]: Database pool connected 
2026-05-23 19:24:16 [INFO]: Database extensions initialized 
2026-05-23 19:24:16 [INFO]: Database connected successfully at Sat May 23 2026 19:24:16 GMT+0100 (West Africa Time) 
2026-05-23 19:24:16 [INFO]: Database connected successfully 
2026-05-23 19:24:16 [INFO]: Redis connecting... 
2026-05-23 19:24:16 [INFO]: Redis connected successfully 
2026-05-23 19:24:16 [INFO]: Redis initialized and connected 
2026-05-23 19:24:16 [INFO]: Redis connected successfully 
2026-05-23 19:24:16 [INFO]: Socket.IO server initialized 
2026-05-23 19:24:16 [INFO]: getting to  port .. 
2026-05-23 19:24:16 [INFO]: Server running on port 3000 
2026-05-23 19:24:20 [INFO]: Firebase Admin SDK initialized successfully 
2026-05-23 19:24:21 [INFO]: ... end of ther server call.. 
2026-05-23 19:24:21 [INFO]: Database pool connected 
2026-05-23 19:24:21 [INFO]: Database extensions initialized 
2026-05-23 19:24:21 [INFO]: Database connected successfully at Sat May 23 2026 19:24:21 GMT+0100 (West Africa Time) 
2026-05-23 19:24:21 [INFO]: Database connected successfully 
2026-05-23 19:24:21 [INFO]: Redis connecting... 
2026-05-23 19:24:21 [INFO]: Redis connected successfully 
2026-05-23 19:24:21 [INFO]: Redis initialized and connected 
2026-05-23 19:24:21 [INFO]: Redis connected successfully 
2026-05-23 19:24:21 [INFO]: Socket.IO server initialized 
2026-05-23 19:24:21 [INFO]: getting to  port .. 
2026-05-23 19:24:21 [INFO]: Server running on port 3000 
2026-05-23 19:26:41 [INFO]: Firebase Admin SDK initialized successfully 
2026-05-23 19:26:41 [INFO]: ... end of ther server call.. 
2026-05-23 19:26:41 [INFO]: Database pool connected 
2026-05-23 19:26:41 [INFO]: Database extensions initialized 
2026-05-23 19:26:41 [INFO]: Database connected successfully at Sat May 23 2026 19:26:41 GMT+0100 (West Africa Time) 
2026-05-23 19:26:41 [INFO]: Database connected successfully 
2026-05-23 19:26:41 [INFO]: Redis connecting... 
2026-05-23 19:26:41 [INFO]: Redis connected successfully 
2026-05-23 19:26:41 [INFO]: Redis initialized and connected 
2026-05-23 19:26:41 [INFO]: Redis connected successfully 
2026-05-23 19:26:41 [INFO]: Socket.IO server initialized 
2026-05-23 19:26:41 [INFO]: getting to  port .. 
2026-05-23 19:26:41 [INFO]: Server running on port 3000 
2026-05-23 19:26:42 [INFO]: Firebase Admin SDK initialized successfully 
2026-05-23 19:26:43 [INFO]: ... end of ther server call.. 
2026-05-23 19:26:43 [INFO]: Database pool connected 
2026-05-23 19:26:43 [INFO]: Database extensions initialized 
2026-05-23 19:26:43 [INFO]: Database connected successfully at Sat May 23 2026 19:26:43 GMT+0100 (West Africa Time) 
2026-05-23 19:26:43 [INFO]: Database connected successfully 
2026-05-23 19:26:43 [INFO]: Redis connecting... 
2026-05-23 19:26:43 [INFO]: Redis connected successfully 
2026-05-23 19:26:43 [INFO]: Redis initialized and connected 
2026-05-23 19:26:43 [INFO]: Redis connected successfully 
2026-05-23 19:26:43 [INFO]: Socket.IO server initialized 
2026-05-23 19:26:43 [INFO]: getting to  port .. 
2026-05-23 19:26:43 [INFO]: Server running on port 3000 
2026-05-23 19:26:53 [INFO]: Firebase Admin SDK initialized successfully 
2026-05-23 19:26:53 [INFO]: ... end of ther server call.. 
2026-05-23 19:26:53 [INFO]: Database pool connected 
2026-05-23 19:26:53 [INFO]: Database extensions initialized 
2026-05-23 19:26:53 [INFO]: Database connected successfully at Sat May 23 2026 19:26:53 GMT+0100 (West Africa Time) 
2026-05-23 19:26:53 [INFO]: Database connected successfully 
2026-05-23 19:26:53 [INFO]: Redis connecting... 
2026-05-23 19:26:53 [INFO]: Redis connected successfully 
2026-05-23 19:26:53 [INFO]: Redis initialized and connected 
2026-05-23 19:26:53 [INFO]: Redis connected successfully 
2026-05-23 19:26:53 [INFO]: Socket.IO server initialized 
2026-05-23 19:26:53 [INFO]: getting to  port .. 
2026-05-23 19:26:53 [INFO]: Server running on port 3000 
2026-05-23 19:27:44 [INFO]: Firebase Admin SDK initialized successfully 
2026-05-23 19:27:44 [INFO]: ... end of ther server call.. 
2026-05-23 19:27:44 [INFO]: Database pool connected 
2026-05-23 19:27:44 [INFO]: Database extensions initialized 
2026-05-23 19:27:44 [INFO]: Database connected successfully at Sat May 23 2026 19:27:44 GMT+0100 (West Africa Time) 
2026-05-23 19:27:44 [INFO]: Database connected successfully 
2026-05-23 19:27:44 [INFO]: Redis connecting... 
2026-05-23 19:27:44 [INFO]: Redis connected successfully 
2026-05-23 19:27:44 [INFO]: Redis initialized and connected 
2026-05-23 19:27:44 [INFO]: Redis connected successfully 
2026-05-23 19:27:44 [INFO]: Socket.IO server initialized 
2026-05-23 19:27:44 [INFO]: getting to  port .. 
2026-05-23 19:27:44 [INFO]: Server running on port 3000 
2026-05-23 19:28:10 [INFO]: Email sent to bisiphilip@gmail.com: Verify Your Email 
2026-05-23 19:28:10 [INFO]: SMS sent to +2349722688674: Your verification code is: 766384. This code expires in 10 minutes. 
2026-05-23 19:28:10 [INFO]: New client registered: bisiphilip@gmail.com 
2026-05-23 19:28:10 [INFO]: profile:  {"user_id":"a82cc5d1-022c-48b2-9995-9ab42f3d509f","full_legal_name":"Ade Paul","nin":"1234567890","street_address":"12, Lagos street","service_address":"64, Ibadan road","verification_documents":{"ninPhoto":"https://beaverworks.net/uploads/nin-photos/974b8cc6-97a4-4372-b070-6b17ea19f6ea.jpeg"},"created_at":"2026-05-23T18:28:10.071Z"}
2026-05-23 19:28:50 [INFO]: Firebase Admin SDK initialized successfully 
2026-05-23 19:28:50 [INFO]: ... end of ther server call.. 
2026-05-23 19:28:50 [INFO]: Database pool connected 
2026-05-23 19:28:50 [INFO]: Database extensions initialized 
2026-05-23 19:28:50 [INFO]: Database connected successfully at Sat May 23 2026 19:28:50 GMT+0100 (West Africa Time) 
2026-05-23 19:28:50 [INFO]: Database connected successfully 
2026-05-23 19:28:50 [INFO]: Redis connecting... 
2026-05-23 19:28:50 [INFO]: Redis connected successfully 
2026-05-23 19:28:50 [INFO]: Redis initialized and connected 
2026-05-23 19:28:50 [INFO]: Redis connected successfully 
2026-05-23 19:28:50 [INFO]: Socket.IO server initialized 
2026-05-23 19:28:50 [INFO]: getting to  port .. 
2026-05-23 19:28:50 [INFO]: Server running on port 3000 
2026-05-23 19:28:59 [INFO]: Firebase Admin SDK initialized successfully 
2026-05-23 19:29:00 [INFO]: ... end of ther server call.. 
2026-05-23 19:29:00 [INFO]: Database pool connected 
2026-05-23 19:29:00 [INFO]: Database extensions initialized 
2026-05-23 19:29:00 [INFO]: Database connected successfully at Sat May 23 2026 19:29:00 GMT+0100 (West Africa Time) 
2026-05-23 19:29:00 [INFO]: Database connected successfully 
2026-05-23 19:29:00 [INFO]: Redis connecting... 
2026-05-23 19:29:00 [INFO]: Redis connected successfully 
2026-05-23 19:29:00 [INFO]: Redis initialized and connected 
2026-05-23 19:29:00 [INFO]: Redis connected successfully 
2026-05-23 19:29:00 [INFO]: Socket.IO server initialized 
2026-05-23 19:29:00 [INFO]: getting to  port .. 
2026-05-23 19:29:00 [INFO]: Server running on port 3000 
2026-05-23 19:29:01 [INFO]: Firebase Admin SDK initialized successfully 
2026-05-23 19:29:01 [INFO]: ... end of ther server call.. 
2026-05-23 19:29:01 [INFO]: Database pool connected 
2026-05-23 19:29:01 [INFO]: Database extensions initialized 
2026-05-23 19:29:01 [INFO]: Database connected successfully at Sat May 23 2026 19:29:01 GMT+0100 (West Africa Time) 
2026-05-23 19:29:01 [INFO]: Database connected successfully 
2026-05-23 19:29:01 [INFO]: Redis connecting... 
2026-05-23 19:29:01 [INFO]: Redis connected successfully 
2026-05-23 19:29:01 [INFO]: Redis initialized and connected 
2026-05-23 19:29:01 [INFO]: Redis connected successfully 
2026-05-23 19:29:01 [INFO]: Socket.IO server initialized 
2026-05-23 19:29:01 [INFO]: getting to  port .. 
2026-05-23 19:29:01 [INFO]: Server running on port 3000 
2026-05-23 19:29:11 [INFO]: Firebase Admin SDK initialized successfully 
2026-05-23 19:29:12 [INFO]: ... end of ther server call.. 
2026-05-23 19:29:12 [INFO]: Database pool connected 
2026-05-23 19:29:12 [INFO]: Database extensions initialized 
2026-05-23 19:29:12 [INFO]: Database connected successfully at Sat May 23 2026 19:29:12 GMT+0100 (West Africa Time) 
2026-05-23 19:29:12 [INFO]: Database connected successfully 
2026-05-23 19:29:12 [INFO]: Redis connecting... 
2026-05-23 19:29:12 [INFO]: Redis connected successfully 
2026-05-23 19:29:12 [INFO]: Redis initialized and connected 
2026-05-23 19:29:12 [INFO]: Redis connected successfully 
2026-05-23 19:29:12 [INFO]: Socket.IO server initialized 
2026-05-23 19:29:12 [INFO]: getting to  port .. 
2026-05-23 19:29:12 [INFO]: Server running on port 3000 
2026-05-23 19:29:14 [INFO]: Firebase Admin SDK initialized successfully 
2026-05-23 19:29:14 [INFO]: ... end of ther server call.. 
2026-05-23 19:29:14 [INFO]: Database pool connected 
2026-05-23 19:29:14 [INFO]: Database extensions initialized 
2026-05-23 19:29:14 [INFO]: Database connected successfully at Sat May 23 2026 19:29:14 GMT+0100 (West Africa Time) 
2026-05-23 19:29:14 [INFO]: Database connected successfully 
2026-05-23 19:29:14 [INFO]: Redis connecting... 
2026-05-23 19:29:14 [INFO]: Redis connected successfully 
2026-05-23 19:29:14 [INFO]: Redis initialized and connected 
2026-05-23 19:29:14 [INFO]: Redis connected successfully 
2026-05-23 19:29:14 [INFO]: Socket.IO server initialized 
2026-05-23 19:29:14 [INFO]: getting to  port .. 
2026-05-23 19:29:14 [INFO]: Server running on port 3000 
2026-05-23 19:29:20 [INFO]: Firebase Admin SDK initialized successfully 
2026-05-23 19:29:20 [INFO]: ... end of ther server call.. 
2026-05-23 19:29:20 [INFO]: Database pool connected 
2026-05-23 19:29:20 [INFO]: Database extensions initialized 
2026-05-23 19:29:20 [INFO]: Database connected successfully at Sat May 23 2026 19:29:20 GMT+0100 (West Africa Time) 
2026-05-23 19:29:20 [INFO]: Database connected successfully 
2026-05-23 19:29:20 [INFO]: Redis connecting... 
2026-05-23 19:29:20 [INFO]: Redis connected successfully 
2026-05-23 19:29:20 [INFO]: Redis initialized and connected 
2026-05-23 19:29:20 [INFO]: Redis connected successfully 
2026-05-23 19:29:20 [INFO]: Socket.IO server initialized 
2026-05-23 19:29:20 [INFO]: getting to  port .. 
2026-05-23 19:29:20 [INFO]: Server running on port 3000 
2026-05-23 19:29:21 [INFO]: Firebase Admin SDK initialized successfully 
2026-05-23 19:29:22 [INFO]: ... end of ther server call.. 
2026-05-23 19:29:22 [INFO]: Database pool connected 
2026-05-23 19:29:22 [INFO]: Database extensions initialized 
2026-05-23 19:29:22 [INFO]: Database connected successfully at Sat May 23 2026 19:29:22 GMT+0100 (West Africa Time) 
2026-05-23 19:29:22 [INFO]: Database connected successfully 
2026-05-23 19:29:22 [INFO]: Redis connecting... 
2026-05-23 19:29:22 [INFO]: Redis connected successfully 
2026-05-23 19:29:22 [INFO]: Redis initialized and connected 
2026-05-23 19:29:22 [INFO]: Redis connected successfully 
2026-05-23 19:29:22 [INFO]: Socket.IO server initialized 
2026-05-23 19:29:22 [INFO]: getting to  port .. 
2026-05-23 19:29:22 [INFO]: Server running on port 3000 
2026-05-23 19:29:37 [INFO]: Email sent to bsiphilip@gmail.com: Verify Your Email 
2026-05-23 19:29:37 [INFO]: SMS sent to +2349322688674: Your verification code is: 705707. This code expires in 10 minutes. 
2026-05-23 19:29:37 [INFO]: New client registered: bsiphilip@gmail.com 
2026-05-23 19:29:37 [INFO]: profile:  {"user_id":"4675fd93-bd30-4d52-bb07-c6228d17bd60","full_legal_name":"Ade Paul","nin":"1234567890","street_address":"12, Lagos street","service_address":"64, Ibadan road","verification_documents":{"ninPhoto":"https://beaverworks.net/uploads/nin-photos/66e847ca-f686-4fd6-a7ed-4c260309bff4.jpeg"},"created_at":"2026-05-23T18:29:37.369Z"}
2026-05-23 19:31:49 [INFO]: Firebase Admin SDK initialized successfully 
2026-05-23 19:31:49 [INFO]: ... end of ther server call.. 
2026-05-23 19:31:49 [INFO]: Database pool connected 
2026-05-23 19:31:49 [INFO]: Database extensions initialized 
2026-05-23 19:31:49 [INFO]: Database connected successfully at Sat May 23 2026 19:31:49 GMT+0100 (West Africa Time) 
2026-05-23 19:31:49 [INFO]: Database connected successfully 
2026-05-23 19:31:49 [INFO]: Redis connecting... 
2026-05-23 19:31:49 [INFO]: Redis connected successfully 
2026-05-23 19:31:49 [INFO]: Redis initialized and connected 
2026-05-23 19:31:49 [INFO]: Redis connected successfully 
2026-05-23 19:31:49 [INFO]: Socket.IO server initialized 
2026-05-23 19:31:49 [INFO]: getting to  port .. 
2026-05-23 19:31:49 [INFO]: Server running on port 3000 
2026-05-23 19:31:50 [INFO]: Firebase Admin SDK initialized successfully 
2026-05-23 19:31:51 [INFO]: ... end of ther server call.. 
2026-05-23 19:31:51 [INFO]: Database pool connected 
2026-05-23 19:31:51 [INFO]: Database extensions initialized 
2026-05-23 19:31:51 [INFO]: Database connected successfully at Sat May 23 2026 19:31:51 GMT+0100 (West Africa Time) 
2026-05-23 19:31:51 [INFO]: Database connected successfully 
2026-05-23 19:31:51 [INFO]: Redis connecting... 
2026-05-23 19:31:51 [INFO]: Redis connected successfully 
2026-05-23 19:31:51 [INFO]: Redis initialized and connected 
2026-05-23 19:31:51 [INFO]: Redis connected successfully 
2026-05-23 19:31:51 [INFO]: Socket.IO server initialized 
2026-05-23 19:31:51 [INFO]: getting to  port .. 
2026-05-23 19:31:51 [INFO]: Server running on port 3000 
2026-05-23 19:31:53 [INFO]: Firebase Admin SDK initialized successfully 
2026-05-23 19:31:53 [INFO]: ... end of ther server call.. 
2026-05-23 19:31:53 [INFO]: Database pool connected 
2026-05-23 19:31:53 [INFO]: Database extensions initialized 
2026-05-23 19:31:53 [INFO]: Database connected successfully at Sat May 23 2026 19:31:53 GMT+0100 (West Africa Time) 
2026-05-23 19:31:53 [INFO]: Database connected successfully 
2026-05-23 19:31:54 [INFO]: Redis connecting... 
2026-05-23 19:31:54 [INFO]: Redis connected successfully 
2026-05-23 19:31:54 [INFO]: Redis initialized and connected 
2026-05-23 19:31:54 [INFO]: Redis connected successfully 
2026-05-23 19:31:54 [INFO]: Socket.IO server initialized 
2026-05-23 19:31:54 [INFO]: getting to  port .. 
2026-05-23 19:31:54 [INFO]: Server running on port 3000 
2026-05-23 19:31:56 [INFO]: Firebase Admin SDK initialized successfully 
2026-05-23 19:31:56 [INFO]: ... end of ther server call.. 
2026-05-23 19:31:56 [INFO]: Database pool connected 
2026-05-23 19:31:56 [INFO]: Database extensions initialized 
2026-05-23 19:31:56 [INFO]: Database connected successfully at Sat May 23 2026 19:31:56 GMT+0100 (West Africa Time) 
2026-05-23 19:31:56 [INFO]: Database connected successfully 
2026-05-23 19:31:56 [INFO]: Redis connecting... 
2026-05-23 19:31:56 [INFO]: Redis connected successfully 
2026-05-23 19:31:56 [INFO]: Redis initialized and connected 
2026-05-23 19:31:56 [INFO]: Redis connected successfully 
2026-05-23 19:31:56 [INFO]: Socket.IO server initialized 
2026-05-23 19:31:56 [INFO]: getting to  port .. 
2026-05-23 19:31:56 [INFO]: Server running on port 3000 
2026-05-23 19:32:06 [INFO]: Firebase Admin SDK initialized successfully 
2026-05-23 19:32:06 [INFO]: ... end of ther server call.. 
2026-05-23 19:32:06 [INFO]: Database pool connected 
2026-05-23 19:32:06 [INFO]: Database extensions initialized 
2026-05-23 19:32:06 [INFO]: Database connected successfully at Sat May 23 2026 19:32:06 GMT+0100 (West Africa Time) 
2026-05-23 19:32:06 [INFO]: Database connected successfully 
2026-05-23 19:32:06 [INFO]: Redis connecting... 
2026-05-23 19:32:06 [INFO]: Redis connected successfully 
2026-05-23 19:32:06 [INFO]: Redis initialized and connected 
2026-05-23 19:32:06 [INFO]: Redis connected successfully 
2026-05-23 19:32:06 [INFO]: Socket.IO server initialized 
2026-05-23 19:32:06 [INFO]: getting to  port .. 
2026-05-23 19:32:06 [INFO]: Server running on port 3000 
2026-05-23 19:32:11 [INFO]: Firebase Admin SDK initialized successfully 
2026-05-23 19:32:12 [INFO]: ... end of ther server call.. 
2026-05-23 19:32:12 [INFO]: Database pool connected 
2026-05-23 19:32:12 [INFO]: Database extensions initialized 
2026-05-23 19:32:12 [INFO]: Database connected successfully at Sat May 23 2026 19:32:12 GMT+0100 (West Africa Time) 
2026-05-23 19:32:12 [INFO]: Database connected successfully 
2026-05-23 19:32:12 [INFO]: Redis connecting... 
2026-05-23 19:32:12 [INFO]: Redis connected successfully 
2026-05-23 19:32:12 [INFO]: Redis initialized and connected 
2026-05-23 19:32:12 [INFO]: Redis connected successfully 
2026-05-23 19:32:12 [INFO]: Socket.IO server initialized 
2026-05-23 19:32:12 [INFO]: getting to  port .. 
2026-05-23 19:32:12 [INFO]: Server running on port 3000 
2026-05-23 19:32:14 [INFO]: Firebase Admin SDK initialized successfully 
2026-05-23 19:32:15 [INFO]: ... end of ther server call.. 
2026-05-23 19:32:15 [INFO]: Database pool connected 
2026-05-23 19:32:15 [INFO]: Database extensions initialized 
2026-05-23 19:32:15 [INFO]: Database connected successfully at Sat May 23 2026 19:32:15 GMT+0100 (West Africa Time) 
2026-05-23 19:32:15 [INFO]: Database connected successfully 
2026-05-23 19:32:15 [INFO]: Redis connecting... 
2026-05-23 19:32:15 [INFO]: Redis connected successfully 
2026-05-23 19:32:15 [INFO]: Redis initialized and connected 
2026-05-23 19:32:15 [INFO]: Redis connected successfully 
2026-05-23 19:32:15 [INFO]: Socket.IO server initialized 
2026-05-23 19:32:15 [INFO]: getting to  port .. 
2026-05-23 19:32:15 [INFO]: Server running on port 3000 
2026-05-23 19:33:20 [INFO]: Firebase Admin SDK initialized successfully 
2026-05-23 19:33:20 [INFO]: ... end of ther server call.. 
2026-05-23 19:33:20 [INFO]: Database pool connected 
2026-05-23 19:33:20 [INFO]: Database extensions initialized 
2026-05-23 19:33:20 [INFO]: Database connected successfully at Sat May 23 2026 19:33:20 GMT+0100 (West Africa Time) 
2026-05-23 19:33:20 [INFO]: Database connected successfully 
2026-05-23 19:33:20 [INFO]: Redis connecting... 
2026-05-23 19:33:20 [INFO]: Redis connected successfully 
2026-05-23 19:33:20 [INFO]: Redis initialized and connected 
2026-05-23 19:33:20 [INFO]: Redis connected successfully 
2026-05-23 19:33:20 [INFO]: Socket.IO server initialized 
2026-05-23 19:33:20 [INFO]: getting to  port .. 
2026-05-23 19:33:20 [INFO]: Server running on port 3000 
2026-05-23 19:34:10 [INFO]: Firebase Admin SDK initialized successfully 
2026-05-23 19:34:11 [INFO]: ... end of ther server call.. 
2026-05-23 19:34:11 [INFO]: Database pool connected 
2026-05-23 19:34:11 [INFO]: Database extensions initialized 
2026-05-23 19:34:11 [INFO]: Database connected successfully at Sat May 23 2026 19:34:11 GMT+0100 (West Africa Time) 
2026-05-23 19:34:11 [INFO]: Database connected successfully 
2026-05-23 19:34:11 [INFO]: Redis connecting... 
2026-05-23 19:34:11 [INFO]: Redis connected successfully 
2026-05-23 19:34:11 [INFO]: Redis initialized and connected 
2026-05-23 19:34:11 [INFO]: Redis connected successfully 
2026-05-23 19:34:11 [INFO]: Socket.IO server initialized 
2026-05-23 19:34:11 [INFO]: getting to  port .. 
2026-05-23 19:34:11 [INFO]: Server running on port 3000 
2026-05-23 19:35:08 [INFO]: Firebase Admin SDK initialized successfully 
2026-05-23 19:35:08 [INFO]: ... end of ther server call.. 
2026-05-23 19:35:08 [INFO]: Database pool connected 
2026-05-23 19:35:08 [INFO]: Database extensions initialized 
2026-05-23 19:35:09 [INFO]: Database connected successfully at Sat May 23 2026 19:35:08 GMT+0100 (West Africa Time) 
2026-05-23 19:35:09 [INFO]: Database connected successfully 
2026-05-23 19:35:09 [INFO]: Redis connecting... 
2026-05-23 19:35:09 [INFO]: Redis connected successfully 
2026-05-23 19:35:09 [INFO]: Redis initialized and connected 
2026-05-23 19:35:09 [INFO]: Redis connected successfully 
2026-05-23 19:35:09 [INFO]: Socket.IO server initialized 
2026-05-23 19:35:09 [INFO]: getting to  port .. 
2026-05-23 19:35:09 [INFO]: Server running on port 3000 
2026-05-23 19:35:23 [INFO]: Firebase Admin SDK initialized successfully 
2026-05-23 19:35:24 [INFO]: ... end of ther server call.. 
2026-05-23 19:35:24 [INFO]: Database pool connected 
2026-05-23 19:35:24 [INFO]: Database extensions initialized 
2026-05-23 19:35:24 [INFO]: Database connected successfully at Sat May 23 2026 19:35:24 GMT+0100 (West Africa Time) 
2026-05-23 19:35:24 [INFO]: Database connected successfully 
2026-05-23 19:35:24 [INFO]: Redis connecting... 
2026-05-23 19:35:24 [INFO]: Redis connected successfully 
2026-05-23 19:35:24 [INFO]: Redis initialized and connected 
2026-05-23 19:35:24 [INFO]: Redis connected successfully 
2026-05-23 19:35:24 [INFO]: Socket.IO server initialized 
2026-05-23 19:35:24 [INFO]: getting to  port .. 
2026-05-23 19:35:24 [INFO]: Server running on port 3000 
2026-05-23 19:35:36 [INFO]: Firebase Admin SDK initialized successfully 
2026-05-23 19:35:36 [INFO]: ... end of ther server call.. 
2026-05-23 19:35:36 [INFO]: Database pool connected 
2026-05-23 19:35:36 [INFO]: Database extensions initialized 
2026-05-23 19:35:36 [INFO]: Database connected successfully at Sat May 23 2026 19:35:36 GMT+0100 (West Africa Time) 
2026-05-23 19:35:36 [INFO]: Database connected successfully 
2026-05-23 19:35:36 [INFO]: Redis connecting... 
2026-05-23 19:35:36 [INFO]: Redis connected successfully 
2026-05-23 19:35:36 [INFO]: Redis initialized and connected 
2026-05-23 19:35:36 [INFO]: Redis connected successfully 
2026-05-23 19:35:36 [INFO]: Socket.IO server initialized 
2026-05-23 19:35:36 [INFO]: getting to  port .. 
2026-05-23 19:35:36 [INFO]: Server running on port 3000 
2026-05-23 19:35:42 [INFO]: Firebase Admin SDK initialized successfully 
2026-05-23 19:35:42 [INFO]: ... end of ther server call.. 
2026-05-23 19:35:42 [INFO]: Database pool connected 
2026-05-23 19:35:42 [INFO]: Database extensions initialized 
2026-05-23 19:35:43 [INFO]: Database connected successfully at Sat May 23 2026 19:35:42 GMT+0100 (West Africa Time) 
2026-05-23 19:35:43 [INFO]: Database connected successfully 
2026-05-23 19:35:43 [INFO]: Redis connecting... 
2026-05-23 19:35:43 [INFO]: Redis connected successfully 
2026-05-23 19:35:43 [INFO]: Redis initialized and connected 
2026-05-23 19:35:43 [INFO]: Redis connected successfully 
2026-05-23 19:35:43 [INFO]: Socket.IO server initialized 
2026-05-23 19:35:43 [INFO]: getting to  port .. 
2026-05-23 19:35:43 [INFO]: Server running on port 3000 
2026-05-23 19:36:03 [INFO]: Email sent to siphilip@gmail.com: Verify Your Email 
2026-05-23 19:36:03 [INFO]: SMS sent to +2349922688674: Your verification code is: 307858. This code expires in 10 minutes. 
2026-05-23 19:36:03 [INFO]: New client registered: siphilip@gmail.com 
2026-05-23 19:36:03 [INFO]: profile:  {"user_id":"89472819-3f23-4926-b6b4-990baa24f2c3","full_legal_name":"Ade Paul","nin":"1234567890","street_address":"12, Lagos street","service_address":"64, Ibadan road","verification_documents":{"ninPhoto":"https://beaverworks.net/uploads/nin-photos/67665ffe-0c9c-41b2-a444-2e2181cfe542.jpeg"},"created_at":"2026-05-23T18:36:02.647Z"}
2026-05-23 19:37:51 [INFO]: Firebase Admin SDK initialized successfully 
2026-05-23 19:37:51 [INFO]: ... end of ther server call.. 
2026-05-23 19:37:51 [INFO]: Database pool connected 
2026-05-23 19:37:51 [INFO]: Database extensions initialized 
2026-05-23 19:37:51 [INFO]: Database connected successfully at Sat May 23 2026 19:37:51 GMT+0100 (West Africa Time) 
2026-05-23 19:37:51 [INFO]: Database connected successfully 
2026-05-23 19:37:51 [INFO]: Redis connecting... 
2026-05-23 19:37:51 [INFO]: Redis connected successfully 
2026-05-23 19:37:51 [INFO]: Redis initialized and connected 
2026-05-23 19:37:51 [INFO]: Redis connected successfully 
2026-05-23 19:37:51 [INFO]: Socket.IO server initialized 
2026-05-23 19:37:51 [INFO]: getting to  port .. 
2026-05-23 19:37:51 [INFO]: Server running on port 3000 
2026-05-23 19:37:56 [INFO]: Firebase Admin SDK initialized successfully 
2026-05-23 19:37:56 [INFO]: ... end of ther server call.. 
2026-05-23 19:37:56 [INFO]: Database pool connected 
2026-05-23 19:37:56 [INFO]: Database extensions initialized 
2026-05-23 19:37:56 [INFO]: Database connected successfully at Sat May 23 2026 19:37:56 GMT+0100 (West Africa Time) 
2026-05-23 19:37:56 [INFO]: Database connected successfully 
2026-05-23 19:37:56 [INFO]: Redis connecting... 
2026-05-23 19:37:56 [INFO]: Redis connected successfully 
2026-05-23 19:37:56 [INFO]: Redis initialized and connected 
2026-05-23 19:37:56 [INFO]: Redis connected successfully 
2026-05-23 19:37:56 [INFO]: Socket.IO server initialized 
2026-05-23 19:37:56 [INFO]: getting to  port .. 
2026-05-23 19:37:56 [INFO]: Server running on port 3000 
2026-05-23 19:38:11 [INFO]: Email sent to sihilip@gmail.com: Verify Your Email 
2026-05-23 19:38:11 [INFO]: SMS sent to +2349022688674: Your verification code is: 367232. This code expires in 10 minutes. 
2026-05-23 19:38:11 [INFO]: New client registered: sihilip@gmail.com 
2026-05-23 19:38:11 [INFO]: profile:  {"user_id":"40b755e9-c414-4ea7-922b-1fdad6f6b526","full_legal_name":"Ade Paul","nin":"1234567890","street_address":"12, Lagos street","service_address":"64, Ibadan road","verification_documents":{"ninPhoto":"https://beaverworks.net/uploads/nin-photos/9435e0b5-74b9-4c83-b227-33a80b022e28.jpeg"},"created_at":"2026-05-23T18:38:11.130Z"}
2026-05-23 19:58:40 [INFO]: Firebase Admin SDK initialized successfully 
2026-05-23 19:58:40 [INFO]: ... end of ther server call.. 
2026-05-23 19:58:40 [INFO]: Database pool connected 
2026-05-23 19:58:40 [INFO]: Database extensions initialized 
2026-05-23 19:58:40 [INFO]: Database connected successfully at Sat May 23 2026 19:58:40 GMT+0100 (West Africa Time) 
2026-05-23 19:58:40 [INFO]: Database connected successfully 
2026-05-23 19:58:40 [INFO]: Redis connecting... 
2026-05-23 19:58:40 [INFO]: Redis connected successfully 
2026-05-23 19:58:40 [INFO]: Redis initialized and connected 
2026-05-23 19:58:40 [INFO]: Redis connected successfully 
2026-05-23 19:58:40 [INFO]: Socket.IO server initialized 
2026-05-23 19:58:40 [INFO]: getting to  port .. 
2026-05-23 19:58:40 [INFO]: Server running on port 3000 
2026-05-23 19:58:48 [INFO]: Firebase Admin SDK initialized successfully 
2026-05-23 19:58:49 [INFO]: ... end of ther server call.. 
2026-05-23 19:58:49 [INFO]: Database pool connected 
2026-05-23 19:58:49 [INFO]: Database extensions initialized 
2026-05-23 19:58:49 [INFO]: Database connected successfully at Sat May 23 2026 19:58:49 GMT+0100 (West Africa Time) 
2026-05-23 19:58:49 [INFO]: Database connected successfully 
2026-05-23 19:58:49 [INFO]: Redis connecting... 
2026-05-23 19:58:49 [INFO]: Redis connected successfully 
2026-05-23 19:58:49 [INFO]: Redis initialized and connected 
2026-05-23 19:58:49 [INFO]: Redis connected successfully 
2026-05-23 19:58:49 [INFO]: Socket.IO server initialized 
2026-05-23 19:58:49 [INFO]: getting to  port .. 
2026-05-23 19:58:49 [INFO]: Server running on port 3000 
