2026-04-18 13:07:39 [INFO]: Running pending migrations... 
2026-04-18 13:07:39 [ERROR]: Migration failed: SASL: SCRAM-SERVER-FIRST-MESSAGE: client password must be a string {"stack":"Error: SASL: SCRAM-SERVER-FIRST-MESSAGE: client password must be a string\n    at /home/algorithm/projects/beavers/beavers-backend/node_modules/pg-pool/index.js:45:11\n    at process.processTicksAndRejections (node:internal/process/task_queues:104:5)\n    at async executeQuery (/home/algorithm/projects/beavers/beavers-backend/scripts/migrate.js:23:18)\n    at async createMigrationsTable (/home/algorithm/projects/beavers/beavers-backend/scripts/migrate.js:36:3)\n    at async migrateUp (/home/algorithm/projects/beavers/beavers-backend/scripts/migrate.js:123:3)\n    at async main (/home/algorithm/projects/beavers/beavers-backend/scripts/migrate.js:251:9)"}
2026-04-18 13:08:36 [INFO]: Running pending migrations... 
2026-04-18 13:08:36 [ERROR]: Migration failed: SASL: SCRAM-SERVER-FIRST-MESSAGE: client password must be a string {"stack":"Error: SASL: SCRAM-SERVER-FIRST-MESSAGE: client password must be a string\n    at /home/algorithm/projects/beavers/beavers-backend/node_modules/pg-pool/index.js:45:11\n    at process.processTicksAndRejections (node:internal/process/task_queues:104:5)\n    at async executeQuery (/home/algorithm/projects/beavers/beavers-backend/scripts/migrate.js:23:18)\n    at async createMigrationsTable (/home/algorithm/projects/beavers/beavers-backend/scripts/migrate.js:36:3)\n    at async migrateUp (/home/algorithm/projects/beavers/beavers-backend/scripts/migrate.js:123:3)\n    at async main (/home/algorithm/projects/beavers/beavers-backend/scripts/migrate.js:251:9)"}
2026-04-18 13:16:33 [INFO]: Running pending migrations... 
2026-04-18 13:16:33 [INFO]: Database pool connected 
2026-04-18 13:16:33 [INFO]: Migrations table ready 
2026-04-18 13:16:33 [INFO]: Found 25 pending migration(s) 
2026-04-18 13:16:34 [INFO]: Executed migration: 001_create_users_table.js 
2026-04-18 13:16:34 [INFO]: Executed migration: 002_create_client_profiles_table.js 
2026-04-18 13:16:35 [ERROR]: Failed to execute migration 003_create_artisan_profiles_table.js: data type jsonb has no default operator class for access method "gist" {"length":237,"name":"error","severity":"ERROR","code":"42704","hint":"You must specify an operator class for the index or define a default operator class for the data type.","file":"indexcmds.c","line":"2209","routine":"ResolveOpClass","stack":"error: data type jsonb has no default operator class for access method \"gist\"\n    at /home/algorithm/projects/beavers/beavers-backend/node_modules/pg/lib/client.js:631:17\n    at process.processTicksAndRejections (node:internal/process/task_queues:104:5)\n    at async exports.up (/home/algorithm/projects/beavers/beavers-backend/database/migrations/003_create_artisan_profiles_table.js:2:3)\n    at async executeMigration (/home/algorithm/projects/beavers/beavers-backend/scripts/migrate.js:85:9)\n    at async migrateUp (/home/algorithm/projects/beavers/beavers-backend/scripts/migrate.js:138:5)\n    at async main (/home/algorithm/projects/beavers/beavers-backend/scripts/migrate.js:252:9)"}
2026-04-18 13:25:07 [INFO]: Running pending migrations... 
2026-04-18 13:25:07 [INFO]: Database pool connected 
2026-04-18 13:25:07 [INFO]: Migrations table ready 
2026-04-18 13:25:07 [INFO]: Found 23 pending migration(s) 
2026-04-18 13:25:07 [INFO]: Executed migration: 003_create_artisan_profiles_table.js 
2026-04-18 13:25:08 [INFO]: Executed migration: 004_create_jobs_table.js 
2026-04-18 13:25:08 [INFO]: Executed migration: 005_create_job_billing_table.js 
2026-04-18 13:25:08 [INFO]: Executed migration: 006_create_bill_of_quantities_table.js 
2026-04-18 13:25:09 [INFO]: Executed migration: 007_create_payments_table.js 
2026-04-18 13:25:09 [INFO]: Executed migration: 008_create_warehous_table.js 
2026-04-18 13:25:09 [ERROR]: Failed to execute migration 009_create_location_history.js: extension "postgis" is not available {"length":314,"name":"error","severity":"ERROR","code":"0A000","detail":"Could not open extension control file \"/usr/share/postgresql/16/extension/postgis.control\": No such file or directory.","hint":"The extension must first be installed on the system where PostgreSQL is running.","file":"extension.c","line":"543","routine":"parse_extension_control_file","stack":"error: extension \"postgis\" is not available\n    at /home/algorithm/projects/beavers/beavers-backend/node_modules/pg/lib/client.js:631:17\n    at process.processTicksAndRejections (node:internal/process/task_queues:104:5)\n    at async exports.up (/home/algorithm/projects/beavers/beavers-backend/database/migrations/009_create_location_history.js:2:3)\n    at async executeMigration (/home/algorithm/projects/beavers/beavers-backend/scripts/migrate.js:84:9)\n    at async migrateUp (/home/algorithm/projects/beavers/beavers-backend/scripts/migrate.js:137:5)\n    at async main (/home/algorithm/projects/beavers/beavers-backend/scripts/migrate.js:251:9)"}
2026-04-18 13:38:28 [INFO]: Running pending migrations... 
2026-04-18 13:38:28 [INFO]: Database pool connected 
2026-04-18 13:38:28 [INFO]: Migrations table ready 
2026-04-18 13:38:28 [INFO]: Found 17 pending migration(s) 
2026-04-18 13:38:29 [INFO]: Executed migration: 009_create_location_history.js 
2026-04-18 13:38:29 [INFO]: Executed migration: 010_create_ratings_table.js 
2026-04-18 13:38:30 [INFO]: Executed migration: 011_create_notifications.js 
2026-04-18 13:38:30 [INFO]: Executed migration: 012_create_disputes_table.js 
2026-04-18 13:38:31 [INFO]: Executed migration: 013_create_audit_logs.js 
2026-04-18 13:38:31 [INFO]: Executed migration: 014_create_escrow_transactions_table.js 
2026-04-18 13:38:32 [INFO]: Executed migration: 015_create_job_offers_table.js 
2026-04-18 13:38:32 [INFO]: Executed migration: 016_create_training_table.js 
2026-04-18 13:38:33 [INFO]: Executed migration: 017_create_promotions_table.js 
2026-04-18 13:38:33 [INFO]: Executed migration: 018_create_saved_artisans_table.js 
2026-04-18 13:38:34 [ERROR]: Failed to execute migration 019_create_categories_table.js: function update_updated_at_column() does not exist {"length":114,"name":"error","severity":"ERROR","code":"42883","file":"parse_func.c","line":"2169","routine":"LookupFuncName","stack":"error: function update_updated_at_column() does not exist\n    at /home/algorithm/projects/beavers/beavers-backend/node_modules/pg/lib/client.js:631:17\n    at process.processTicksAndRejections (node:internal/process/task_queues:104:5)\n    at async exports.up (/home/algorithm/projects/beavers/beavers-backend/database/migrations/019_create_categories_table.js:2:3)\n    at async executeMigration (/home/algorithm/projects/beavers/beavers-backend/scripts/migrate.js:84:9)\n    at async migrateUp (/home/algorithm/projects/beavers/beavers-backend/scripts/migrate.js:137:5)\n    at async main (/home/algorithm/projects/beavers/beavers-backend/scripts/migrate.js:251:9)"}
2026-04-18 13:52:05 [INFO]: Resetting all migrations... 
2026-04-18 13:52:05 [INFO]: Database pool connected 
2026-04-18 13:52:05 [INFO]: Migrations table ready 
2026-04-18 13:52:05 [INFO]: Rolled back migration: 018_create_saved_artisans_table.js 
2026-04-18 13:52:05 [INFO]: Rolled back migration: 017_create_promotions_table.js 
2026-04-18 13:52:05 [INFO]: Rolled back migration: 016_create_training_table.js 
2026-04-18 13:52:05 [INFO]: Rolled back migration: 015_create_job_offers_table.js 
2026-04-18 13:52:06 [INFO]: Rolled back migration: 014_create_escrow_transactions_table.js 
2026-04-18 13:52:06 [INFO]: Rolled back migration: 013_create_audit_logs.js 
2026-04-18 13:52:06 [INFO]: Rolled back migration: 012_create_disputes_table.js 
2026-04-18 13:52:06 [INFO]: Rolled back migration: 011_create_notifications.js 
2026-04-18 13:52:06 [INFO]: Rolled back migration: 010_create_ratings_table.js 
2026-04-18 13:52:06 [INFO]: Rolled back migration: 009_create_location_history.js 
2026-04-18 13:52:06 [INFO]: Rolled back migration: 008_create_warehous_table.js 
2026-04-18 13:52:06 [INFO]: Rolled back migration: 007_create_payments_table.js 
2026-04-18 13:52:06 [INFO]: Rolled back migration: 006_create_bill_of_quantities_table.js 
2026-04-18 13:52:06 [INFO]: Rolled back migration: 005_create_job_billing_table.js 
2026-04-18 13:52:06 [INFO]: Rolled back migration: 004_create_jobs_table.js 
2026-04-18 13:52:06 [INFO]: Rolled back migration: 003_create_artisan_profiles_table.js 
2026-04-18 13:52:06 [INFO]: Rolled back migration: 002_create_client_profiles_table.js 
2026-04-18 13:52:06 [INFO]: Rolled back migration: 001_create_users_table.js 
2026-04-18 13:52:06 [INFO]: All migrations rolled back successfully 
2026-04-18 13:52:15 [INFO]: Running pending migrations... 
2026-04-18 13:52:15 [INFO]: Database pool connected 
2026-04-18 13:52:15 [INFO]: Migrations table ready 
2026-04-18 13:52:15 [INFO]: Found 25 pending migration(s) 
2026-04-18 13:52:16 [INFO]: Executed migration: 001_create_users_table.js 
2026-04-18 13:52:17 [INFO]: Executed migration: 002_create_client_profiles_table.js 
2026-04-18 13:52:18 [INFO]: Executed migration: 003_create_artisan_profiles_table.js 
2026-04-18 13:52:18 [INFO]: Executed migration: 004_create_jobs_table.js 
2026-04-18 13:52:19 [INFO]: Executed migration: 005_create_job_billing_table.js 
2026-04-18 13:52:19 [INFO]: Executed migration: 006_create_bill_of_quantities_table.js 
2026-04-18 13:52:19 [INFO]: Executed migration: 007_create_payments_table.js 
2026-04-18 13:52:20 [INFO]: Executed migration: 008_create_warehous_table.js 
2026-04-18 13:52:20 [INFO]: Executed migration: 009_create_location_history.js 
2026-04-18 13:52:21 [INFO]: Executed migration: 010_create_ratings_table.js 
2026-04-18 13:52:21 [INFO]: Executed migration: 011_create_notifications.js 
2026-04-18 13:52:22 [INFO]: Executed migration: 012_create_disputes_table.js 
2026-04-18 13:52:22 [INFO]: Executed migration: 013_create_audit_logs.js 
2026-04-18 13:52:23 [INFO]: Executed migration: 014_create_escrow_transactions_table.js 
2026-04-18 13:52:23 [INFO]: Executed migration: 015_create_job_offers_table.js 
2026-04-18 13:52:24 [INFO]: Executed migration: 016_create_training_table.js 
2026-04-18 13:52:24 [INFO]: Executed migration: 017_create_promotions_table.js 
2026-04-18 13:52:25 [INFO]: Executed migration: 018_create_saved_artisans_table.js 
2026-04-18 13:52:25 [INFO]: Executed migration: 019_create_categories_table.js 
2026-04-18 13:52:25 [INFO]: Executed migration: 020_create_dispatch_requests_table.js 
2026-04-18 13:52:26 [INFO]: Executed migration: 021_create_substitution_requests_table.js 
2026-04-18 13:52:26 [ERROR]: Failed to execute migration 022_create_indexes.js: CREATE INDEX CONCURRENTLY cannot run inside a transaction block {"length":132,"name":"error","severity":"ERROR","code":"25001","file":"xact.c","line":"3487","routine":"PreventInTransactionBlock","stack":"error: CREATE INDEX CONCURRENTLY cannot run inside a transaction block\n    at /home/algorithm/projects/beavers/beavers-backend/node_modules/pg/lib/client.js:631:17\n    at process.processTicksAndRejections (node:internal/process/task_queues:104:5)\n    at async exports.up (/home/algorithm/projects/beavers/beavers-backend/database/migrations/022_create_indexes.js:2:3)\n    at async executeMigration (/home/algorithm/projects/beavers/beavers-backend/scripts/migrate.js:84:9)\n    at async migrateUp (/home/algorithm/projects/beavers/beavers-backend/scripts/migrate.js:137:5)\n    at async main (/home/algorithm/projects/beavers/beavers-backend/scripts/migrate.js:251:9)"}
2026-04-18 13:54:40 [INFO]: Running pending migrations... 
2026-04-18 13:54:40 [INFO]: Database pool connected 
2026-04-18 13:54:40 [INFO]: Migrations table ready 
2026-04-18 13:54:40 [INFO]: Found 4 pending migration(s) 
2026-04-18 13:54:41 [INFO]: Executed migration: 022_create_indexes.js 
2026-04-18 13:54:41 [INFO]: Executed migration: 023_add_foreign_keys.js 
2026-04-18 13:54:41 [ERROR]: Failed to execute migration 024_add_soft_delete.js: trigger "update_users_updated_at" for relation "users" already exists {"length":136,"name":"error","severity":"ERROR","code":"42710","file":"trigger.c","line":"768","routine":"CreateTriggerFiringOn","stack":"error: trigger \"update_users_updated_at\" for relation \"users\" already exists\n    at /home/algorithm/projects/beavers/beavers-backend/node_modules/pg/lib/client.js:631:17\n    at process.processTicksAndRejections (node:internal/process/task_queues:104:5)\n    at async exports.up (/home/algorithm/projects/beavers/beavers-backend/database/migrations/024_add_soft_delete.js:2:3)\n    at async executeMigration (/home/algorithm/projects/beavers/beavers-backend/scripts/migrate.js:84:9)\n    at async migrateUp (/home/algorithm/projects/beavers/beavers-backend/scripts/migrate.js:137:5)\n    at async main (/home/algorithm/projects/beavers/beavers-backend/scripts/migrate.js:251:9)"}
2026-04-18 13:54:57 [INFO]: Resetting all migrations... 
2026-04-18 13:54:57 [INFO]: Database pool connected 
2026-04-18 13:54:57 [INFO]: Migrations table ready 
2026-04-18 13:54:57 [INFO]: Rolled back migration: 023_add_foreign_keys.js 
2026-04-18 13:54:57 [INFO]: Rolled back migration: 022_create_indexes.js 
2026-04-18 13:54:57 [INFO]: Rolled back migration: 021_create_substitution_requests_table.js 
2026-04-18 13:54:57 [INFO]: Rolled back migration: 020_create_dispatch_requests_table.js 
2026-04-18 13:54:57 [INFO]: Rolled back migration: 019_create_categories_table.js 
2026-04-18 13:54:57 [INFO]: Rolled back migration: 018_create_saved_artisans_table.js 
2026-04-18 13:54:57 [INFO]: Rolled back migration: 017_create_promotions_table.js 
2026-04-18 13:54:57 [INFO]: Rolled back migration: 016_create_training_table.js 
2026-04-18 13:54:57 [INFO]: Rolled back migration: 015_create_job_offers_table.js 
2026-04-18 13:54:57 [INFO]: Rolled back migration: 014_create_escrow_transactions_table.js 
2026-04-18 13:54:57 [INFO]: Rolled back migration: 013_create_audit_logs.js 
2026-04-18 13:54:57 [INFO]: Rolled back migration: 012_create_disputes_table.js 
2026-04-18 13:54:57 [INFO]: Rolled back migration: 011_create_notifications.js 
2026-04-18 13:54:57 [INFO]: Rolled back migration: 010_create_ratings_table.js 
2026-04-18 13:54:57 [INFO]: Rolled back migration: 009_create_location_history.js 
2026-04-18 13:54:57 [INFO]: Rolled back migration: 008_create_warehous_table.js 
2026-04-18 13:54:58 [INFO]: Rolled back migration: 007_create_payments_table.js 
2026-04-18 13:54:58 [INFO]: Rolled back migration: 006_create_bill_of_quantities_table.js 
2026-04-18 13:54:58 [INFO]: Rolled back migration: 005_create_job_billing_table.js 
2026-04-18 13:54:58 [INFO]: Rolled back migration: 004_create_jobs_table.js 
2026-04-18 13:54:58 [INFO]: Rolled back migration: 003_create_artisan_profiles_table.js 
2026-04-18 13:54:58 [INFO]: Rolled back migration: 002_create_client_profiles_table.js 
2026-04-18 13:54:58 [INFO]: Rolled back migration: 001_create_users_table.js 
2026-04-18 13:54:58 [INFO]: All migrations rolled back successfully 
2026-04-18 13:55:01 [INFO]: Running pending migrations... 
2026-04-18 13:55:01 [INFO]: Database pool connected 
2026-04-18 13:55:01 [INFO]: Migrations table ready 
2026-04-18 13:55:01 [INFO]: Found 25 pending migration(s) 
2026-04-18 13:55:01 [INFO]: Executed migration: 001_create_users_table.js 
2026-04-18 13:55:02 [INFO]: Executed migration: 002_create_client_profiles_table.js 
2026-04-18 13:55:02 [INFO]: Executed migration: 003_create_artisan_profiles_table.js 
2026-04-18 13:55:02 [INFO]: Executed migration: 004_create_jobs_table.js 
2026-04-18 13:55:03 [INFO]: Executed migration: 005_create_job_billing_table.js 
2026-04-18 13:55:03 [INFO]: Executed migration: 006_create_bill_of_quantities_table.js 
2026-04-18 13:55:03 [INFO]: Executed migration: 007_create_payments_table.js 
2026-04-18 13:55:04 [INFO]: Executed migration: 008_create_warehous_table.js 
2026-04-18 13:55:04 [INFO]: Executed migration: 009_create_location_history.js 
2026-04-18 13:55:05 [INFO]: Executed migration: 010_create_ratings_table.js 
2026-04-18 13:55:05 [INFO]: Executed migration: 011_create_notifications.js 
2026-04-18 13:55:06 [INFO]: Executed migration: 012_create_disputes_table.js 
2026-04-18 13:55:06 [INFO]: Executed migration: 013_create_audit_logs.js 
2026-04-18 13:55:07 [INFO]: Executed migration: 014_create_escrow_transactions_table.js 
2026-04-18 13:55:07 [INFO]: Executed migration: 015_create_job_offers_table.js 
2026-04-18 13:55:08 [INFO]: Executed migration: 016_create_training_table.js 
2026-04-18 13:55:08 [INFO]: Executed migration: 017_create_promotions_table.js 
2026-04-18 13:55:09 [INFO]: Executed migration: 018_create_saved_artisans_table.js 
2026-04-18 13:55:09 [INFO]: Executed migration: 019_create_categories_table.js 
2026-04-18 13:55:09 [INFO]: Executed migration: 020_create_dispatch_requests_table.js 
2026-04-18 13:55:10 [INFO]: Executed migration: 021_create_substitution_requests_table.js 
2026-04-18 13:55:10 [INFO]: Executed migration: 022_create_indexes.js 
2026-04-18 13:55:10 [INFO]: Executed migration: 023_add_foreign_keys.js 
2026-04-18 13:55:11 [ERROR]: Failed to execute migration 024_add_soft_delete.js: trigger "update_users_updated_at" for relation "users" already exists {"length":136,"name":"error","severity":"ERROR","code":"42710","file":"trigger.c","line":"768","routine":"CreateTriggerFiringOn","stack":"error: trigger \"update_users_updated_at\" for relation \"users\" already exists\n    at /home/algorithm/projects/beavers/beavers-backend/node_modules/pg/lib/client.js:631:17\n    at process.processTicksAndRejections (node:internal/process/task_queues:104:5)\n    at async exports.up (/home/algorithm/projects/beavers/beavers-backend/database/migrations/024_add_soft_delete.js:2:3)\n    at async executeMigration (/home/algorithm/projects/beavers/beavers-backend/scripts/migrate.js:84:9)\n    at async migrateUp (/home/algorithm/projects/beavers/beavers-backend/scripts/migrate.js:137:5)\n    at async main (/home/algorithm/projects/beavers/beavers-backend/scripts/migrate.js:251:9)"}
2026-04-18 13:58:32 [INFO]: Resetting all migrations... 
2026-04-18 13:58:32 [INFO]: Database pool connected 
2026-04-18 13:58:32 [INFO]: Migrations table ready 
2026-04-18 13:58:32 [INFO]: Rolled back migration: 023_add_foreign_keys.js 
2026-04-18 13:58:32 [INFO]: Rolled back migration: 022_create_indexes.js 
2026-04-18 13:58:32 [INFO]: Rolled back migration: 021_create_substitution_requests_table.js 
2026-04-18 13:58:32 [INFO]: Rolled back migration: 020_create_dispatch_requests_table.js 
2026-04-18 13:58:32 [INFO]: Rolled back migration: 019_create_categories_table.js 
2026-04-18 13:58:32 [INFO]: Rolled back migration: 018_create_saved_artisans_table.js 
2026-04-18 13:58:32 [INFO]: Rolled back migration: 017_create_promotions_table.js 
2026-04-18 13:58:32 [INFO]: Rolled back migration: 016_create_training_table.js 
2026-04-18 13:58:32 [INFO]: Rolled back migration: 015_create_job_offers_table.js 
2026-04-18 13:58:32 [INFO]: Rolled back migration: 014_create_escrow_transactions_table.js 
2026-04-18 13:58:32 [INFO]: Rolled back migration: 013_create_audit_logs.js 
2026-04-18 13:58:32 [INFO]: Rolled back migration: 012_create_disputes_table.js 
2026-04-18 13:58:32 [INFO]: Rolled back migration: 011_create_notifications.js 
2026-04-18 13:58:32 [INFO]: Rolled back migration: 010_create_ratings_table.js 
2026-04-18 13:58:32 [INFO]: Rolled back migration: 009_create_location_history.js 
2026-04-18 13:58:33 [INFO]: Rolled back migration: 008_create_warehous_table.js 
2026-04-18 13:58:33 [INFO]: Rolled back migration: 007_create_payments_table.js 
2026-04-18 13:58:33 [INFO]: Rolled back migration: 006_create_bill_of_quantities_table.js 
2026-04-18 13:58:33 [INFO]: Rolled back migration: 005_create_job_billing_table.js 
2026-04-18 13:58:33 [INFO]: Rolled back migration: 004_create_jobs_table.js 
2026-04-18 13:58:33 [INFO]: Rolled back migration: 003_create_artisan_profiles_table.js 
2026-04-18 13:58:33 [INFO]: Rolled back migration: 002_create_client_profiles_table.js 
2026-04-18 13:58:33 [INFO]: Rolled back migration: 001_create_users_table.js 
2026-04-18 13:58:33 [INFO]: All migrations rolled back successfully 
2026-04-18 13:58:36 [INFO]: Running pending migrations... 
2026-04-18 13:58:36 [INFO]: Database pool connected 
2026-04-18 13:58:36 [INFO]: Migrations table ready 
2026-04-18 13:58:36 [INFO]: Found 25 pending migration(s) 
2026-04-18 13:58:36 [INFO]: Executed migration: 001_create_users_table.js 
2026-04-18 13:58:37 [INFO]: Executed migration: 002_create_client_profiles_table.js 
2026-04-18 13:58:37 [INFO]: Executed migration: 003_create_artisan_profiles_table.js 
2026-04-18 13:58:38 [INFO]: Executed migration: 004_create_jobs_table.js 
2026-04-18 13:58:38 [INFO]: Executed migration: 005_create_job_billing_table.js 
2026-04-18 13:58:38 [INFO]: Executed migration: 006_create_bill_of_quantities_table.js 
2026-04-18 13:58:39 [INFO]: Executed migration: 007_create_payments_table.js 
2026-04-18 13:58:39 [INFO]: Executed migration: 008_create_warehous_table.js 
2026-04-18 13:58:40 [INFO]: Executed migration: 009_create_location_history.js 
2026-04-18 13:58:40 [INFO]: Executed migration: 010_create_ratings_table.js 
2026-04-18 13:58:41 [INFO]: Executed migration: 011_create_notifications.js 
2026-04-18 13:58:41 [INFO]: Executed migration: 012_create_disputes_table.js 
2026-04-18 13:58:41 [INFO]: Executed migration: 013_create_audit_logs.js 
2026-04-18 13:58:42 [INFO]: Executed migration: 014_create_escrow_transactions_table.js 
2026-04-18 13:58:43 [INFO]: Executed migration: 015_create_job_offers_table.js 
2026-04-18 13:58:43 [INFO]: Executed migration: 016_create_training_table.js 
2026-04-18 13:58:44 [INFO]: Executed migration: 017_create_promotions_table.js 
2026-04-18 13:58:44 [INFO]: Executed migration: 018_create_saved_artisans_table.js 
2026-04-18 13:58:45 [INFO]: Executed migration: 019_create_categories_table.js 
2026-04-18 13:58:45 [INFO]: Executed migration: 020_create_dispatch_requests_table.js 
2026-04-18 13:58:45 [INFO]: Executed migration: 021_create_substitution_requests_table.js 
2026-04-18 13:58:46 [INFO]: Executed migration: 022_create_indexes.js 
2026-04-18 13:58:46 [INFO]: Executed migration: 023_add_foreign_keys.js 
2026-04-18 13:58:47 [INFO]: Executed migration: 024_add_soft_delete.js 
2026-04-18 13:58:47 [INFO]: Executed migration: 025_create_subcategories_table.js 
2026-04-18 13:58:47 [INFO]: All migrations executed successfully 
2026-04-24 10:33:30 [INFO]: Running pending migrations... 
2026-04-24 10:33:30 [INFO]: Database pool connected 
2026-04-24 10:33:31 [INFO]: Migrations table ready 
2026-04-24 10:33:31 [INFO]: Found 25 pending migration(s) 
2026-04-24 10:33:32 [INFO]: Executed migration: 001_create_users_table.js 
2026-04-24 10:33:32 [INFO]: Executed migration: 002_create_client_profiles_table.js 
2026-04-24 10:33:32 [INFO]: Executed migration: 003_create_artisan_profiles_table.js 
2026-04-24 10:33:33 [INFO]: Executed migration: 004_create_jobs_table.js 
2026-04-24 10:33:33 [INFO]: Executed migration: 005_create_job_billing_table.js 
2026-04-24 10:33:33 [INFO]: Executed migration: 006_create_bill_of_quantities_table.js 
2026-04-24 10:33:33 [INFO]: Executed migration: 007_create_payments_table.js 
2026-04-24 10:33:34 [INFO]: Executed migration: 008_create_warehous_table.js 
2026-04-24 10:33:34 [ERROR]: Failed to execute migration 009_create_location_history.js: extension "postgis" is not available {"length":314,"name":"error","severity":"ERROR","code":"0A000","detail":"Could not open extension control file \"/usr/share/postgresql/16/extension/postgis.control\": No such file or directory.","hint":"The extension must first be installed on the system where PostgreSQL is running.","file":"extension.c","line":"673","routine":"parse_extension_control_file","stack":"error: extension \"postgis\" is not available\n    at /home/philip/beavers/beavers-backend/node_modules/pg/lib/client.js:631:17\n    at process.processTicksAndRejections (node:internal/process/task_queues:104:5)\n    at async exports.up (/home/philip/beavers/beavers-backend/database/migrations/009_create_location_history.js:2:3)\n    at async executeMigration (/home/philip/beavers/beavers-backend/scripts/migrate.js:84:9)\n    at async migrateUp (/home/philip/beavers/beavers-backend/scripts/migrate.js:137:5)\n    at async main (/home/philip/beavers/beavers-backend/scripts/migrate.js:251:9)"}
2026-04-24 10:50:36 [INFO]: Running pending migrations... 
2026-04-24 10:50:37 [INFO]: Database pool connected 
2026-04-24 10:50:37 [INFO]: Migrations table ready 
2026-04-24 10:50:37 [INFO]: Found 17 pending migration(s) 
2026-04-24 10:50:39 [INFO]: Executed migration: 009_create_location_history.js 
2026-04-24 10:50:39 [INFO]: Executed migration: 010_create_ratings_table.js 
2026-04-24 10:50:40 [INFO]: Executed migration: 011_create_notifications.js 
2026-04-24 10:50:40 [INFO]: Executed migration: 012_create_disputes_table.js 
2026-04-24 10:50:41 [INFO]: Executed migration: 013_create_audit_logs.js 
2026-04-24 10:50:41 [INFO]: Executed migration: 014_create_escrow_transactions_table.js 
2026-04-24 10:50:42 [INFO]: Executed migration: 015_create_job_offers_table.js 
2026-04-24 10:50:42 [INFO]: Executed migration: 016_create_training_table.js 
2026-04-24 10:50:43 [INFO]: Executed migration: 017_create_promotions_table.js 
2026-04-24 10:50:43 [INFO]: Executed migration: 018_create_saved_artisans_table.js 
2026-04-24 10:50:43 [INFO]: Executed migration: 019_create_categories_table.js 
2026-04-24 10:50:44 [INFO]: Executed migration: 020_create_dispatch_requests_table.js 
2026-04-24 10:50:44 [INFO]: Executed migration: 021_create_substitution_requests_table.js 
2026-04-24 10:50:44 [INFO]: Executed migration: 022_create_indexes.js 
2026-04-24 10:50:45 [INFO]: Executed migration: 023_add_foreign_keys.js 
2026-04-24 10:50:45 [INFO]: Executed migration: 024_add_soft_delete.js 
2026-04-24 10:50:45 [INFO]: Executed migration: 025_create_subcategories_table.js 
2026-04-24 10:50:45 [INFO]: All migrations executed successfully 
2026-04-24 10:53:38 [INFO]: Created upload directory: /home/philip/beavers/beavers-backend/uploads/profile-photos 
2026-04-24 10:53:38 [INFO]: Created upload directory: /home/philip/beavers/beavers-backend/uploads/verification-docs 
2026-04-24 10:53:38 [INFO]: Created upload directory: /home/philip/beavers/beavers-backend/uploads/job-photos 
2026-04-24 10:53:38 [INFO]: Created upload directory: /home/philip/beavers/beavers-backend/uploads/invoices 
2026-04-24 10:53:38 [INFO]: Created upload directory: /home/philip/beavers/beavers-backend/uploads/temp 
2026-04-24 10:53:38 [INFO]: Created upload directory: /home/philip/beavers/beavers-backend/uploads/certificates 
2026-04-24 10:53:38 [INFO]: Created upload directory: /home/philip/beavers/beavers-backend/uploads/disputes 
2026-04-24 10:53:39 [INFO]: Database pool connected 
2026-04-24 10:53:39 [INFO]: Database extensions initialized 
2026-04-24 10:53:39 [INFO]: Database connected successfully at Fri Apr 24 2026 10:53:39 GMT+0100 (West Africa Time) 
2026-04-24 12:01:14 [INFO]: Starting server... 
2026-04-24 12:01:14 [INFO]: Database pool connected 
2026-04-24 12:01:14 [INFO]: Database extensions initialized 
2026-04-24 12:01:14 [INFO]: Database connected successfully at Fri Apr 24 2026 12:01:14 GMT+0100 (West Africa Time) 
2026-04-24 12:01:14 [INFO]: Database connected successfully 
2026-04-24 12:01:14 [INFO]: Redis connecting... 
2026-04-24 12:01:14 [INFO]: Redis connected successfully 
2026-04-24 13:20:19 [INFO]: Starting server... 
2026-04-24 13:20:19 [INFO]: Database pool connected 
2026-04-24 13:20:19 [INFO]: Database extensions initialized 
2026-04-24 13:20:19 [INFO]: Database connected successfully at Fri Apr 24 2026 13:20:19 GMT+0100 (West Africa Time) 
2026-04-24 13:20:19 [INFO]: Database connected successfully 
2026-04-24 13:20:19 [INFO]: Redis connecting... 
2026-04-24 13:20:19 [INFO]: Redis connected successfully 
2026-04-24 13:38:56 [INFO]: Starting server... 
2026-04-24 13:41:18 [INFO]: Starting server... 
2026-04-24 19:16:27 [INFO]: Starting server... 
2026-04-24 19:26:49 [INFO]: Starting server... 
2026-04-24 19:26:49 [INFO]: Inside the server.. 
2026-04-24 19:26:49 [INFO]: ... end of ther server call.. 
2026-04-24 19:26:49 [INFO]: Database pool connected 
2026-04-24 19:26:49 [INFO]: Database extensions initialized 
2026-04-24 19:26:49 [INFO]: Database connected successfully at Fri Apr 24 2026 19:26:49 GMT+0100 (West Africa Time) 
2026-04-24 19:26:49 [INFO]: Database connected successfully 
2026-04-24 19:26:49 [INFO]: Redis connecting... 
2026-04-24 19:26:49 [INFO]: Redis connected successfully 
2026-04-24 19:26:49 [INFO]: Redis initialized and connected 
2026-04-24 19:26:49 [INFO]: Redis connected successfully 
2026-04-24 19:26:49 [INFO]: Socket.IO server initialized 
2026-04-24 19:26:49 [INFO]: getting to  port .. 
2026-04-24 19:26:49 [INFO]: Server running on port 3000 
2026-04-24 22:08:53 [INFO]: SIGINT received. Starting graceful shutdown... 
2026-04-24 22:09:52 [INFO]: Starting server... 
2026-04-24 22:09:52 [INFO]: Inside the server.. 
2026-04-24 22:09:52 [INFO]: ... end of ther server call.. 
2026-04-24 22:09:52 [INFO]: Database pool connected 
2026-04-24 22:09:52 [INFO]: Database extensions initialized 
2026-04-24 22:09:52 [INFO]: Database connected successfully at Fri Apr 24 2026 22:09:52 GMT+0100 (West Africa Time) 
2026-04-24 22:09:52 [INFO]: Database connected successfully 
2026-04-24 22:09:52 [INFO]: Redis connecting... 
2026-04-24 22:09:52 [INFO]: Redis connected successfully 
2026-04-24 22:09:52 [INFO]: Redis initialized and connected 
2026-04-24 22:09:52 [INFO]: Redis connected successfully 
2026-04-24 22:09:52 [INFO]: Socket.IO server initialized 
2026-04-24 22:09:52 [INFO]: getting to  port .. 
2026-04-24 22:09:52 [INFO]: Server running on port 3000 
2026-04-24 22:10:28 [INFO]: Starting server... 
2026-04-24 22:10:28 [INFO]: Inside the server.. 
2026-04-24 22:10:28 [INFO]: ... end of ther server call.. 
2026-04-24 22:10:28 [INFO]: Database pool connected 
2026-04-24 22:10:28 [INFO]: Database extensions initialized 
2026-04-24 22:10:28 [INFO]: Database connected successfully at Fri Apr 24 2026 22:10:28 GMT+0100 (West Africa Time) 
2026-04-24 22:10:28 [INFO]: Database connected successfully 
2026-04-24 22:10:28 [INFO]: Redis connecting... 
2026-04-24 22:10:28 [INFO]: Redis connected successfully 
2026-04-24 22:10:28 [INFO]: Redis initialized and connected 
2026-04-24 22:10:28 [INFO]: Redis connected successfully 
2026-04-24 22:10:28 [INFO]: Socket.IO server initialized 
2026-04-24 22:10:28 [INFO]: getting to  port .. 
2026-04-24 22:10:28 [INFO]: Server running on port 3000 
2026-04-24 22:14:58 [INFO]: Starting server... 
2026-04-24 22:14:58 [INFO]: Inside the server.. 
2026-04-24 22:14:58 [INFO]: ... end of ther server call.. 
2026-04-24 22:14:58 [INFO]: Database pool connected 
2026-04-24 22:14:58 [INFO]: Database extensions initialized 
2026-04-24 22:14:58 [INFO]: Database connected successfully at Fri Apr 24 2026 22:14:58 GMT+0100 (West Africa Time) 
2026-04-24 22:14:58 [INFO]: Database connected successfully 
2026-04-24 22:14:58 [INFO]: Redis connecting... 
2026-04-24 22:14:58 [INFO]: Redis connected successfully 
2026-04-24 22:14:58 [INFO]: Redis initialized and connected 
2026-04-24 22:14:58 [INFO]: Redis connected successfully 
2026-04-24 22:14:58 [INFO]: Socket.IO server initialized 
2026-04-24 22:14:58 [INFO]: getting to  port .. 
2026-04-24 22:14:58 [INFO]: Server running on port 3000 
2026-04-24 22:16:03 [INFO]: Starting server... 
2026-04-24 22:16:03 [INFO]: Inside the server.. 
2026-04-24 22:16:03 [INFO]: ... end of ther server call.. 
2026-04-24 22:16:03 [INFO]: Database pool connected 
2026-04-24 22:16:03 [INFO]: Database extensions initialized 
2026-04-24 22:16:03 [INFO]: Database connected successfully at Fri Apr 24 2026 22:16:03 GMT+0100 (West Africa Time) 
2026-04-24 22:16:03 [INFO]: Database connected successfully 
2026-04-24 22:16:03 [INFO]: Redis connecting... 
2026-04-24 22:16:03 [INFO]: Redis connected successfully 
2026-04-24 22:16:03 [INFO]: Redis initialized and connected 
2026-04-24 22:16:03 [INFO]: Redis connected successfully 
2026-04-24 22:16:03 [INFO]: Socket.IO server initialized 
2026-04-24 22:16:03 [INFO]: getting to  port .. 
2026-04-24 22:16:03 [INFO]: Server running on port 3000 
2026-04-24 22:17:46 [INFO]: ... end of ther server call.. 
2026-04-24 22:17:46 [INFO]: Database pool connected 
2026-04-24 22:17:46 [INFO]: Database extensions initialized 
2026-04-24 22:17:46 [INFO]: Database connected successfully at Fri Apr 24 2026 22:17:46 GMT+0100 (West Africa Time) 
2026-04-24 22:17:46 [INFO]: Database connected successfully 
2026-04-24 22:17:46 [INFO]: Redis connecting... 
2026-04-24 22:17:46 [INFO]: Redis connected successfully 
2026-04-24 22:17:46 [INFO]: Redis initialized and connected 
2026-04-24 22:17:46 [INFO]: Redis connected successfully 
2026-04-24 22:17:46 [INFO]: Socket.IO server initialized 
2026-04-24 22:17:46 [INFO]: getting to  port .. 
2026-04-24 22:17:46 [INFO]: Server running on port 3000 
2026-04-24 22:32:40 [INFO]: ... end of ther server call.. 
2026-04-24 22:32:40 [INFO]: Database pool connected 
2026-04-24 22:32:40 [INFO]: Database extensions initialized 
2026-04-24 22:32:40 [INFO]: Database connected successfully at Fri Apr 24 2026 22:32:40 GMT+0100 (West Africa Time) 
2026-04-24 22:32:40 [INFO]: Database connected successfully 
2026-04-24 22:32:40 [INFO]: Redis connecting... 
2026-04-24 22:32:40 [INFO]: Redis connected successfully 
2026-04-24 22:32:40 [INFO]: Redis initialized and connected 
2026-04-24 22:32:40 [INFO]: Redis connected successfully 
2026-04-24 22:32:40 [INFO]: Socket.IO server initialized 
2026-04-24 22:32:40 [INFO]: getting to  port .. 
2026-04-24 22:32:40 [INFO]: Server running on port 3000 
2026-04-24 23:29:02 [INFO]: ... end of ther server call.. 
2026-04-25 12:50:10 [INFO]: Running pending migrations... 
2026-04-25 12:50:10 [INFO]: Database pool connected 
2026-04-25 12:50:10 [INFO]: Migrations table ready 
2026-04-25 12:50:11 [INFO]: Found 1 pending migration(s) 
2026-04-25 12:50:14 [INFO]: Executed migration: 026_create_wallet_table.js 
2026-04-25 12:50:14 [INFO]: All migrations executed successfully 
2026-04-25 18:25:26 [INFO]: Running pending migrations... 
2026-04-25 18:25:27 [INFO]: Database pool connected 
2026-04-25 18:25:27 [INFO]: Migrations table ready 
2026-04-25 18:25:27 [INFO]: Found 1 pending migration(s) 
2026-04-25 18:25:28 [INFO]: Executed migration: 027_create_user_files_table.js 
2026-04-25 18:25:28 [INFO]: All migrations executed successfully 
2026-04-26 10:27:41 [INFO]: Resetting all migrations... 
2026-04-26 10:27:41 [INFO]: Database pool connected 
2026-04-26 10:27:41 [INFO]: Migrations table ready 
2026-04-26 10:27:42 [INFO]: Rolled back migration: 025_create_subcategories_table.js 
2026-04-26 10:27:43 [INFO]: Rolled back migration: 024_add_soft_delete.js 
2026-04-26 10:27:43 [INFO]: Rolled back migration: 023_add_foreign_keys.js 
2026-04-26 10:27:43 [INFO]: Rolled back migration: 022_create_indexes.js 
2026-04-26 10:27:43 [INFO]: Rolled back migration: 021_create_substitution_requests_table.js 
2026-04-26 10:27:43 [INFO]: Rolled back migration: 020_create_dispatch_requests_table.js 
2026-04-26 10:27:43 [INFO]: Rolled back migration: 019_create_categories_table.js 
2026-04-26 10:27:43 [INFO]: Rolled back migration: 018_create_saved_artisans_table.js 
2026-04-26 10:27:43 [INFO]: Rolled back migration: 017_create_promotions_table.js 
2026-04-26 10:27:43 [INFO]: Rolled back migration: 016_create_training_table.js 
2026-04-26 10:27:43 [INFO]: Rolled back migration: 015_create_job_offers_table.js 
2026-04-26 10:27:43 [INFO]: Rolled back migration: 014_create_escrow_transactions_table.js 
2026-04-26 10:27:44 [INFO]: Rolled back migration: 013_create_audit_logs.js 
2026-04-26 10:27:44 [INFO]: Rolled back migration: 012_create_disputes_table.js 
2026-04-26 10:27:44 [INFO]: Rolled back migration: 011_create_notifications.js 
2026-04-26 10:27:44 [INFO]: Rolled back migration: 010_create_ratings_table.js 
2026-04-26 10:27:44 [INFO]: Rolled back migration: 009_create_location_history.js 
2026-04-26 10:27:44 [INFO]: Rolled back migration: 008_create_warehous_table.js 
2026-04-26 10:27:44 [INFO]: Rolled back migration: 007_create_payments_table.js 
2026-04-26 10:27:44 [INFO]: Rolled back migration: 006_create_bill_of_quantities_table.js 
2026-04-26 10:27:44 [INFO]: Rolled back migration: 005_create_job_billing_table.js 
2026-04-26 10:27:44 [INFO]: Rolled back migration: 004_create_jobs_table.js 
2026-04-26 10:27:44 [INFO]: Rolled back migration: 003_create_artisan_profiles_table.js 
2026-04-26 10:27:44 [INFO]: Rolled back migration: 002_create_client_profiles_table.js 
2026-04-26 10:27:44 [INFO]: Rolled back migration: 001_create_users_table.js 
2026-04-26 10:27:44 [INFO]: All migrations rolled back successfully 
2026-04-26 10:27:56 [INFO]: Running pending migrations... 
2026-04-26 10:27:56 [INFO]: Database pool connected 
2026-04-26 10:27:56 [INFO]: Migrations table ready 
2026-04-26 10:27:56 [INFO]: Found 27 pending migration(s) 
2026-04-26 10:27:57 [INFO]: Executed migration: 001_create_users_table.js 
2026-04-26 10:27:57 [INFO]: Executed migration: 002_create_client_profiles_table.js 
2026-04-26 10:27:58 [INFO]: Executed migration: 003_create_artisan_profiles_table.js 
2026-04-26 10:27:58 [INFO]: Executed migration: 004_create_jobs_table.js 
2026-04-26 10:27:59 [INFO]: Executed migration: 005_create_job_billing_table.js 
2026-04-26 10:27:59 [INFO]: Executed migration: 006_create_bill_of_quantities_table.js 
2026-04-26 10:27:59 [INFO]: Executed migration: 007_create_payments_table.js 
2026-04-26 10:28:00 [INFO]: Executed migration: 008_create_warehous_table.js 
2026-04-26 10:28:01 [INFO]: Executed migration: 009_create_location_history.js 
2026-04-26 10:28:01 [INFO]: Executed migration: 010_create_ratings_table.js 
2026-04-26 10:28:02 [INFO]: Executed migration: 011_create_notifications.js 
2026-04-26 10:28:02 [INFO]: Executed migration: 012_create_disputes_table.js 
2026-04-26 10:28:03 [INFO]: Executed migration: 013_create_audit_logs.js 
2026-04-26 10:28:03 [INFO]: Executed migration: 014_create_escrow_transactions_table.js 
2026-04-26 10:28:04 [INFO]: Executed migration: 015_create_job_offers_table.js 
2026-04-26 10:28:04 [INFO]: Executed migration: 016_create_training_table.js 
2026-04-26 10:28:05 [INFO]: Executed migration: 017_create_promotions_table.js 
2026-04-26 10:28:05 [INFO]: Executed migration: 018_create_saved_artisans_table.js 
2026-04-26 10:28:06 [INFO]: Executed migration: 019_create_categories_table.js 
2026-04-26 10:28:06 [INFO]: Executed migration: 020_create_dispatch_requests_table.js 
2026-04-26 10:28:06 [INFO]: Executed migration: 021_create_substitution_requests_table.js 
2026-04-26 10:28:07 [INFO]: Executed migration: 022_create_indexes.js 
2026-04-26 10:28:07 [INFO]: Executed migration: 023_add_foreign_keys.js 
2026-04-26 10:28:08 [INFO]: Executed migration: 024_add_soft_delete.js 
2026-04-26 10:28:08 [INFO]: Executed migration: 025_create_subcategories_table.js 
2026-04-26 10:28:09 [INFO]: Executed migration: 026_create_wallet_table.js 
2026-04-26 10:28:09 [INFO]: Executed migration: 027_create_user_files_table.js 
2026-04-26 10:28:09 [INFO]: All migrations executed successfully 
2026-04-26 12:47:17 [INFO]: Created upload directory: /home/algorithm/projects/beavers/beavers-backend/uploads/nin-photos 
2026-04-26 13:12:45 [INFO]: ... end of ther server call.. 
2026-04-26 14:03:56 [INFO]: ... end of ther server call.. 
2026-04-26 14:08:52 [INFO]: ... end of ther server call.. 
2026-04-26 14:08:52 [INFO]: Database pool connected 
2026-04-26 14:08:53 [INFO]: Database extensions initialized 
2026-04-26 14:08:55 [INFO]: Database connected successfully at Sun Apr 26 2026 14:08:53 GMT+0100 (West Africa Time) 
2026-04-26 14:08:55 [INFO]: Database connected successfully 
2026-04-26 14:08:55 [INFO]: Redis connecting... 
2026-04-26 14:08:58 [INFO]: Redis connected successfully 
2026-04-26 14:08:58 [INFO]: Redis initialized and connected 
2026-04-26 14:08:58 [INFO]: Redis connected successfully 
2026-04-26 14:08:58 [INFO]: Socket.IO server initialized 
2026-04-26 14:08:58 [INFO]: getting to  port .. 
2026-04-26 14:08:58 [INFO]: Server running on port 3000 
2026-04-26 14:36:16 [INFO]: ... end of ther server call.. 
2026-04-26 14:36:16 [INFO]: Database pool connected 
2026-04-26 14:36:16 [INFO]: Database extensions initialized 
2026-04-26 14:36:16 [INFO]: Database connected successfully at Sun Apr 26 2026 14:36:16 GMT+0100 (West Africa Time) 
2026-04-26 14:36:16 [INFO]: Database connected successfully 
2026-04-26 14:36:16 [INFO]: Redis connecting... 
2026-04-26 14:36:16 [INFO]: Redis connected successfully 
2026-04-26 14:36:16 [INFO]: Redis initialized and connected 
2026-04-26 14:36:16 [INFO]: Redis connected successfully 
2026-04-26 14:36:16 [INFO]: Socket.IO server initialized 
2026-04-26 14:36:16 [INFO]: getting to  port .. 
2026-04-26 14:36:16 [INFO]: Server running on port 3000 
2026-04-26 14:38:15 [INFO]: ... end of ther server call.. 
2026-04-26 14:38:15 [INFO]: Database pool connected 
2026-04-26 14:38:15 [INFO]: Database extensions initialized 
2026-04-26 14:38:15 [INFO]: Database connected successfully at Sun Apr 26 2026 14:38:15 GMT+0100 (West Africa Time) 
2026-04-26 14:38:15 [INFO]: Database connected successfully 
2026-04-26 14:38:15 [INFO]: Redis connecting... 
2026-04-26 14:38:15 [INFO]: Redis connected successfully 
2026-04-26 14:38:15 [INFO]: Redis initialized and connected 
2026-04-26 14:38:15 [INFO]: Redis connected successfully 
2026-04-26 14:38:15 [INFO]: Socket.IO server initialized 
2026-04-26 14:38:15 [INFO]: getting to  port .. 
2026-04-26 14:38:15 [INFO]: Server running on port 3000 
2026-04-26 14:40:20 [INFO]: ... end of ther server call.. 
2026-04-26 14:40:20 [INFO]: Database pool connected 
2026-04-26 14:40:20 [INFO]: Database extensions initialized 
2026-04-26 14:40:20 [INFO]: Database connected successfully at Sun Apr 26 2026 14:40:20 GMT+0100 (West Africa Time) 
2026-04-26 14:40:20 [INFO]: Database connected successfully 
2026-04-26 14:40:20 [INFO]: Redis connecting... 
2026-04-26 14:40:20 [INFO]: Redis connected successfully 
2026-04-26 14:40:20 [INFO]: Redis initialized and connected 
2026-04-26 14:40:20 [INFO]: Redis connected successfully 
2026-04-26 14:40:20 [INFO]: Socket.IO server initialized 
2026-04-26 14:40:20 [INFO]: getting to  port .. 
2026-04-26 14:40:20 [INFO]: Server running on port 3000 
2026-04-26 14:40:39 [INFO]: ... end of ther server call.. 
2026-04-26 14:40:39 [INFO]: Database pool connected 
2026-04-26 14:40:39 [INFO]: Database extensions initialized 
2026-04-26 14:40:39 [INFO]: Database connected successfully at Sun Apr 26 2026 14:40:39 GMT+0100 (West Africa Time) 
2026-04-26 14:40:39 [INFO]: Database connected successfully 
2026-04-26 14:40:39 [INFO]: Redis connecting... 
2026-04-26 14:40:39 [INFO]: Redis connected successfully 
2026-04-26 14:40:39 [INFO]: Redis initialized and connected 
2026-04-26 14:40:39 [INFO]: Redis connected successfully 
2026-04-26 14:40:39 [INFO]: Socket.IO server initialized 
2026-04-26 14:40:39 [INFO]: getting to  port .. 
2026-04-26 14:40:39 [INFO]: Server running on port 3000 
2026-04-26 14:40:48 [ERROR]: Email sending failed: Invalid login: 535-5.7.8 Username and Password not accepted. For more information, go to
535 5.7.8  https://support.google.com/mail/?p=BadCredentials 5b1f17b1804b1-488fc100162sm738684715e9.5 - gsmtp {"code":"EAUTH","response":"535-5.7.8 Username and Password not accepted. For more information, go to\n535 5.7.8  https://support.google.com/mail/?p=BadCredentials 5b1f17b1804b1-488fc100162sm738684715e9.5 - gsmtp","responseCode":535,"command":"AUTH PLAIN","stack":"Error: Invalid login: 535-5.7.8 Username and Password not accepted. For more information, go to\n535 5.7.8  https://support.google.com/mail/?p=BadCredentials 5b1f17b1804b1-488fc100162sm738684715e9.5 - gsmtp\n    at SMTPConnection._formatError (/home/algorithm/projects/beavers/beavers-backend/node_modules/nodemailer/lib/smtp-connection/index.js:809:19)\n    at SMTPConnection._actionAUTHComplete (/home/algorithm/projects/beavers/beavers-backend/node_modules/nodemailer/lib/smtp-connection/index.js:1588:34)\n    at SMTPConnection.<anonymous> (/home/algorithm/projects/beavers/beavers-backend/node_modules/nodemailer/lib/smtp-connection/index.js:556:26)\n    at SMTPConnection._processResponse (/home/algorithm/projects/beavers/beavers-backend/node_modules/nodemailer/lib/smtp-connection/index.js:993:20)\n    at SMTPConnection._onData (/home/algorithm/projects/beavers/beavers-backend/node_modules/nodemailer/lib/smtp-connection/index.js:774:14)\n    at SMTPConnection._onSocketData (/home/algorithm/projects/beavers/beavers-backend/node_modules/nodemailer/lib/smtp-connection/index.js:195:44)\n    at TLSSocket.emit (node:events:508:28)\n    at addChunk (node:internal/streams/readable:563:12)\n    at readableAddChunkPushByteMode (node:internal/streams/readable:514:3)\n    at Readable.push (node:internal/streams/readable:394:5)"}
2026-04-26 14:50:37 [INFO]: ... end of ther server call.. 
2026-04-26 14:50:37 [INFO]: Database pool connected 
2026-04-26 14:50:37 [INFO]: Database extensions initialized 
2026-04-26 14:50:37 [INFO]: Database connected successfully at Sun Apr 26 2026 14:50:37 GMT+0100 (West Africa Time) 
2026-04-26 14:50:37 [INFO]: Database connected successfully 
2026-04-26 14:50:37 [INFO]: Redis connecting... 
2026-04-26 14:50:37 [INFO]: Redis connected successfully 
2026-04-26 14:50:37 [INFO]: Redis initialized and connected 
2026-04-26 14:50:37 [INFO]: Redis connected successfully 
2026-04-26 14:50:37 [INFO]: Socket.IO server initialized 
2026-04-26 14:50:37 [INFO]: getting to  port .. 
2026-04-26 14:50:37 [INFO]: Server running on port 3000 
2026-04-26 14:51:42 [INFO]: Database pool connected 
2026-04-26 14:51:45 [ERROR]: Email sending failed: Invalid login: 535-5.7.8 Username and Password not accepted. For more information, go to
535 5.7.8  https://support.google.com/mail/?p=BadCredentials 5b1f17b1804b1-4891df9e50asm428906775e9.0 - gsmtp {"code":"EAUTH","response":"535-5.7.8 Username and Password not accepted. For more information, go to\n535 5.7.8  https://support.google.com/mail/?p=BadCredentials 5b1f17b1804b1-4891df9e50asm428906775e9.0 - gsmtp","responseCode":535,"command":"AUTH PLAIN","stack":"Error: Invalid login: 535-5.7.8 Username and Password not accepted. For more information, go to\n535 5.7.8  https://support.google.com/mail/?p=BadCredentials 5b1f17b1804b1-4891df9e50asm428906775e9.0 - gsmtp\n    at SMTPConnection._formatError (/home/algorithm/projects/beavers/beavers-backend/node_modules/nodemailer/lib/smtp-connection/index.js:809:19)\n    at SMTPConnection._actionAUTHComplete (/home/algorithm/projects/beavers/beavers-backend/node_modules/nodemailer/lib/smtp-connection/index.js:1588:34)\n    at SMTPConnection.<anonymous> (/home/algorithm/projects/beavers/beavers-backend/node_modules/nodemailer/lib/smtp-connection/index.js:556:26)\n    at SMTPConnection._processResponse (/home/algorithm/projects/beavers/beavers-backend/node_modules/nodemailer/lib/smtp-connection/index.js:993:20)\n    at SMTPConnection._onData (/home/algorithm/projects/beavers/beavers-backend/node_modules/nodemailer/lib/smtp-connection/index.js:774:14)\n    at SMTPConnection._onSocketData (/home/algorithm/projects/beavers/beavers-backend/node_modules/nodemailer/lib/smtp-connection/index.js:195:44)\n    at TLSSocket.emit (node:events:508:28)\n    at addChunk (node:internal/streams/readable:563:12)\n    at readableAddChunkPushByteMode (node:internal/streams/readable:514:3)\n    at Readable.push (node:internal/streams/readable:394:5)"}
2026-04-26 14:53:18 [INFO]: ... end of ther server call.. 
2026-04-26 14:53:18 [INFO]: Database pool connected 
2026-04-26 14:53:18 [INFO]: Database extensions initialized 
2026-04-26 14:53:18 [INFO]: Database connected successfully at Sun Apr 26 2026 14:53:18 GMT+0100 (West Africa Time) 
2026-04-26 14:53:18 [INFO]: Database connected successfully 
2026-04-26 14:53:18 [INFO]: Redis connecting... 
2026-04-26 14:53:18 [INFO]: Redis connected successfully 
2026-04-26 14:53:18 [INFO]: Redis initialized and connected 
2026-04-26 14:53:18 [INFO]: Redis connected successfully 
2026-04-26 14:53:18 [INFO]: Socket.IO server initialized 
2026-04-26 14:53:18 [INFO]: getting to  port .. 
2026-04-26 14:53:18 [INFO]: Server running on port 3000 
2026-04-26 14:54:06 [INFO]: ... end of ther server call.. 
2026-04-26 14:54:06 [INFO]: Database pool connected 
2026-04-26 14:54:06 [INFO]: Database extensions initialized 
2026-04-26 14:54:06 [INFO]: Database connected successfully at Sun Apr 26 2026 14:54:06 GMT+0100 (West Africa Time) 
2026-04-26 14:54:06 [INFO]: Database connected successfully 
2026-04-26 14:54:06 [INFO]: Redis connecting... 
2026-04-26 14:54:06 [INFO]: Redis connected successfully 
2026-04-26 14:54:06 [INFO]: Redis initialized and connected 
2026-04-26 14:54:06 [INFO]: Redis connected successfully 
2026-04-26 14:54:06 [INFO]: Socket.IO server initialized 
2026-04-26 14:54:06 [INFO]: getting to  port .. 
2026-04-26 14:54:06 [INFO]: Server running on port 3000 
2026-04-26 14:54:10 [INFO]: Test environment - OTP for joe@gmail.com: 483818 
2026-04-26 14:54:10 [INFO]: New client registered: joe@gmail.com 
2026-04-26 15:05:37 [INFO]: ... end of ther server call.. 
2026-04-26 15:05:37 [INFO]: Database pool connected 
2026-04-26 15:05:37 [INFO]: Database extensions initialized 
2026-04-26 15:05:37 [INFO]: Database connected successfully at Sun Apr 26 2026 15:05:37 GMT+0100 (West Africa Time) 
2026-04-26 15:05:37 [INFO]: Database connected successfully 
2026-04-26 15:05:37 [INFO]: Redis connecting... 
2026-04-26 15:05:37 [INFO]: Redis connected successfully 
2026-04-26 15:05:37 [INFO]: Redis initialized and connected 
2026-04-26 15:05:37 [INFO]: Redis connected successfully 
2026-04-26 15:05:37 [INFO]: Socket.IO server initialized 
2026-04-26 15:05:37 [INFO]: getting to  port .. 
2026-04-26 15:05:37 [INFO]: Server running on port 3000 
2026-04-26 15:07:36 [INFO]: ... end of ther server call.. 
2026-04-26 15:07:36 [INFO]: Database pool connected 
2026-04-26 15:07:36 [INFO]: Database extensions initialized 
2026-04-26 15:07:36 [INFO]: Database connected successfully at Sun Apr 26 2026 15:07:36 GMT+0100 (West Africa Time) 
2026-04-26 15:07:36 [INFO]: Database connected successfully 
2026-04-26 15:07:36 [INFO]: Redis connecting... 
2026-04-26 15:07:36 [INFO]: Redis connected successfully 
2026-04-26 15:07:36 [INFO]: Redis initialized and connected 
2026-04-26 15:07:36 [INFO]: Redis connected successfully 
2026-04-26 15:07:36 [INFO]: Socket.IO server initialized 
2026-04-26 15:07:36 [INFO]: getting to  port .. 
2026-04-26 15:07:36 [INFO]: Server running on port 3000 
2026-04-26 15:08:06 [INFO]: Database pool connected 
2026-04-26 15:08:43 [INFO]: Test environment - OTP for tola@gmail.com: 534871 
2026-04-26 15:08:43 [INFO]: New client registered: tola@gmail.com 
2026-04-26 15:10:46 [INFO]: ... end of ther server call.. 
2026-04-26 15:10:46 [INFO]: Database pool connected 
2026-04-26 15:10:46 [INFO]: Database extensions initialized 
2026-04-26 15:10:46 [INFO]: Database connected successfully at Sun Apr 26 2026 15:10:46 GMT+0100 (West Africa Time) 
2026-04-26 15:10:46 [INFO]: Database connected successfully 
2026-04-26 15:10:46 [INFO]: Redis connecting... 
2026-04-26 15:10:46 [INFO]: Redis connected successfully 
2026-04-26 15:10:46 [INFO]: Redis initialized and connected 
2026-04-26 15:10:46 [INFO]: Redis connected successfully 
2026-04-26 15:10:46 [INFO]: Socket.IO server initialized 
2026-04-26 15:10:46 [INFO]: getting to  port .. 
2026-04-26 15:10:46 [INFO]: Server running on port 3000 
2026-04-26 15:11:25 [INFO]: Test environment - OTP for bola@gmail.com: 694083 
2026-04-26 15:11:25 [INFO]: New client registered: bola@gmail.com 
2026-04-26 15:13:11 [INFO]: ... end of ther server call.. 
2026-04-26 15:13:11 [INFO]: Database pool connected 
2026-04-26 15:13:11 [INFO]: Database extensions initialized 
2026-04-26 15:13:11 [INFO]: Database connected successfully at Sun Apr 26 2026 15:13:11 GMT+0100 (West Africa Time) 
2026-04-26 15:13:11 [INFO]: Database connected successfully 
2026-04-26 15:13:11 [INFO]: Redis connecting... 
2026-04-26 15:13:11 [INFO]: Redis connected successfully 
2026-04-26 15:13:11 [INFO]: Redis initialized and connected 
2026-04-26 15:13:11 [INFO]: Redis connected successfully 
2026-04-26 15:13:11 [INFO]: Socket.IO server initialized 
2026-04-26 15:13:11 [INFO]: getting to  port .. 
2026-04-26 15:13:11 [INFO]: Server running on port 3000 
2026-04-26 15:13:25 [INFO]: Test environment - OTP for kola@gmail.com: 867962 
2026-04-26 15:13:25 [INFO]: New client registered: kola@gmail.com 
2026-04-26 15:15:09 [INFO]: ... end of ther server call.. 
2026-04-26 15:15:09 [INFO]: Database pool connected 
2026-04-26 15:15:09 [INFO]: Database extensions initialized 
2026-04-26 15:15:09 [INFO]: Database connected successfully at Sun Apr 26 2026 15:15:09 GMT+0100 (West Africa Time) 
2026-04-26 15:15:09 [INFO]: Database connected successfully 
2026-04-26 15:15:09 [INFO]: Redis connecting... 
2026-04-26 15:15:09 [INFO]: Redis connected successfully 
2026-04-26 15:15:09 [INFO]: Redis initialized and connected 
2026-04-26 15:15:09 [INFO]: Redis connected successfully 
2026-04-26 15:15:09 [INFO]: Socket.IO server initialized 
2026-04-26 15:15:09 [INFO]: getting to  port .. 
2026-04-26 15:15:09 [INFO]: Server running on port 3000 
2026-04-26 15:15:23 [INFO]: Test environment - OTP for sola@gmail.com: 777502 
2026-04-26 15:15:23 [INFO]: New client registered: sola@gmail.com 
2026-04-26 15:15:23 [INFO]: profile:  
2026-04-26 15:26:14 [INFO]: ... end of ther server call.. 
2026-04-26 15:26:14 [INFO]: Database pool connected 
2026-04-26 15:26:14 [INFO]: Database extensions initialized 
2026-04-26 15:26:14 [INFO]: Database connected successfully at Sun Apr 26 2026 15:26:14 GMT+0100 (West Africa Time) 
2026-04-26 15:26:14 [INFO]: Database connected successfully 
2026-04-26 15:26:14 [INFO]: Redis connecting... 
2026-04-26 15:26:14 [INFO]: Redis connected successfully 
2026-04-26 15:26:14 [INFO]: Redis initialized and connected 
2026-04-26 15:26:14 [INFO]: Redis connected successfully 
2026-04-26 15:26:14 [INFO]: Socket.IO server initialized 
2026-04-26 15:26:14 [INFO]: getting to  port .. 
2026-04-26 15:26:14 [INFO]: Server running on port 3000 
2026-04-26 15:27:02 [INFO]: ... end of ther server call.. 
2026-04-26 15:27:02 [INFO]: Database pool connected 
2026-04-26 15:27:02 [INFO]: Database extensions initialized 
2026-04-26 15:27:02 [INFO]: Database connected successfully at Sun Apr 26 2026 15:27:02 GMT+0100 (West Africa Time) 
2026-04-26 15:27:02 [INFO]: Database connected successfully 
2026-04-26 15:27:02 [INFO]: Redis connecting... 
2026-04-26 15:27:02 [INFO]: Redis connected successfully 
2026-04-26 15:27:02 [INFO]: Redis initialized and connected 
2026-04-26 15:27:02 [INFO]: Redis connected successfully 
2026-04-26 15:27:02 [INFO]: Socket.IO server initialized 
2026-04-26 15:27:02 [INFO]: getting to  port .. 
2026-04-26 15:27:02 [INFO]: Server running on port 3000 
2026-04-26 15:27:25 [INFO]: ... end of ther server call.. 
2026-04-26 15:27:25 [INFO]: Database pool connected 
2026-04-26 15:27:25 [INFO]: Database extensions initialized 
2026-04-26 15:27:25 [INFO]: Database connected successfully at Sun Apr 26 2026 15:27:25 GMT+0100 (West Africa Time) 
2026-04-26 15:27:25 [INFO]: Database connected successfully 
2026-04-26 15:27:25 [INFO]: Redis connecting... 
2026-04-26 15:27:25 [INFO]: Redis connected successfully 
2026-04-26 15:27:25 [INFO]: Redis initialized and connected 
2026-04-26 15:27:25 [INFO]: Redis connected successfully 
2026-04-26 15:27:25 [INFO]: Socket.IO server initialized 
2026-04-26 15:27:25 [INFO]: getting to  port .. 
2026-04-26 15:27:25 [INFO]: Server running on port 3000 
2026-04-26 15:27:44 [INFO]: Test environment - OTP for shola@gmail.com: 404628 
2026-04-26 15:27:44 [INFO]: New client registered: shola@gmail.com 
2026-04-26 15:27:44 [INFO]: profile:  {"user_id":"b4a5f164-b7e6-4421-be01-13c1484eedc2","full_legal_name":"Joe Marting","nin":"1234567890","street_address":"5, Lagos Agogo","service_address":"23, Aina street","verification_documents":{"ninPhoto":"https://api.beaverworks.com/uploads/nin-photos/195696da-e021-4b15-868b-3d702df2bf28.png","passportPhoto":"https://api.beaverworks.com/uploads/profile-photos/057c667c-9a9b-4c50-a787-b55f4732a6ef.png"},"created_at":"2026-04-26T14:27:44.186Z"}
2026-04-26 15:34:28 [INFO]: ... end of ther server call.. 
2026-04-26 15:34:28 [INFO]: Database pool connected 
2026-04-26 15:34:28 [INFO]: Database extensions initialized 
2026-04-26 15:34:28 [INFO]: Database connected successfully at Sun Apr 26 2026 15:34:28 GMT+0100 (West Africa Time) 
2026-04-26 15:34:28 [INFO]: Database connected successfully 
2026-04-26 15:34:28 [INFO]: Redis connecting... 
2026-04-26 15:34:28 [INFO]: Redis connected successfully 
2026-04-26 15:34:28 [INFO]: Redis initialized and connected 
2026-04-26 15:34:28 [INFO]: Redis connected successfully 
2026-04-26 15:34:28 [INFO]: Socket.IO server initialized 
2026-04-26 15:34:28 [INFO]: getting to  port .. 
2026-04-26 15:34:28 [INFO]: Server running on port 3000 
2026-04-26 15:37:52 [INFO]: ... end of ther server call.. 
2026-04-26 15:37:52 [INFO]: Database pool connected 
2026-04-26 15:37:52 [INFO]: Database extensions initialized 
2026-04-26 15:37:52 [INFO]: Database connected successfully at Sun Apr 26 2026 15:37:52 GMT+0100 (West Africa Time) 
2026-04-26 15:37:52 [INFO]: Database connected successfully 
2026-04-26 15:37:52 [INFO]: Redis connecting... 
2026-04-26 15:37:52 [INFO]: Redis connected successfully 
2026-04-26 15:37:52 [INFO]: Redis initialized and connected 
2026-04-26 15:37:52 [INFO]: Redis connected successfully 
2026-04-26 15:37:52 [INFO]: Socket.IO server initialized 
2026-04-26 15:37:52 [INFO]: getting to  port .. 
2026-04-26 15:37:52 [INFO]: Server running on port 3000 
2026-04-26 15:39:08 [INFO]: SIGINT received. Starting graceful shutdown... 
2026-04-26 15:39:25 [INFO]: Resetting all migrations... 
2026-04-26 15:39:25 [INFO]: Database pool connected 
2026-04-26 15:39:25 [INFO]: Migrations table ready 
2026-04-26 15:39:26 [INFO]: Rolled back migration: 027_create_user_files_table.js 
2026-04-26 15:39:26 [INFO]: Rolled back migration: 026_create_wallet_table.js 
2026-04-26 15:39:26 [INFO]: Rolled back migration: 025_create_subcategories_table.js 
2026-04-26 15:39:26 [INFO]: Rolled back migration: 024_add_soft_delete.js 
2026-04-26 15:39:26 [INFO]: Rolled back migration: 023_add_foreign_keys.js 
2026-04-26 15:39:26 [INFO]: Rolled back migration: 022_create_indexes.js 
2026-04-26 15:39:26 [INFO]: Rolled back migration: 021_create_substitution_requests_table.js 
2026-04-26 15:39:26 [INFO]: Rolled back migration: 020_create_dispatch_requests_table.js 
2026-04-26 15:39:26 [INFO]: Rolled back migration: 019_create_categories_table.js 
2026-04-26 15:39:27 [INFO]: Rolled back migration: 018_create_saved_artisans_table.js 
2026-04-26 15:39:27 [INFO]: Rolled back migration: 017_create_promotions_table.js 
2026-04-26 15:39:27 [INFO]: Rolled back migration: 016_create_training_table.js 
2026-04-26 15:39:27 [INFO]: Rolled back migration: 015_create_job_offers_table.js 
2026-04-26 15:39:27 [INFO]: Rolled back migration: 014_create_escrow_transactions_table.js 
2026-04-26 15:39:27 [INFO]: Rolled back migration: 013_create_audit_logs.js 
2026-04-26 15:39:27 [INFO]: Rolled back migration: 012_create_disputes_table.js 
2026-04-26 15:39:27 [INFO]: Rolled back migration: 011_create_notifications.js 
2026-04-26 15:39:27 [INFO]: Rolled back migration: 010_create_ratings_table.js 
2026-04-26 15:39:27 [INFO]: Rolled back migration: 009_create_location_history.js 
2026-04-26 15:39:27 [INFO]: Rolled back migration: 008_create_warehous_table.js 
2026-04-26 15:39:27 [INFO]: Rolled back migration: 007_create_payments_table.js 
2026-04-26 15:39:27 [INFO]: Rolled back migration: 006_create_bill_of_quantities_table.js 
2026-04-26 15:39:27 [INFO]: Rolled back migration: 005_create_job_billing_table.js 
2026-04-26 15:39:27 [INFO]: Rolled back migration: 004_create_jobs_table.js 
2026-04-26 15:39:27 [INFO]: Rolled back migration: 003_create_artisan_profiles_table.js 
2026-04-26 15:39:27 [INFO]: Rolled back migration: 002_create_client_profiles_table.js 
2026-04-26 15:39:27 [INFO]: Rolled back migration: 001_create_users_table.js 
2026-04-26 15:39:27 [INFO]: All migrations rolled back successfully 
2026-04-26 15:39:35 [INFO]: Running pending migrations... 
2026-04-26 15:39:35 [INFO]: Database pool connected 
2026-04-26 15:39:35 [INFO]: Migrations table ready 
2026-04-26 15:39:35 [INFO]: Found 27 pending migration(s) 
2026-04-26 15:39:36 [INFO]: Executed migration: 001_create_users_table.js 
2026-04-26 15:39:36 [INFO]: Executed migration: 002_create_client_profiles_table.js 
2026-04-26 15:39:37 [INFO]: Executed migration: 003_create_artisan_profiles_table.js 
2026-04-26 15:39:37 [INFO]: Executed migration: 004_create_jobs_table.js 
2026-04-26 15:39:38 [INFO]: Executed migration: 005_create_job_billing_table.js 
2026-04-26 15:39:38 [INFO]: Executed migration: 006_create_bill_of_quantities_table.js 
2026-04-26 15:39:38 [INFO]: Executed migration: 007_create_payments_table.js 
2026-04-26 15:39:39 [INFO]: Executed migration: 008_create_warehous_table.js 
2026-04-26 15:39:40 [INFO]: Executed migration: 009_create_location_history.js 
2026-04-26 15:39:40 [INFO]: Executed migration: 010_create_ratings_table.js 
2026-04-26 15:39:41 [INFO]: Executed migration: 011_create_notifications.js 
2026-04-26 15:39:41 [INFO]: Executed migration: 012_create_disputes_table.js 
2026-04-26 15:39:42 [INFO]: Executed migration: 013_create_audit_logs.js 
2026-04-26 15:39:43 [INFO]: Executed migration: 014_create_escrow_transactions_table.js 
2026-04-26 15:39:43 [INFO]: Executed migration: 015_create_job_offers_table.js 
2026-04-26 15:39:44 [INFO]: Executed migration: 016_create_training_table.js 
2026-04-26 15:39:44 [INFO]: Executed migration: 017_create_promotions_table.js 
2026-04-26 15:39:45 [INFO]: Executed migration: 018_create_saved_artisans_table.js 
2026-04-26 15:39:45 [INFO]: Executed migration: 019_create_categories_table.js 
2026-04-26 15:39:46 [INFO]: Executed migration: 020_create_dispatch_requests_table.js 
2026-04-26 15:39:46 [INFO]: Executed migration: 021_create_substitution_requests_table.js 
2026-04-26 15:39:47 [INFO]: Executed migration: 022_create_indexes.js 
2026-04-26 15:39:47 [INFO]: Executed migration: 023_add_foreign_keys.js 
2026-04-26 15:39:47 [INFO]: Executed migration: 024_add_soft_delete.js 
2026-04-26 15:39:48 [INFO]: Executed migration: 025_create_subcategories_table.js 
2026-04-26 15:39:49 [INFO]: Executed migration: 026_create_wallet_table.js 
2026-04-26 15:39:49 [INFO]: Executed migration: 027_create_user_files_table.js 
2026-04-26 15:39:49 [INFO]: All migrations executed successfully 
2026-04-26 15:55:47 [INFO]: ... end of ther server call.. 
2026-04-26 15:55:47 [INFO]: Database pool connected 
2026-04-26 15:55:47 [INFO]: Database extensions initialized 
2026-04-26 15:55:47 [INFO]: Database connected successfully at Sun Apr 26 2026 15:55:47 GMT+0100 (West Africa Time) 
2026-04-26 15:55:47 [INFO]: Database connected successfully 
2026-04-26 15:55:47 [INFO]: Redis connecting... 
2026-04-26 15:55:47 [INFO]: Redis connected successfully 
2026-04-26 15:55:47 [INFO]: Redis initialized and connected 
2026-04-26 15:55:47 [INFO]: Redis connected successfully 
2026-04-26 15:55:47 [INFO]: Socket.IO server initialized 
2026-04-26 15:55:47 [INFO]: getting to  port .. 
2026-04-26 15:55:47 [INFO]: Server running on port 3000 
2026-04-26 15:55:58 [INFO]: Test environment - OTP for shola@gmail.com: 191382 
2026-04-26 15:55:58 [INFO]: New client registered: shola@gmail.com 
2026-04-26 15:55:58 [INFO]: profile:  {"user_id":"d3b5cde2-e25f-4902-aec4-5cf8021e8537","full_legal_name":"Joe Marting","nin":"1234567890","street_address":"5, Lagos Agogo","service_address":"23, Aina street","verification_documents":{"ninPhoto":"https://api.beaverworks.com/uploads/nin-photos/f29912a7-8eeb-4e08-9621-4229a7801201.png","passportPhoto":"https://api.beaverworks.com/uploads/profile-photos/da8dafc8-94f5-4323-946e-fcc006497f1a.png"},"created_at":"2026-04-26T14:55:57.798Z"}
2026-04-26 15:56:46 [INFO]: ... end of ther server call.. 
2026-04-26 15:56:46 [INFO]: Database pool connected 
2026-04-26 15:56:46 [INFO]: Database extensions initialized 
2026-04-26 15:56:46 [INFO]: Database connected successfully at Sun Apr 26 2026 15:56:46 GMT+0100 (West Africa Time) 
2026-04-26 15:56:46 [INFO]: Database connected successfully 
2026-04-26 15:56:46 [INFO]: Redis connecting... 
2026-04-26 15:56:46 [INFO]: Redis connected successfully 
2026-04-26 15:56:46 [INFO]: Redis initialized and connected 
2026-04-26 15:56:46 [INFO]: Redis connected successfully 
2026-04-26 15:56:46 [INFO]: Socket.IO server initialized 
2026-04-26 15:56:46 [INFO]: getting to  port .. 
2026-04-26 15:56:46 [INFO]: Server running on port 3000 
2026-04-26 15:57:55 [INFO]: Database pool connected 
2026-04-26 15:57:55 [INFO]: Test environment - OTP for kola@gmail.com: 738067 
2026-04-26 15:57:55 [INFO]: New client registered: kola@gmail.com 
2026-04-26 15:57:55 [INFO]: profile:  {"user_id":"f102bde6-81eb-4d75-9076-b12252eede04","full_legal_name":"Bola Kareem","nin":"1234567890","street_address":"5, Lagos Agogo","service_address":"23, Aina street","verification_documents":{"ninPhoto":"https://api.beaverworks.com/uploads/nin-photos/4eca9ac0-ee5e-4ce4-926e-a22f1b50c479.png","passportPhoto":"https://api.beaverworks.com/uploads/profile-photos/db6645e4-908d-4993-8ac5-960587df6da3.png"},"created_at":"2026-04-26T14:57:55.274Z"}
2026-04-26 15:59:31 [INFO]: ... end of ther server call.. 
2026-04-26 15:59:31 [INFO]: Database pool connected 
2026-04-26 15:59:31 [INFO]: Database extensions initialized 
2026-04-26 15:59:31 [INFO]: Database connected successfully at Sun Apr 26 2026 15:59:31 GMT+0100 (West Africa Time) 
2026-04-26 15:59:31 [INFO]: Database connected successfully 
2026-04-26 15:59:31 [INFO]: Redis connecting... 
2026-04-26 15:59:31 [INFO]: Redis connected successfully 
2026-04-26 15:59:31 [INFO]: Redis initialized and connected 
2026-04-26 15:59:31 [INFO]: Redis connected successfully 
2026-04-26 15:59:31 [INFO]: Socket.IO server initialized 
2026-04-26 15:59:31 [INFO]: getting to  port .. 
2026-04-26 15:59:31 [INFO]: Server running on port 3000 
2026-04-26 16:06:12 [INFO]: Database pool connected 
2026-04-26 16:10:57 [INFO]: ... end of ther server call.. 
2026-04-26 16:10:57 [INFO]: Database pool connected 
2026-04-26 16:10:57 [INFO]: Database extensions initialized 
2026-04-26 16:10:57 [INFO]: Database connected successfully at Sun Apr 26 2026 16:10:57 GMT+0100 (West Africa Time) 
2026-04-26 16:10:57 [INFO]: Database connected successfully 
2026-04-26 16:10:57 [INFO]: Redis connecting... 
2026-04-26 16:10:57 [INFO]: Redis connected successfully 
2026-04-26 16:10:57 [INFO]: Redis initialized and connected 
2026-04-26 16:10:57 [INFO]: Redis connected successfully 
2026-04-26 16:10:57 [INFO]: Socket.IO server initialized 
2026-04-26 16:10:57 [INFO]: getting to  port .. 
2026-04-26 16:10:57 [INFO]: Server running on port 3000 
2026-04-26 16:12:19 [INFO]: ... end of ther server call.. 
2026-04-26 16:12:19 [INFO]: Database pool connected 
2026-04-26 16:12:19 [INFO]: Database extensions initialized 
2026-04-26 16:12:19 [INFO]: Database connected successfully at Sun Apr 26 2026 16:12:19 GMT+0100 (West Africa Time) 
2026-04-26 16:12:19 [INFO]: Database connected successfully 
2026-04-26 16:12:19 [INFO]: Redis connecting... 
2026-04-26 16:12:19 [INFO]: Redis connected successfully 
2026-04-26 16:12:19 [INFO]: Redis initialized and connected 
2026-04-26 16:12:19 [INFO]: Redis connected successfully 
2026-04-26 16:12:19 [INFO]: Socket.IO server initialized 
2026-04-26 16:12:19 [INFO]: getting to  port .. 
2026-04-26 16:12:19 [INFO]: Server running on port 3000 
2026-04-26 16:15:50 [INFO]: ... end of ther server call.. 
2026-04-26 16:15:50 [INFO]: Database pool connected 
2026-04-26 16:15:50 [INFO]: Database extensions initialized 
2026-04-26 16:15:50 [INFO]: Database connected successfully at Sun Apr 26 2026 16:15:50 GMT+0100 (West Africa Time) 
2026-04-26 16:15:50 [INFO]: Database connected successfully 
2026-04-26 16:15:50 [INFO]: Redis connecting... 
2026-04-26 16:15:50 [INFO]: Redis connected successfully 
2026-04-26 16:15:50 [INFO]: Redis initialized and connected 
2026-04-26 16:15:50 [INFO]: Redis connected successfully 
2026-04-26 16:15:50 [INFO]: Socket.IO server initialized 
2026-04-26 16:15:50 [INFO]: getting to  port .. 
2026-04-26 16:15:50 [INFO]: Server running on port 3000 
2026-04-26 16:18:36 [INFO]: ... end of ther server call.. 
2026-04-26 16:18:37 [INFO]: Database pool connected 
2026-04-26 16:18:37 [INFO]: Database extensions initialized 
2026-04-26 16:18:37 [INFO]: Database connected successfully at Sun Apr 26 2026 16:18:37 GMT+0100 (West Africa Time) 
2026-04-26 16:18:37 [INFO]: Database connected successfully 
2026-04-26 16:18:37 [INFO]: Redis connecting... 
2026-04-26 16:18:37 [INFO]: Redis connected successfully 
2026-04-26 16:18:37 [INFO]: Redis initialized and connected 
2026-04-26 16:18:37 [INFO]: Redis connected successfully 
2026-04-26 16:18:37 [INFO]: Socket.IO server initialized 
2026-04-26 16:18:37 [INFO]: getting to  port .. 
2026-04-26 16:18:37 [INFO]: Server running on port 3000 
2026-04-26 16:19:06 [INFO]: ... end of ther server call.. 
2026-04-26 16:19:06 [INFO]: Database pool connected 
2026-04-26 16:19:06 [INFO]: Database extensions initialized 
2026-04-26 16:19:06 [INFO]: Database connected successfully at Sun Apr 26 2026 16:19:06 GMT+0100 (West Africa Time) 
2026-04-26 16:19:06 [INFO]: Database connected successfully 
2026-04-26 16:19:06 [INFO]: Redis connecting... 
2026-04-26 16:19:06 [INFO]: Redis connected successfully 
2026-04-26 16:19:06 [INFO]: Redis initialized and connected 
2026-04-26 16:19:06 [INFO]: Redis connected successfully 
2026-04-26 16:19:06 [INFO]: Socket.IO server initialized 
2026-04-26 16:19:06 [INFO]: getting to  port .. 
2026-04-26 16:19:06 [INFO]: Server running on port 3000 
2026-04-26 16:20:41 [INFO]: ... end of ther server call.. 
2026-04-26 16:20:41 [INFO]: Database pool connected 
2026-04-26 16:20:41 [INFO]: Database extensions initialized 
2026-04-26 16:20:41 [INFO]: Database connected successfully at Sun Apr 26 2026 16:20:41 GMT+0100 (West Africa Time) 
2026-04-26 16:20:41 [INFO]: Database connected successfully 
2026-04-26 16:20:41 [INFO]: Redis connecting... 
2026-04-26 16:20:41 [INFO]: Redis connected successfully 
2026-04-26 16:20:41 [INFO]: Redis initialized and connected 
2026-04-26 16:20:41 [INFO]: Redis connected successfully 
2026-04-26 16:20:41 [INFO]: Socket.IO server initialized 
2026-04-26 16:20:41 [INFO]: getting to  port .. 
2026-04-26 16:20:41 [INFO]: Server running on port 3000 
2026-04-26 16:24:24 [INFO]: ... end of ther server call.. 
2026-04-26 16:24:24 [INFO]: Database pool connected 
2026-04-26 16:24:24 [INFO]: Database extensions initialized 
2026-04-26 16:24:24 [INFO]: Database connected successfully at Sun Apr 26 2026 16:24:24 GMT+0100 (West Africa Time) 
2026-04-26 16:24:24 [INFO]: Database connected successfully 
2026-04-26 16:24:24 [INFO]: Redis connecting... 
2026-04-26 16:24:24 [INFO]: Redis connected successfully 
2026-04-26 16:24:24 [INFO]: Redis initialized and connected 
2026-04-26 16:24:24 [INFO]: Redis connected successfully 
2026-04-26 16:24:24 [INFO]: Socket.IO server initialized 
2026-04-26 16:24:24 [INFO]: getting to  port .. 
2026-04-26 16:24:24 [INFO]: Server running on port 3000 
2026-04-26 16:25:37 [INFO]: ... end of ther server call.. 
2026-04-26 16:25:37 [INFO]: Database pool connected 
2026-04-26 16:25:37 [INFO]: Database extensions initialized 
2026-04-26 16:25:37 [INFO]: Database connected successfully at Sun Apr 26 2026 16:25:37 GMT+0100 (West Africa Time) 
2026-04-26 16:25:37 [INFO]: Database connected successfully 
2026-04-26 16:25:37 [INFO]: Redis connecting... 
2026-04-26 16:25:37 [INFO]: Redis connected successfully 
2026-04-26 16:25:37 [INFO]: Redis initialized and connected 
2026-04-26 16:25:37 [INFO]: Redis connected successfully 
2026-04-26 16:25:37 [INFO]: Socket.IO server initialized 
2026-04-26 16:25:37 [INFO]: getting to  port .. 
2026-04-26 16:25:37 [INFO]: Server running on port 3000 
2026-04-26 16:26:25 [INFO]: ... end of ther server call.. 
2026-04-26 16:26:25 [INFO]: Database pool connected 
2026-04-26 16:26:25 [INFO]: Database extensions initialized 
2026-04-26 16:26:25 [INFO]: Database connected successfully at Sun Apr 26 2026 16:26:25 GMT+0100 (West Africa Time) 
2026-04-26 16:26:25 [INFO]: Database connected successfully 
2026-04-26 16:26:25 [INFO]: Redis connecting... 
2026-04-26 16:26:25 [INFO]: Redis connected successfully 
2026-04-26 16:26:25 [INFO]: Redis initialized and connected 
2026-04-26 16:26:25 [INFO]: Redis connected successfully 
2026-04-26 16:26:25 [INFO]: Socket.IO server initialized 
2026-04-26 16:26:25 [INFO]: getting to  port .. 
2026-04-26 16:26:25 [INFO]: Server running on port 3000 
2026-04-26 16:33:58 [INFO]: ... end of ther server call.. 
2026-04-26 16:33:58 [INFO]: Database pool connected 
2026-04-26 16:33:58 [INFO]: Database extensions initialized 
2026-04-26 16:33:58 [INFO]: Database connected successfully at Sun Apr 26 2026 16:33:58 GMT+0100 (West Africa Time) 
2026-04-26 16:33:58 [INFO]: Database connected successfully 
2026-04-26 16:33:58 [INFO]: Redis connecting... 
2026-04-26 16:33:58 [INFO]: Redis connected successfully 
2026-04-26 16:33:58 [INFO]: Redis initialized and connected 
2026-04-26 16:33:58 [INFO]: Redis connected successfully 
2026-04-26 16:33:58 [INFO]: Socket.IO server initialized 
2026-04-26 16:33:58 [INFO]: getting to  port .. 
2026-04-26 16:33:58 [INFO]: Server running on port 3000 
2026-04-26 16:35:25 [INFO]: Database pool connected 
2026-04-26 16:35:26 [INFO]: Test environment - OTP for mikilola@gmail.com: 477810 
2026-04-26 16:35:26 [INFO]: New client registered: mikilola@gmail.com 
2026-04-26 16:35:26 [INFO]: profile:  {"user_id":"76931849-d5f1-4c0c-98de-c8ab3b89b1cf","full_legal_name":"Bola Kareem","nin":"1234567890","street_address":"5, Lagos Agogo","service_address":"23, Aina street","verification_documents":{"ninPhoto":"https://api.beaverworks.com/uploads/nin-photos/86ef5907-a068-43ff-9cf0-e5ed32ef9438.png","passportPhoto":"https://api.beaverworks.com/uploads/profile-photos/6ba0a138-edb6-4402-a778-7a51e7126a2f.png"},"created_at":"2026-04-26T15:35:25.721Z"}
2026-04-26 16:38:50 [INFO]: ... end of ther server call.. 
2026-04-26 16:38:50 [INFO]: Database pool connected 
2026-04-26 16:38:50 [INFO]: Database extensions initialized 
2026-04-26 16:38:50 [INFO]: Database connected successfully at Sun Apr 26 2026 16:38:50 GMT+0100 (West Africa Time) 
2026-04-26 16:38:50 [INFO]: Database connected successfully 
2026-04-26 16:38:50 [INFO]: Redis connecting... 
2026-04-26 16:38:50 [INFO]: Redis connected successfully 
2026-04-26 16:38:50 [INFO]: Redis initialized and connected 
2026-04-26 16:38:50 [INFO]: Redis connected successfully 
2026-04-26 16:38:50 [INFO]: Socket.IO server initialized 
2026-04-26 16:38:50 [INFO]: getting to  port .. 
2026-04-26 16:38:50 [INFO]: Server running on port 3000 
2026-04-26 16:39:00 [INFO]: ... end of ther server call.. 
2026-04-26 16:39:00 [INFO]: Database pool connected 
2026-04-26 16:39:00 [INFO]: Database extensions initialized 
2026-04-26 16:39:00 [INFO]: Database connected successfully at Sun Apr 26 2026 16:39:00 GMT+0100 (West Africa Time) 
2026-04-26 16:39:00 [INFO]: Database connected successfully 
2026-04-26 16:39:00 [INFO]: Redis connecting... 
2026-04-26 16:39:00 [INFO]: Redis connected successfully 
2026-04-26 16:39:00 [INFO]: Redis initialized and connected 
2026-04-26 16:39:00 [INFO]: Redis connected successfully 
2026-04-26 16:39:00 [INFO]: Socket.IO server initialized 
2026-04-26 16:39:00 [INFO]: getting to  port .. 
2026-04-26 16:39:00 [INFO]: Server running on port 3000 
2026-04-26 16:39:20 [INFO]: Test environment - OTP for tolola@gmail.com: 482538 
2026-04-26 16:39:21 [INFO]: New client registered: tolola@gmail.com 
2026-04-26 16:39:21 [INFO]: profile:  {"user_id":"fe1b4094-be2b-4d56-983a-9fbc871c7f0b","full_legal_name":"Bola Kareem","nin":"1234567890","street_address":"5, Lagos Agogo","service_address":"23, Aina street","verification_documents":{"ninPhoto":"https://api.beaverworks.com/uploads/nin-photos/d97c5a1c-d57f-48d0-ae51-358863874b37.png","passportPhoto":"https://api.beaverworks.com/uploads/profile-photos/f022b7b1-a702-49ed-b39d-97f6afbd5714.png"},"created_at":"2026-04-26T15:39:20.475Z"}
2026-04-26 16:43:06 [INFO]: ... end of ther server call.. 
2026-04-26 16:43:06 [INFO]: Database pool connected 
2026-04-26 16:43:06 [INFO]: Database extensions initialized 
2026-04-26 16:43:06 [INFO]: Database connected successfully at Sun Apr 26 2026 16:43:06 GMT+0100 (West Africa Time) 
2026-04-26 16:43:06 [INFO]: Database connected successfully 
2026-04-26 16:43:06 [INFO]: Redis connecting... 
2026-04-26 16:43:06 [INFO]: Redis connected successfully 
2026-04-26 16:43:06 [INFO]: Redis initialized and connected 
2026-04-26 16:43:06 [INFO]: Redis connected successfully 
2026-04-26 16:43:06 [INFO]: Socket.IO server initialized 
2026-04-26 16:43:06 [INFO]: getting to  port .. 
2026-04-26 16:43:06 [INFO]: Server running on port 3000 
2026-04-26 16:43:12 [INFO]: ... end of ther server call.. 
2026-04-26 16:43:12 [INFO]: Database pool connected 
2026-04-26 16:43:12 [INFO]: Database extensions initialized 
2026-04-26 16:43:12 [INFO]: Database connected successfully at Sun Apr 26 2026 16:43:12 GMT+0100 (West Africa Time) 
2026-04-26 16:43:12 [INFO]: Database connected successfully 
2026-04-26 16:43:12 [INFO]: Redis connecting... 
2026-04-26 16:43:12 [INFO]: Redis connected successfully 
2026-04-26 16:43:12 [INFO]: Redis initialized and connected 
2026-04-26 16:43:12 [INFO]: Redis connected successfully 
2026-04-26 16:43:12 [INFO]: Socket.IO server initialized 
2026-04-26 16:43:12 [INFO]: getting to  port .. 
2026-04-26 16:43:12 [INFO]: Server running on port 3000 
2026-04-26 16:47:40 [INFO]: ... end of ther server call.. 
2026-04-26 16:47:40 [INFO]: Database pool connected 
2026-04-26 16:47:40 [INFO]: Database extensions initialized 
2026-04-26 16:47:40 [INFO]: Database connected successfully at Sun Apr 26 2026 16:47:40 GMT+0100 (West Africa Time) 
2026-04-26 16:47:40 [INFO]: Database connected successfully 
2026-04-26 16:47:40 [INFO]: Redis connecting... 
2026-04-26 16:47:40 [INFO]: Redis connected successfully 
2026-04-26 16:47:40 [INFO]: Redis initialized and connected 
2026-04-26 16:47:40 [INFO]: Redis connected successfully 
2026-04-26 16:47:40 [INFO]: Socket.IO server initialized 
2026-04-26 16:47:40 [INFO]: getting to  port .. 
2026-04-26 16:47:40 [INFO]: Server running on port 3000 
2026-04-26 16:49:50 [INFO]: ... end of ther server call.. 
2026-04-26 16:49:50 [INFO]: Database pool connected 
2026-04-26 16:49:50 [INFO]: Database extensions initialized 
2026-04-26 16:49:50 [INFO]: Database connected successfully at Sun Apr 26 2026 16:49:50 GMT+0100 (West Africa Time) 
2026-04-26 16:49:50 [INFO]: Database connected successfully 
2026-04-26 16:49:50 [INFO]: Redis connecting... 
2026-04-26 16:49:50 [INFO]: Redis connected successfully 
2026-04-26 16:49:50 [INFO]: Redis initialized and connected 
2026-04-26 16:49:50 [INFO]: Redis connected successfully 
2026-04-26 16:49:50 [INFO]: Socket.IO server initialized 
2026-04-26 16:49:50 [INFO]: getting to  port .. 
2026-04-26 16:49:50 [INFO]: Server running on port 3000 
2026-04-26 16:50:42 [INFO]: ... end of ther server call.. 
2026-04-26 16:50:42 [INFO]: Database pool connected 
2026-04-26 16:50:42 [INFO]: Database extensions initialized 
2026-04-26 16:50:42 [INFO]: Database connected successfully at Sun Apr 26 2026 16:50:42 GMT+0100 (West Africa Time) 
2026-04-26 16:50:42 [INFO]: Database connected successfully 
2026-04-26 16:50:42 [INFO]: Redis connecting... 
2026-04-26 16:50:42 [INFO]: Redis connected successfully 
2026-04-26 16:50:42 [INFO]: Redis initialized and connected 
2026-04-26 16:50:42 [INFO]: Redis connected successfully 
2026-04-26 16:50:42 [INFO]: Socket.IO server initialized 
2026-04-26 16:50:42 [INFO]: getting to  port .. 
2026-04-26 16:50:42 [INFO]: Server running on port 3000 
2026-04-26 16:55:03 [INFO]: ... end of ther server call.. 
2026-04-26 16:55:03 [INFO]: Database pool connected 
2026-04-26 16:55:03 [INFO]: Database extensions initialized 
2026-04-26 16:55:03 [INFO]: Database connected successfully at Sun Apr 26 2026 16:55:03 GMT+0100 (West Africa Time) 
2026-04-26 16:55:03 [INFO]: Database connected successfully 
2026-04-26 16:55:03 [INFO]: Redis connecting... 
2026-04-26 16:55:03 [INFO]: Redis connected successfully 
2026-04-26 16:55:03 [INFO]: Redis initialized and connected 
2026-04-26 16:55:03 [INFO]: Redis connected successfully 
2026-04-26 16:55:03 [INFO]: Socket.IO server initialized 
2026-04-26 16:55:03 [INFO]: getting to  port .. 
2026-04-26 16:55:03 [INFO]: Server running on port 3000 
2026-04-26 16:55:15 [INFO]: ... end of ther server call.. 
2026-04-26 16:55:15 [INFO]: Database pool connected 
2026-04-26 16:55:15 [INFO]: Database extensions initialized 
2026-04-26 16:55:15 [INFO]: Database connected successfully at Sun Apr 26 2026 16:55:15 GMT+0100 (West Africa Time) 
2026-04-26 16:55:15 [INFO]: Database connected successfully 
2026-04-26 16:55:15 [INFO]: Redis connecting... 
2026-04-26 16:55:15 [INFO]: Redis connected successfully 
2026-04-26 16:55:15 [INFO]: Redis initialized and connected 
2026-04-26 16:55:15 [INFO]: Redis connected successfully 
2026-04-26 16:55:15 [INFO]: Socket.IO server initialized 
2026-04-26 16:55:15 [INFO]: getting to  port .. 
2026-04-26 16:55:15 [INFO]: Server running on port 3000 
2026-04-26 17:01:35 [INFO]: ... end of ther server call.. 
2026-04-26 17:01:35 [INFO]: Database pool connected 
2026-04-26 17:01:35 [INFO]: Database extensions initialized 
2026-04-26 17:01:35 [INFO]: Database connected successfully at Sun Apr 26 2026 17:01:35 GMT+0100 (West Africa Time) 
2026-04-26 17:01:35 [INFO]: Database connected successfully 
2026-04-26 17:01:35 [INFO]: Redis connecting... 
2026-04-26 17:01:35 [INFO]: Redis connected successfully 
2026-04-26 17:01:35 [INFO]: Redis initialized and connected 
2026-04-26 17:01:35 [INFO]: Redis connected successfully 
2026-04-26 17:01:35 [INFO]: Socket.IO server initialized 
2026-04-26 17:01:35 [INFO]: getting to  port .. 
2026-04-26 17:01:35 [INFO]: Server running on port 3000 
2026-04-26 17:02:22 [INFO]: ... end of ther server call.. 
2026-04-26 17:02:22 [INFO]: Database pool connected 
2026-04-26 17:02:22 [INFO]: Database extensions initialized 
2026-04-26 17:02:22 [INFO]: Database connected successfully at Sun Apr 26 2026 17:02:22 GMT+0100 (West Africa Time) 
2026-04-26 17:02:22 [INFO]: Database connected successfully 
2026-04-26 17:02:22 [INFO]: Redis connecting... 
2026-04-26 17:02:22 [INFO]: Redis connected successfully 
2026-04-26 17:02:22 [INFO]: Redis initialized and connected 
2026-04-26 17:02:22 [INFO]: Redis connected successfully 
2026-04-26 17:02:22 [INFO]: Socket.IO server initialized 
2026-04-26 17:02:22 [INFO]: getting to  port .. 
2026-04-26 17:02:22 [INFO]: Server running on port 3000 
2026-04-26 17:08:39 [INFO]: ... end of ther server call.. 
2026-04-26 17:08:39 [INFO]: Database pool connected 
2026-04-26 17:08:39 [INFO]: Database extensions initialized 
2026-04-26 17:08:39 [INFO]: Database connected successfully at Sun Apr 26 2026 17:08:39 GMT+0100 (West Africa Time) 
2026-04-26 17:08:39 [INFO]: Database connected successfully 
2026-04-26 17:08:39 [INFO]: Redis connecting... 
2026-04-26 17:08:39 [INFO]: Redis connected successfully 
2026-04-26 17:08:39 [INFO]: Redis initialized and connected 
2026-04-26 17:08:39 [INFO]: Redis connected successfully 
2026-04-26 17:08:39 [INFO]: Socket.IO server initialized 
2026-04-26 17:08:39 [INFO]: getting to  port .. 
2026-04-26 17:08:39 [INFO]: Server running on port 3000 
2026-04-26 17:08:59 [INFO]: ... end of ther server call.. 
2026-04-26 17:08:59 [INFO]: Database pool connected 
2026-04-26 17:08:59 [INFO]: Database extensions initialized 
2026-04-26 17:08:59 [INFO]: Database connected successfully at Sun Apr 26 2026 17:08:59 GMT+0100 (West Africa Time) 
2026-04-26 17:08:59 [INFO]: Database connected successfully 
2026-04-26 17:08:59 [INFO]: Redis connecting... 
2026-04-26 17:08:59 [INFO]: Redis connected successfully 
2026-04-26 17:08:59 [INFO]: Redis initialized and connected 
2026-04-26 17:08:59 [INFO]: Redis connected successfully 
2026-04-26 17:08:59 [INFO]: Socket.IO server initialized 
2026-04-26 17:08:59 [INFO]: getting to  port .. 
2026-04-26 17:08:59 [INFO]: Server running on port 3000 
2026-04-26 17:09:18 [INFO]: ... end of ther server call.. 
2026-04-26 17:09:18 [INFO]: Database pool connected 
2026-04-26 17:09:18 [INFO]: Database extensions initialized 
2026-04-26 17:09:18 [INFO]: Database connected successfully at Sun Apr 26 2026 17:09:18 GMT+0100 (West Africa Time) 
2026-04-26 17:09:18 [INFO]: Database connected successfully 
2026-04-26 17:09:18 [INFO]: Redis connecting... 
2026-04-26 17:09:18 [INFO]: Redis connected successfully 
2026-04-26 17:09:18 [INFO]: Redis initialized and connected 
2026-04-26 17:09:18 [INFO]: Redis connected successfully 
2026-04-26 17:09:18 [INFO]: Socket.IO server initialized 
2026-04-26 17:09:18 [INFO]: getting to  port .. 
2026-04-26 17:09:18 [INFO]: Server running on port 3000 
2026-04-26 17:09:44 [INFO]: ... end of ther server call.. 
2026-04-26 17:09:44 [INFO]: Database pool connected 
2026-04-26 17:09:44 [INFO]: Database extensions initialized 
2026-04-26 17:09:44 [INFO]: Database connected successfully at Sun Apr 26 2026 17:09:44 GMT+0100 (West Africa Time) 
2026-04-26 17:09:44 [INFO]: Database connected successfully 
2026-04-26 17:09:44 [INFO]: Redis connecting... 
2026-04-26 17:09:44 [INFO]: Redis connected successfully 
2026-04-26 17:09:44 [INFO]: Redis initialized and connected 
2026-04-26 17:09:44 [INFO]: Redis connected successfully 
2026-04-26 17:09:44 [INFO]: Socket.IO server initialized 
2026-04-26 17:09:44 [INFO]: getting to  port .. 
2026-04-26 17:09:44 [INFO]: Server running on port 3000 
2026-04-26 17:11:37 [INFO]: ... end of ther server call.. 
2026-04-26 17:11:37 [INFO]: Database pool connected 
2026-04-26 17:11:37 [INFO]: Database extensions initialized 
2026-04-26 17:11:37 [INFO]: Database connected successfully at Sun Apr 26 2026 17:11:37 GMT+0100 (West Africa Time) 
2026-04-26 17:11:37 [INFO]: Database connected successfully 
2026-04-26 17:11:37 [INFO]: Redis connecting... 
2026-04-26 17:11:37 [INFO]: Redis connected successfully 
2026-04-26 17:11:37 [INFO]: Redis initialized and connected 
2026-04-26 17:11:37 [INFO]: Redis connected successfully 
2026-04-26 17:11:37 [INFO]: Socket.IO server initialized 
2026-04-26 17:11:37 [INFO]: getting to  port .. 
2026-04-26 17:11:37 [INFO]: Server running on port 3000 
2026-04-26 17:12:34 [INFO]: ... end of ther server call.. 
2026-04-26 17:12:34 [INFO]: Database pool connected 
2026-04-26 17:12:34 [INFO]: Database extensions initialized 
2026-04-26 17:12:34 [INFO]: Database connected successfully at Sun Apr 26 2026 17:12:34 GMT+0100 (West Africa Time) 
2026-04-26 17:12:34 [INFO]: Database connected successfully 
2026-04-26 17:12:34 [INFO]: Redis connecting... 
2026-04-26 17:12:34 [INFO]: Redis connected successfully 
2026-04-26 17:12:34 [INFO]: Redis initialized and connected 
2026-04-26 17:12:34 [INFO]: Redis connected successfully 
2026-04-26 17:12:34 [INFO]: Socket.IO server initialized 
2026-04-26 17:12:34 [INFO]: getting to  port .. 
2026-04-26 17:12:34 [INFO]: Server running on port 3000 
2026-04-26 17:13:53 [INFO]: ... end of ther server call.. 
2026-04-26 17:13:53 [INFO]: Database pool connected 
2026-04-26 17:13:53 [INFO]: Database extensions initialized 
2026-04-26 17:13:53 [INFO]: Database connected successfully at Sun Apr 26 2026 17:13:53 GMT+0100 (West Africa Time) 
2026-04-26 17:13:53 [INFO]: Database connected successfully 
2026-04-26 17:13:53 [INFO]: Redis connecting... 
2026-04-26 17:13:53 [INFO]: Redis connected successfully 
2026-04-26 17:13:53 [INFO]: Redis initialized and connected 
2026-04-26 17:13:53 [INFO]: Redis connected successfully 
2026-04-26 17:13:53 [INFO]: Socket.IO server initialized 
2026-04-26 17:13:53 [INFO]: getting to  port .. 
2026-04-26 17:13:53 [INFO]: Server running on port 3000 
2026-04-26 17:16:13 [INFO]: ... end of ther server call.. 
2026-04-26 17:16:13 [INFO]: Database pool connected 
2026-04-26 17:16:13 [INFO]: Database extensions initialized 
2026-04-26 17:16:13 [INFO]: Database connected successfully at Sun Apr 26 2026 17:16:13 GMT+0100 (West Africa Time) 
2026-04-26 17:16:13 [INFO]: Database connected successfully 
2026-04-26 17:16:13 [INFO]: Redis connecting... 
2026-04-26 17:16:13 [INFO]: Redis connected successfully 
2026-04-26 17:16:13 [INFO]: Redis initialized and connected 
2026-04-26 17:16:13 [INFO]: Redis connected successfully 
2026-04-26 17:16:13 [INFO]: Socket.IO server initialized 
2026-04-26 17:16:13 [INFO]: getting to  port .. 
2026-04-26 17:16:13 [INFO]: Server running on port 3000 
2026-04-26 17:17:14 [INFO]: ... end of ther server call.. 
2026-04-26 17:17:14 [INFO]: Database pool connected 
2026-04-26 17:17:14 [INFO]: Database extensions initialized 
2026-04-26 17:17:14 [INFO]: Database connected successfully at Sun Apr 26 2026 17:17:14 GMT+0100 (West Africa Time) 
2026-04-26 17:17:14 [INFO]: Database connected successfully 
2026-04-26 17:17:14 [INFO]: Redis connecting... 
2026-04-26 17:17:14 [INFO]: Redis connected successfully 
2026-04-26 17:17:14 [INFO]: Redis initialized and connected 
2026-04-26 17:17:14 [INFO]: Redis connected successfully 
2026-04-26 17:17:14 [INFO]: Socket.IO server initialized 
2026-04-26 17:17:14 [INFO]: getting to  port .. 
2026-04-26 17:17:14 [INFO]: Server running on port 3000 
2026-04-26 17:17:52 [INFO]: Database pool connected 
2026-04-26 17:18:59 [INFO]: ... end of ther server call.. 
2026-04-26 17:18:59 [INFO]: Database pool connected 
2026-04-26 17:18:59 [INFO]: Database extensions initialized 
2026-04-26 17:18:59 [INFO]: Database connected successfully at Sun Apr 26 2026 17:18:59 GMT+0100 (West Africa Time) 
2026-04-26 17:18:59 [INFO]: Database connected successfully 
2026-04-26 17:18:59 [INFO]: Redis connecting... 
2026-04-26 17:18:59 [INFO]: Redis connected successfully 
2026-04-26 17:18:59 [INFO]: Redis initialized and connected 
2026-04-26 17:18:59 [INFO]: Redis connected successfully 
2026-04-26 17:18:59 [INFO]: Socket.IO server initialized 
2026-04-26 17:18:59 [INFO]: getting to  port .. 
2026-04-26 17:18:59 [INFO]: Server running on port 3000 
2026-04-26 17:19:44 [INFO]: ... end of ther server call.. 
2026-04-26 17:19:44 [INFO]: Database pool connected 
2026-04-26 17:19:44 [INFO]: Database extensions initialized 
2026-04-26 17:19:44 [INFO]: Database connected successfully at Sun Apr 26 2026 17:19:44 GMT+0100 (West Africa Time) 
2026-04-26 17:19:44 [INFO]: Database connected successfully 
2026-04-26 17:19:44 [INFO]: Redis connecting... 
2026-04-26 17:19:44 [INFO]: Redis connected successfully 
2026-04-26 17:19:44 [INFO]: Redis initialized and connected 
2026-04-26 17:19:44 [INFO]: Redis connected successfully 
2026-04-26 17:19:44 [INFO]: Socket.IO server initialized 
2026-04-26 17:19:44 [INFO]: getting to  port .. 
2026-04-26 17:19:44 [INFO]: Server running on port 3000 
2026-04-26 17:19:56 [INFO]: Test environment - Email OTP for temitop@gmail.com: 647281 
2026-04-26 17:19:56 [INFO]: Test environment - Phone OTP for +2348137121365: 864637 
2026-04-26 17:19:56 [INFO]: New client registered: temitop@gmail.com 
2026-04-26 17:19:56 [INFO]: profile:  {"user_id":"c63592b7-c5f3-4f15-87bd-5b96ae317102","full_legal_name":"Bola Kareem","nin":"1234567890","street_address":"5, Lagos Agogo","service_address":"23, Aina street","verification_documents":{"ninPhoto":"https://api.beaverworks.com/uploads/nin-photos/09e0419c-95f1-4a6b-8026-7414fee63cb9.png","passportPhoto":"https://api.beaverworks.com/uploads/profile-photos/5b315901-4bdd-4222-a3dd-89bdb8397522.png"},"created_at":"2026-04-26T16:19:56.028Z"}
2026-04-26 17:26:22 [INFO]: Database pool connected 
2026-04-26 17:26:23 [INFO]: Email verified: temitop@gmail.com 
2026-04-26 17:33:43 [INFO]: ... end of ther server call.. 
2026-04-26 17:33:43 [INFO]: Database pool connected 
2026-04-26 17:33:43 [INFO]: Database extensions initialized 
2026-04-26 17:33:43 [INFO]: Database connected successfully at Sun Apr 26 2026 17:33:43 GMT+0100 (West Africa Time) 
2026-04-26 17:33:43 [INFO]: Database connected successfully 
2026-04-26 17:33:43 [INFO]: Redis connecting... 
2026-04-26 17:33:43 [INFO]: Redis connected successfully 
2026-04-26 17:33:43 [INFO]: Redis initialized and connected 
2026-04-26 17:33:43 [INFO]: Redis connected successfully 
2026-04-26 17:33:43 [INFO]: Socket.IO server initialized 
2026-04-26 17:33:43 [INFO]: getting to  port .. 
2026-04-26 17:33:43 [INFO]: Server running on port 3000 
2026-04-26 18:01:58 [INFO]: Resetting all migrations... 
2026-04-26 18:01:59 [INFO]: Database pool connected 
2026-04-26 18:01:59 [INFO]: Migrations table ready 
2026-04-26 18:01:59 [INFO]: Rolled back migration: 027_create_user_files_table.js 
2026-04-26 18:01:59 [INFO]: Rolled back migration: 026_create_wallet_table.js 
2026-04-26 18:01:59 [INFO]: Rolled back migration: 025_create_subcategories_table.js 
2026-04-26 18:01:59 [INFO]: Rolled back migration: 024_add_soft_delete.js 
2026-04-26 18:01:59 [INFO]: Rolled back migration: 023_add_foreign_keys.js 
2026-04-26 18:01:59 [INFO]: Rolled back migration: 022_create_indexes.js 
2026-04-26 18:01:59 [INFO]: Rolled back migration: 021_create_substitution_requests_table.js 
2026-04-26 18:01:59 [INFO]: Rolled back migration: 020_create_dispatch_requests_table.js 
2026-04-26 18:01:59 [INFO]: Rolled back migration: 019_create_categories_table.js 
2026-04-26 18:02:00 [INFO]: Rolled back migration: 018_create_saved_artisans_table.js 
2026-04-26 18:02:00 [INFO]: Rolled back migration: 017_create_promotions_table.js 
2026-04-26 18:02:00 [INFO]: Rolled back migration: 016_create_training_table.js 
2026-04-26 18:02:00 [INFO]: Rolled back migration: 015_create_job_offers_table.js 
2026-04-26 18:02:00 [INFO]: Rolled back migration: 014_create_escrow_transactions_table.js 
2026-04-26 18:02:00 [INFO]: Rolled back migration: 013_create_audit_logs.js 
2026-04-26 18:02:00 [INFO]: Rolled back migration: 012_create_disputes_table.js 
2026-04-26 18:02:00 [INFO]: Rolled back migration: 011_create_notifications.js 
2026-04-26 18:02:00 [INFO]: Rolled back migration: 010_create_ratings_table.js 
2026-04-26 18:02:00 [INFO]: Rolled back migration: 009_create_location_history.js 
2026-04-26 18:02:00 [INFO]: Rolled back migration: 008_create_warehous_table.js 
2026-04-26 18:02:00 [INFO]: Rolled back migration: 007_create_payments_table.js 
2026-04-26 18:02:00 [INFO]: Rolled back migration: 006_create_bill_of_quantities_table.js 
2026-04-26 18:02:00 [INFO]: Rolled back migration: 005_create_job_billing_table.js 
2026-04-26 18:02:00 [INFO]: Rolled back migration: 004_create_jobs_table.js 
2026-04-26 18:02:00 [INFO]: Rolled back migration: 003_create_artisan_profiles_table.js 
2026-04-26 18:02:00 [INFO]: Rolled back migration: 002_create_client_profiles_table.js 
2026-04-26 18:02:00 [INFO]: Rolled back migration: 001_create_users_table.js 
2026-04-26 18:02:00 [INFO]: All migrations rolled back successfully 
2026-04-26 18:02:07 [INFO]: Running pending migrations... 
2026-04-26 18:02:07 [INFO]: Database pool connected 
2026-04-26 18:02:07 [INFO]: Migrations table ready 
2026-04-26 18:02:07 [INFO]: Found 27 pending migration(s) 
2026-04-26 18:02:08 [INFO]: Executed migration: 001_create_users_table.js 
2026-04-26 18:02:08 [INFO]: Executed migration: 002_create_client_profiles_table.js 
2026-04-26 18:02:09 [INFO]: Executed migration: 003_create_artisan_profiles_table.js 
2026-04-26 18:02:09 [INFO]: Executed migration: 004_create_jobs_table.js 
2026-04-26 18:02:09 [INFO]: Executed migration: 005_create_job_billing_table.js 
2026-04-26 18:02:09 [INFO]: Executed migration: 006_create_bill_of_quantities_table.js 
2026-04-26 18:02:10 [INFO]: Executed migration: 007_create_payments_table.js 
2026-04-26 18:02:10 [INFO]: Executed migration: 008_create_warehous_table.js 
2026-04-26 18:02:11 [INFO]: Executed migration: 009_create_location_history.js 
2026-04-26 18:02:11 [INFO]: Executed migration: 010_create_ratings_table.js 
2026-04-26 18:02:11 [INFO]: Executed migration: 011_create_notifications.js 
2026-04-26 18:02:12 [INFO]: Executed migration: 012_create_disputes_table.js 
2026-04-26 18:02:12 [INFO]: Executed migration: 013_create_audit_logs.js 
2026-04-26 18:02:13 [INFO]: Executed migration: 014_create_escrow_transactions_table.js 
2026-04-26 18:02:13 [INFO]: Executed migration: 015_create_job_offers_table.js 
2026-04-26 18:02:13 [INFO]: Executed migration: 016_create_training_table.js 
2026-04-26 18:02:14 [INFO]: Executed migration: 017_create_promotions_table.js 
2026-04-26 18:02:14 [INFO]: Executed migration: 018_create_saved_artisans_table.js 
2026-04-26 18:02:14 [INFO]: Executed migration: 019_create_categories_table.js 
2026-04-26 18:02:15 [INFO]: Executed migration: 020_create_dispatch_requests_table.js 
2026-04-26 18:02:15 [INFO]: Executed migration: 021_create_substitution_requests_table.js 
2026-04-26 18:02:16 [INFO]: Executed migration: 022_create_indexes.js 
2026-04-26 18:02:16 [INFO]: Executed migration: 023_add_foreign_keys.js 
2026-04-26 18:02:16 [INFO]: Executed migration: 024_add_soft_delete.js 
2026-04-26 18:02:16 [INFO]: Executed migration: 025_create_subcategories_table.js 
2026-04-26 18:02:17 [INFO]: Executed migration: 026_create_wallet_table.js 
2026-04-26 18:02:17 [INFO]: Executed migration: 027_create_user_files_table.js 
2026-04-26 18:02:17 [INFO]: All migrations executed successfully 
2026-04-26 18:08:19 [INFO]: ... end of ther server call.. 
2026-04-26 18:08:19 [INFO]: Database pool connected 
2026-04-26 18:08:19 [INFO]: Database extensions initialized 
2026-04-26 18:08:19 [INFO]: Database connected successfully at Sun Apr 26 2026 18:08:19 GMT+0100 (West Africa Time) 
2026-04-26 18:08:19 [INFO]: Database connected successfully 
2026-04-26 18:08:19 [INFO]: Redis connecting... 
2026-04-26 18:08:19 [INFO]: Redis connected successfully 
2026-04-26 18:08:19 [INFO]: Redis initialized and connected 
2026-04-26 18:08:19 [INFO]: Redis connected successfully 
2026-04-26 18:08:19 [INFO]: Socket.IO server initialized 
2026-04-26 18:08:19 [INFO]: getting to  port .. 
2026-04-26 18:08:19 [INFO]: Server running on port 3000 
2026-04-26 18:28:20 [INFO]: Database pool connected 
2026-04-26 18:28:20 [INFO]: Test environment - Email OTP for ade@gmail.com: 654178 
2026-04-26 18:28:20 [INFO]: Test environment - Phone OTP for +2348022688674: 628271 
2026-04-26 18:28:20 [INFO]: New client registered: ade@gmail.com 
2026-04-26 18:28:20 [INFO]: profile:  {"user_id":"2ec4b737-1859-4cad-9c45-e12dc881ce79","full_legal_name":"Ade Paul","nin":"1234567890","street_address":"12, Lagos street","service_address":"64, Ibadan road","verification_documents":{"ninPhoto":"https://api.beaverworks.com/uploads/nin-photos/992a3499-543a-485d-aa10-4240325a5937.jpeg"},"created_at":"2026-04-26T17:28:20.063Z"}
2026-04-26 18:31:14 [INFO]: Database pool connected 
2026-04-26 18:31:14 [INFO]: Phone verified: +2348022688674 
2026-04-26 18:32:04 [INFO]: Database pool connected 
2026-04-26 18:32:04 [INFO]: Email verified: ade@gmail.com 
2026-04-26 18:44:15 [INFO]: ... end of ther server call.. 
2026-04-26 18:44:15 [INFO]: Database pool connected 
2026-04-26 18:44:15 [INFO]: Database extensions initialized 
2026-04-26 18:44:15 [INFO]: Database connected successfully at Sun Apr 26 2026 18:44:15 GMT+0100 (West Africa Time) 
2026-04-26 18:44:15 [INFO]: Database connected successfully 
2026-04-26 18:44:15 [INFO]: Redis connecting... 
2026-04-26 18:44:15 [INFO]: Redis connected successfully 
2026-04-26 18:44:15 [INFO]: Redis initialized and connected 
2026-04-26 18:44:15 [INFO]: Redis connected successfully 
2026-04-26 18:44:15 [INFO]: Socket.IO server initialized 
2026-04-26 18:44:15 [INFO]: getting to  port .. 
2026-04-26 18:44:15 [INFO]: Server running on port 3000 
2026-04-26 18:44:36 [INFO]: ... end of ther server call.. 
2026-04-26 18:44:36 [INFO]: Database pool connected 
2026-04-26 18:44:36 [INFO]: Database extensions initialized 
2026-04-26 18:44:36 [INFO]: Database connected successfully at Sun Apr 26 2026 18:44:36 GMT+0100 (West Africa Time) 
2026-04-26 18:44:36 [INFO]: Database connected successfully 
2026-04-26 18:44:36 [INFO]: Redis connecting... 
2026-04-26 18:44:36 [INFO]: Redis connected successfully 
2026-04-26 18:44:36 [INFO]: Redis initialized and connected 
2026-04-26 18:44:36 [INFO]: Redis connected successfully 
2026-04-26 18:44:36 [INFO]: Socket.IO server initialized 
2026-04-26 18:44:36 [INFO]: getting to  port .. 
2026-04-26 18:44:36 [INFO]: Server running on port 3000 
2026-04-26 18:46:58 [INFO]: ... end of ther server call.. 
2026-04-26 18:46:59 [INFO]: Database pool connected 
2026-04-26 18:46:59 [INFO]: Database extensions initialized 
2026-04-26 18:46:59 [INFO]: Database connected successfully at Sun Apr 26 2026 18:46:59 GMT+0100 (West Africa Time) 
2026-04-26 18:46:59 [INFO]: Database connected successfully 
2026-04-26 18:46:59 [INFO]: Redis connecting... 
2026-04-26 18:46:59 [INFO]: Redis connected successfully 
2026-04-26 18:46:59 [INFO]: Redis initialized and connected 
2026-04-26 18:46:59 [INFO]: Redis connected successfully 
2026-04-26 18:46:59 [INFO]: Socket.IO server initialized 
2026-04-26 18:46:59 [INFO]: getting to  port .. 
2026-04-26 18:46:59 [INFO]: Server running on port 3000 
2026-04-26 18:48:13 [INFO]: ... end of ther server call.. 
2026-04-26 18:48:13 [INFO]: Database pool connected 
2026-04-26 18:48:13 [INFO]: Database extensions initialized 
2026-04-26 18:48:13 [INFO]: Database connected successfully at Sun Apr 26 2026 18:48:13 GMT+0100 (West Africa Time) 
2026-04-26 18:48:13 [INFO]: Database connected successfully 
2026-04-26 18:48:13 [INFO]: Redis connecting... 
2026-04-26 18:48:13 [INFO]: Redis connected successfully 
2026-04-26 18:48:13 [INFO]: Redis initialized and connected 
2026-04-26 18:48:13 [INFO]: Redis connected successfully 
2026-04-26 18:48:13 [INFO]: Socket.IO server initialized 
2026-04-26 18:48:13 [INFO]: getting to  port .. 
2026-04-26 18:48:13 [INFO]: Server running on port 3000 
2026-04-26 19:32:45 [INFO]: ... end of ther server call.. 
2026-04-26 19:32:45 [INFO]: Database pool connected 
2026-04-26 19:32:45 [INFO]: Database extensions initialized 
2026-04-26 19:32:45 [INFO]: Database connected successfully at Sun Apr 26 2026 19:32:45 GMT+0100 (West Africa Time) 
2026-04-26 19:32:45 [INFO]: Database connected successfully 
2026-04-26 19:32:45 [INFO]: Redis connecting... 
2026-04-26 19:32:45 [INFO]: Redis connected successfully 
2026-04-26 19:32:45 [INFO]: Redis initialized and connected 
2026-04-26 19:32:45 [INFO]: Redis connected successfully 
2026-04-26 19:32:45 [INFO]: Socket.IO server initialized 
2026-04-26 19:32:45 [INFO]: getting to  port .. 
2026-04-26 19:32:45 [INFO]: Server running on port 3000 
2026-04-26 20:25:42 [INFO]: ... end of ther server call.. 
2026-04-26 20:25:42 [INFO]: Database pool connected 
2026-04-26 20:25:42 [INFO]: Database extensions initialized 
2026-04-26 20:25:42 [INFO]: Database connected successfully at Sun Apr 26 2026 20:25:42 GMT+0100 (West Africa Time) 
2026-04-26 20:25:42 [INFO]: Database connected successfully 
2026-04-26 20:25:42 [INFO]: Redis connecting... 
2026-04-26 20:25:42 [INFO]: Redis connected successfully 
2026-04-26 20:25:42 [INFO]: Redis initialized and connected 
2026-04-26 20:25:42 [INFO]: Redis connected successfully 
2026-04-26 20:25:42 [INFO]: Socket.IO server initialized 
2026-04-26 20:25:42 [INFO]: getting to  port .. 
2026-04-26 20:25:42 [INFO]: Server running on port 3000 
2026-04-26 20:48:56 [INFO]: ... end of ther server call.. 
2026-04-26 20:48:56 [INFO]: Database pool connected 
2026-04-26 20:48:56 [INFO]: Database extensions initialized 
2026-04-26 20:48:56 [INFO]: Database connected successfully at Sun Apr 26 2026 20:48:56 GMT+0100 (West Africa Time) 
2026-04-26 20:48:56 [INFO]: Database connected successfully 
2026-04-26 20:48:56 [INFO]: Redis connecting... 
2026-04-26 20:48:56 [INFO]: Redis connected successfully 
2026-04-26 20:48:56 [INFO]: Redis initialized and connected 
2026-04-26 20:48:56 [INFO]: Redis connected successfully 
2026-04-26 20:48:56 [INFO]: Socket.IO server initialized 
2026-04-26 20:48:56 [INFO]: getting to  port .. 
2026-04-26 20:48:56 [INFO]: Server running on port 3000 
2026-04-26 20:52:12 [INFO]: ... end of ther server call.. 
2026-04-26 20:52:12 [INFO]: Database pool connected 
2026-04-26 20:52:12 [INFO]: Database extensions initialized 
2026-04-26 20:52:12 [INFO]: Database connected successfully at Sun Apr 26 2026 20:52:12 GMT+0100 (West Africa Time) 
2026-04-26 20:52:12 [INFO]: Database connected successfully 
2026-04-26 20:52:12 [INFO]: Redis connecting... 
2026-04-26 20:52:12 [INFO]: Redis connected successfully 
2026-04-26 20:52:12 [INFO]: Redis initialized and connected 
2026-04-26 20:52:12 [INFO]: Redis connected successfully 
2026-04-26 20:52:12 [INFO]: Socket.IO server initialized 
2026-04-26 20:52:12 [INFO]: getting to  port .. 
2026-04-26 20:52:12 [INFO]: Server running on port 3000 
2026-04-26 21:00:27 [INFO]: ... end of ther server call.. 
2026-04-26 21:00:27 [INFO]: Database pool connected 
2026-04-26 21:00:27 [INFO]: Database extensions initialized 
2026-04-26 21:00:27 [INFO]: Database connected successfully at Sun Apr 26 2026 21:00:27 GMT+0100 (West Africa Time) 
2026-04-26 21:00:27 [INFO]: Database connected successfully 
2026-04-26 21:00:27 [INFO]: Redis connecting... 
2026-04-26 21:00:27 [INFO]: Redis connected successfully 
2026-04-26 21:00:27 [INFO]: Redis initialized and connected 
2026-04-26 21:00:27 [INFO]: Redis connected successfully 
2026-04-26 21:00:27 [INFO]: Socket.IO server initialized 
2026-04-26 21:00:27 [INFO]: getting to  port .. 
2026-04-26 21:00:27 [INFO]: Server running on port 3000 
2026-04-26 21:16:28 [INFO]: ... end of ther server call.. 
2026-04-26 21:16:28 [INFO]: Database pool connected 
2026-04-26 21:16:28 [INFO]: Database extensions initialized 
2026-04-26 21:16:28 [INFO]: Database connected successfully at Sun Apr 26 2026 21:16:28 GMT+0100 (West Africa Time) 
2026-04-26 21:16:28 [INFO]: Database connected successfully 
2026-04-26 21:16:28 [INFO]: Redis connecting... 
2026-04-26 21:16:28 [INFO]: Redis connected successfully 
2026-04-26 21:16:28 [INFO]: Redis initialized and connected 
2026-04-26 21:16:28 [INFO]: Redis connected successfully 
2026-04-26 21:16:28 [INFO]: Socket.IO server initialized 
2026-04-26 21:16:28 [INFO]: getting to  port .. 
2026-04-26 21:16:28 [INFO]: Server running on port 3000 
2026-04-26 21:20:08 [INFO]: ... end of ther server call.. 
2026-04-26 21:20:08 [INFO]: Database pool connected 
2026-04-26 21:20:08 [INFO]: Database extensions initialized 
2026-04-26 21:20:08 [INFO]: Database connected successfully at Sun Apr 26 2026 21:20:08 GMT+0100 (West Africa Time) 
2026-04-26 21:20:08 [INFO]: Database connected successfully 
2026-04-26 21:20:08 [INFO]: Redis connecting... 
2026-04-26 21:20:08 [INFO]: Redis connected successfully 
2026-04-26 21:20:08 [INFO]: Redis initialized and connected 
2026-04-26 21:20:08 [INFO]: Redis connected successfully 
2026-04-26 21:20:08 [INFO]: Socket.IO server initialized 
2026-04-26 21:20:08 [INFO]: getting to  port .. 
2026-04-26 21:20:08 [INFO]: Server running on port 3000 
2026-04-26 21:20:48 [INFO]: ... end of ther server call.. 
2026-04-26 21:20:48 [INFO]: Database pool connected 
2026-04-26 21:20:48 [INFO]: Database extensions initialized 
2026-04-26 21:20:48 [INFO]: Database connected successfully at Sun Apr 26 2026 21:20:48 GMT+0100 (West Africa Time) 
2026-04-26 21:20:48 [INFO]: Database connected successfully 
2026-04-26 21:20:48 [INFO]: Redis connecting... 
2026-04-26 21:20:48 [INFO]: Redis connected successfully 
2026-04-26 21:20:48 [INFO]: Redis initialized and connected 
2026-04-26 21:20:48 [INFO]: Redis connected successfully 
2026-04-26 21:20:48 [INFO]: Socket.IO server initialized 
2026-04-26 21:20:48 [INFO]: getting to  port .. 
2026-04-26 21:20:48 [INFO]: Server running on port 3000 
2026-04-26 21:27:14 [INFO]: ... end of ther server call.. 
2026-04-26 21:27:14 [INFO]: Database pool connected 
2026-04-26 21:27:14 [INFO]: Database extensions initialized 
2026-04-26 21:27:14 [INFO]: Database connected successfully at Sun Apr 26 2026 21:27:14 GMT+0100 (West Africa Time) 
2026-04-26 21:27:14 [INFO]: Database connected successfully 
2026-04-26 21:27:14 [INFO]: Redis connecting... 
2026-04-26 21:27:14 [INFO]: Redis connected successfully 
2026-04-26 21:27:14 [INFO]: Redis initialized and connected 
2026-04-26 21:27:14 [INFO]: Redis connected successfully 
2026-04-26 21:27:14 [INFO]: Socket.IO server initialized 
2026-04-26 21:27:14 [INFO]: getting to  port .. 
2026-04-26 21:27:14 [INFO]: Server running on port 3000 
2026-04-26 21:29:50 [INFO]: ... end of ther server call.. 
2026-04-26 21:29:50 [INFO]: Database pool connected 
2026-04-26 21:29:50 [INFO]: Database extensions initialized 
2026-04-26 21:29:50 [INFO]: Database connected successfully at Sun Apr 26 2026 21:29:50 GMT+0100 (West Africa Time) 
2026-04-26 21:29:50 [INFO]: Database connected successfully 
2026-04-26 21:29:50 [INFO]: Redis connecting... 
2026-04-26 21:29:50 [INFO]: Redis connected successfully 
2026-04-26 21:29:50 [INFO]: Redis initialized and connected 
2026-04-26 21:29:50 [INFO]: Redis connected successfully 
2026-04-26 21:29:50 [INFO]: Socket.IO server initialized 
2026-04-26 21:29:50 [INFO]: getting to  port .. 
2026-04-26 21:29:50 [INFO]: Server running on port 3000 
2026-04-26 21:29:53 [INFO]: ... end of ther server call.. 
2026-04-26 21:29:53 [INFO]: Database pool connected 
2026-04-26 21:29:53 [INFO]: Database extensions initialized 
2026-04-26 21:29:53 [INFO]: Database connected successfully at Sun Apr 26 2026 21:29:53 GMT+0100 (West Africa Time) 
2026-04-26 21:29:53 [INFO]: Database connected successfully 
2026-04-26 21:29:53 [INFO]: Redis connecting... 
2026-04-26 21:29:53 [INFO]: Redis connected successfully 
2026-04-26 21:29:53 [INFO]: Redis initialized and connected 
2026-04-26 21:29:53 [INFO]: Redis connected successfully 
2026-04-26 21:29:53 [INFO]: Socket.IO server initialized 
2026-04-26 21:29:53 [INFO]: getting to  port .. 
2026-04-26 21:29:53 [INFO]: Server running on port 3000 
2026-04-26 21:29:59 [INFO]: ... end of ther server call.. 
2026-04-26 21:29:59 [INFO]: Database pool connected 
2026-04-26 21:29:59 [INFO]: Database extensions initialized 
2026-04-26 21:29:59 [INFO]: Database connected successfully at Sun Apr 26 2026 21:29:59 GMT+0100 (West Africa Time) 
2026-04-26 21:29:59 [INFO]: Database connected successfully 
2026-04-26 21:29:59 [INFO]: Redis connecting... 
2026-04-26 21:29:59 [INFO]: Redis connected successfully 
2026-04-26 21:29:59 [INFO]: Redis initialized and connected 
2026-04-26 21:29:59 [INFO]: Redis connected successfully 
2026-04-26 21:29:59 [INFO]: Socket.IO server initialized 
2026-04-26 21:29:59 [INFO]: getting to  port .. 
2026-04-26 21:29:59 [INFO]: Server running on port 3000 
2026-04-26 21:30:05 [INFO]: ... end of ther server call.. 
2026-04-26 21:30:06 [INFO]: Database pool connected 
2026-04-26 21:30:06 [INFO]: Database extensions initialized 
2026-04-26 21:30:06 [INFO]: Database connected successfully at Sun Apr 26 2026 21:30:06 GMT+0100 (West Africa Time) 
2026-04-26 21:30:06 [INFO]: Database connected successfully 
2026-04-26 21:30:06 [INFO]: Redis connecting... 
2026-04-26 21:30:06 [INFO]: Redis connected successfully 
2026-04-26 21:30:06 [INFO]: Redis initialized and connected 
2026-04-26 21:30:06 [INFO]: Redis connected successfully 
2026-04-26 21:30:06 [INFO]: Socket.IO server initialized 
2026-04-26 21:30:06 [INFO]: getting to  port .. 
2026-04-26 21:30:06 [INFO]: Server running on port 3000 
2026-04-26 21:30:12 [INFO]: ... end of ther server call.. 
2026-04-26 21:30:12 [INFO]: Database pool connected 
2026-04-26 21:30:12 [INFO]: Database extensions initialized 
2026-04-26 21:30:12 [INFO]: Database connected successfully at Sun Apr 26 2026 21:30:12 GMT+0100 (West Africa Time) 
2026-04-26 21:30:12 [INFO]: Database connected successfully 
2026-04-26 21:30:12 [INFO]: Redis connecting... 
2026-04-26 21:30:12 [INFO]: Redis connected successfully 
2026-04-26 21:30:12 [INFO]: Redis initialized and connected 
2026-04-26 21:30:12 [INFO]: Redis connected successfully 
2026-04-26 21:30:12 [INFO]: Socket.IO server initialized 
2026-04-26 21:30:12 [INFO]: getting to  port .. 
2026-04-26 21:30:12 [INFO]: Server running on port 3000 
2026-04-26 21:30:18 [INFO]: ... end of ther server call.. 
2026-04-26 21:30:18 [INFO]: Database pool connected 
2026-04-26 21:30:18 [INFO]: Database extensions initialized 
2026-04-26 21:30:18 [INFO]: Database connected successfully at Sun Apr 26 2026 21:30:18 GMT+0100 (West Africa Time) 
2026-04-26 21:30:18 [INFO]: Database connected successfully 
2026-04-26 21:30:18 [INFO]: Redis connecting... 
2026-04-26 21:30:18 [INFO]: Redis connected successfully 
2026-04-26 21:30:18 [INFO]: Redis initialized and connected 
2026-04-26 21:30:18 [INFO]: Redis connected successfully 
2026-04-26 21:30:18 [INFO]: Socket.IO server initialized 
2026-04-26 21:30:18 [INFO]: getting to  port .. 
2026-04-26 21:30:18 [INFO]: Server running on port 3000 
2026-04-26 21:30:23 [INFO]: ... end of ther server call.. 
2026-04-26 21:30:23 [INFO]: Database pool connected 
2026-04-26 21:30:23 [INFO]: Database extensions initialized 
2026-04-26 21:30:23 [INFO]: Database connected successfully at Sun Apr 26 2026 21:30:23 GMT+0100 (West Africa Time) 
2026-04-26 21:30:23 [INFO]: Database connected successfully 
2026-04-26 21:30:23 [INFO]: Redis connecting... 
2026-04-26 21:30:23 [INFO]: Redis connected successfully 
2026-04-26 21:30:23 [INFO]: Redis initialized and connected 
2026-04-26 21:30:23 [INFO]: Redis connected successfully 
2026-04-26 21:30:23 [INFO]: Socket.IO server initialized 
2026-04-26 21:30:23 [INFO]: getting to  port .. 
2026-04-26 21:30:23 [INFO]: Server running on port 3000 
2026-04-26 21:30:32 [INFO]: ... end of ther server call.. 
2026-04-26 21:30:32 [INFO]: Database pool connected 
2026-04-26 21:30:32 [INFO]: Database extensions initialized 
2026-04-26 21:30:32 [INFO]: Database connected successfully at Sun Apr 26 2026 21:30:32 GMT+0100 (West Africa Time) 
2026-04-26 21:30:32 [INFO]: Database connected successfully 
2026-04-26 21:30:32 [INFO]: Redis connecting... 
2026-04-26 21:30:32 [INFO]: Redis connected successfully 
2026-04-26 21:30:32 [INFO]: Redis initialized and connected 
2026-04-26 21:30:32 [INFO]: Redis connected successfully 
2026-04-26 21:30:32 [INFO]: Socket.IO server initialized 
2026-04-26 21:30:32 [INFO]: getting to  port .. 
2026-04-26 21:30:32 [INFO]: Server running on port 3000 
2026-04-26 21:30:51 [INFO]: ... end of ther server call.. 
2026-04-26 21:30:51 [INFO]: Database pool connected 
2026-04-26 21:30:51 [INFO]: Database extensions initialized 
2026-04-26 21:30:51 [INFO]: Database connected successfully at Sun Apr 26 2026 21:30:51 GMT+0100 (West Africa Time) 
2026-04-26 21:30:51 [INFO]: Database connected successfully 
2026-04-26 21:30:51 [INFO]: Redis connecting... 
2026-04-26 21:30:51 [INFO]: Redis connected successfully 
2026-04-26 21:30:51 [INFO]: Redis initialized and connected 
2026-04-26 21:30:51 [INFO]: Redis connected successfully 
2026-04-26 21:30:51 [INFO]: Socket.IO server initialized 
2026-04-26 21:30:51 [INFO]: getting to  port .. 
2026-04-26 21:30:51 [INFO]: Server running on port 3000 
2026-04-26 21:34:25 [INFO]: ... end of ther server call.. 
2026-04-26 21:34:25 [INFO]: Database pool connected 
2026-04-26 21:34:25 [INFO]: Database extensions initialized 
2026-04-26 21:34:25 [INFO]: Database connected successfully at Sun Apr 26 2026 21:34:25 GMT+0100 (West Africa Time) 
2026-04-26 21:34:25 [INFO]: Database connected successfully 
2026-04-26 21:34:25 [INFO]: Redis connecting... 
2026-04-26 21:34:25 [INFO]: Redis connected successfully 
2026-04-26 21:34:25 [INFO]: Redis initialized and connected 
2026-04-26 21:34:25 [INFO]: Redis connected successfully 
2026-04-26 21:34:25 [INFO]: Socket.IO server initialized 
2026-04-26 21:34:25 [INFO]: getting to  port .. 
2026-04-26 21:34:25 [INFO]: Server running on port 3000 
2026-04-26 21:34:28 [INFO]: ... end of ther server call.. 
2026-04-26 21:34:28 [INFO]: Database pool connected 
2026-04-26 21:34:28 [INFO]: Database extensions initialized 
2026-04-26 21:34:28 [INFO]: Database connected successfully at Sun Apr 26 2026 21:34:28 GMT+0100 (West Africa Time) 
2026-04-26 21:34:28 [INFO]: Database connected successfully 
2026-04-26 21:34:28 [INFO]: Redis connecting... 
2026-04-26 21:34:28 [INFO]: Redis connected successfully 
2026-04-26 21:34:28 [INFO]: Redis initialized and connected 
2026-04-26 21:34:28 [INFO]: Redis connected successfully 
2026-04-26 21:34:28 [INFO]: Socket.IO server initialized 
2026-04-26 21:34:28 [INFO]: getting to  port .. 
2026-04-26 21:34:28 [INFO]: Server running on port 3000 
2026-04-26 21:34:34 [INFO]: ... end of ther server call.. 
2026-04-26 21:34:34 [INFO]: Database pool connected 
2026-04-26 21:34:34 [INFO]: Database extensions initialized 
2026-04-26 21:34:34 [INFO]: Database connected successfully at Sun Apr 26 2026 21:34:34 GMT+0100 (West Africa Time) 
2026-04-26 21:34:34 [INFO]: Database connected successfully 
2026-04-26 21:34:34 [INFO]: Redis connecting... 
2026-04-26 21:34:34 [INFO]: Redis connected successfully 
2026-04-26 21:34:34 [INFO]: Redis initialized and connected 
2026-04-26 21:34:34 [INFO]: Redis connected successfully 
2026-04-26 21:34:34 [INFO]: Socket.IO server initialized 
2026-04-26 21:34:34 [INFO]: getting to  port .. 
2026-04-26 21:34:34 [INFO]: Server running on port 3000 
2026-04-26 21:35:15 [INFO]: ... end of ther server call.. 
2026-04-26 21:35:15 [INFO]: Database pool connected 
2026-04-26 21:35:15 [INFO]: Database extensions initialized 
2026-04-26 21:35:15 [INFO]: Database connected successfully at Sun Apr 26 2026 21:35:15 GMT+0100 (West Africa Time) 
2026-04-26 21:35:15 [INFO]: Database connected successfully 
2026-04-26 21:35:15 [INFO]: Redis connecting... 
2026-04-26 21:35:15 [INFO]: Redis connected successfully 
2026-04-26 21:35:15 [INFO]: Redis initialized and connected 
2026-04-26 21:35:15 [INFO]: Redis connected successfully 
2026-04-26 21:35:15 [INFO]: Socket.IO server initialized 
2026-04-26 21:35:15 [INFO]: getting to  port .. 
2026-04-26 21:35:15 [INFO]: Server running on port 3000 
2026-04-26 21:35:19 [INFO]: ... end of ther server call.. 
2026-04-26 21:35:19 [INFO]: Database pool connected 
2026-04-26 21:35:19 [INFO]: Database extensions initialized 
2026-04-26 21:35:19 [INFO]: Database connected successfully at Sun Apr 26 2026 21:35:19 GMT+0100 (West Africa Time) 
2026-04-26 21:35:19 [INFO]: Database connected successfully 
2026-04-26 21:35:19 [INFO]: Redis connecting... 
2026-04-26 21:35:19 [INFO]: Redis connected successfully 
2026-04-26 21:35:19 [INFO]: Redis initialized and connected 
2026-04-26 21:35:19 [INFO]: Redis connected successfully 
2026-04-26 21:35:19 [INFO]: Socket.IO server initialized 
2026-04-26 21:35:19 [INFO]: getting to  port .. 
2026-04-26 21:35:19 [INFO]: Server running on port 3000 
2026-04-26 21:35:48 [INFO]: ... end of ther server call.. 
2026-04-26 21:35:48 [INFO]: Database pool connected 
2026-04-26 21:35:48 [INFO]: Database extensions initialized 
2026-04-26 21:35:48 [INFO]: Database connected successfully at Sun Apr 26 2026 21:35:48 GMT+0100 (West Africa Time) 
2026-04-26 21:35:48 [INFO]: Database connected successfully 
2026-04-26 21:35:48 [INFO]: Redis connecting... 
2026-04-26 21:35:48 [INFO]: Redis connected successfully 
2026-04-26 21:35:48 [INFO]: Redis initialized and connected 
2026-04-26 21:35:48 [INFO]: Redis connected successfully 
2026-04-26 21:35:48 [INFO]: Socket.IO server initialized 
2026-04-26 21:35:48 [INFO]: getting to  port .. 
2026-04-26 21:35:48 [INFO]: Server running on port 3000 
2026-04-26 21:36:18 [INFO]: SIGINT received. Starting graceful shutdown... 
2026-04-26 21:36:40 [INFO]: Resetting all migrations... 
2026-04-26 21:36:40 [INFO]: Database pool connected 
2026-04-26 21:36:40 [INFO]: Migrations table ready 
2026-04-26 21:36:40 [INFO]: Rolled back migration: 027_create_user_files_table.js 
2026-04-26 21:36:40 [INFO]: Rolled back migration: 026_create_wallet_table.js 
2026-04-26 21:36:40 [INFO]: Rolled back migration: 025_create_subcategories_table.js 
2026-04-26 21:36:40 [INFO]: Rolled back migration: 024_add_soft_delete.js 
2026-04-26 21:36:40 [INFO]: Rolled back migration: 023_add_foreign_keys.js 
2026-04-26 21:36:40 [INFO]: Rolled back migration: 022_create_indexes.js 
2026-04-26 21:36:40 [INFO]: Rolled back migration: 021_create_substitution_requests_table.js 
2026-04-26 21:36:40 [INFO]: Rolled back migration: 020_create_dispatch_requests_table.js 
2026-04-26 21:36:40 [INFO]: Rolled back migration: 019_create_categories_table.js 
2026-04-26 21:36:40 [INFO]: Rolled back migration: 018_create_saved_artisans_table.js 
2026-04-26 21:36:40 [INFO]: Rolled back migration: 017_create_promotions_table.js 
2026-04-26 21:36:40 [INFO]: Rolled back migration: 016_create_training_table.js 
2026-04-26 21:36:40 [INFO]: Rolled back migration: 015_create_job_offers_table.js 
2026-04-26 21:36:40 [INFO]: Rolled back migration: 014_create_escrow_transactions_table.js 
2026-04-26 21:36:40 [INFO]: Rolled back migration: 013_create_audit_logs.js 
2026-04-26 21:36:40 [INFO]: Rolled back migration: 012_create_disputes_table.js 
2026-04-26 21:36:40 [INFO]: Rolled back migration: 011_create_notifications.js 
2026-04-26 21:36:40 [INFO]: Rolled back migration: 010_create_ratings_table.js 
2026-04-26 21:36:40 [INFO]: Rolled back migration: 009_create_location_history.js 
2026-04-26 21:36:40 [INFO]: Rolled back migration: 008_create_warehous_table.js 
2026-04-26 21:36:40 [INFO]: Rolled back migration: 007_create_payments_table.js 
2026-04-26 21:36:40 [INFO]: Rolled back migration: 006_create_bill_of_quantities_table.js 
2026-04-26 21:36:40 [INFO]: Rolled back migration: 005_create_job_billing_table.js 
2026-04-26 21:36:40 [INFO]: Rolled back migration: 004_create_jobs_table.js 
2026-04-26 21:36:40 [INFO]: Rolled back migration: 003_create_artisan_profiles_table.js 
2026-04-26 21:36:40 [INFO]: Rolled back migration: 002_create_client_profiles_table.js 
2026-04-26 21:36:40 [INFO]: Rolled back migration: 001_create_users_table.js 
2026-04-26 21:36:41 [INFO]: All migrations rolled back successfully 
2026-04-26 21:36:48 [INFO]: Running pending migrations... 
2026-04-26 21:36:48 [INFO]: Database pool connected 
2026-04-26 21:36:48 [INFO]: Migrations table ready 
2026-04-26 21:36:48 [INFO]: Found 27 pending migration(s) 
2026-04-26 21:36:48 [INFO]: Executed migration: 001_create_users_table.js 
2026-04-26 21:36:49 [INFO]: Executed migration: 002_create_client_profiles_table.js 
2026-04-26 21:36:49 [INFO]: Executed migration: 003_create_artisan_profiles_table.js 
2026-04-26 21:36:50 [INFO]: Executed migration: 004_create_jobs_table.js 
2026-04-26 21:36:50 [INFO]: Executed migration: 005_create_job_billing_table.js 
2026-04-26 21:36:50 [INFO]: Executed migration: 006_create_bill_of_quantities_table.js 
2026-04-26 21:36:50 [INFO]: Executed migration: 007_create_payments_table.js 
2026-04-26 21:36:51 [INFO]: Executed migration: 008_create_warehous_table.js 
2026-04-26 21:36:51 [INFO]: Executed migration: 009_create_location_history.js 
2026-04-26 21:36:52 [INFO]: Executed migration: 010_create_ratings_table.js 
2026-04-26 21:36:52 [INFO]: Executed migration: 011_create_notifications.js 
2026-04-26 21:36:52 [INFO]: Executed migration: 012_create_disputes_table.js 
2026-04-26 21:36:53 [INFO]: Executed migration: 013_create_audit_logs.js 
2026-04-26 21:36:53 [INFO]: Executed migration: 014_create_escrow_transactions_table.js 
2026-04-26 21:36:54 [INFO]: Executed migration: 015_create_job_offers_table.js 
2026-04-26 21:36:54 [INFO]: Executed migration: 016_create_training_table.js 
2026-04-26 21:36:54 [INFO]: Executed migration: 017_create_promotions_table.js 
2026-04-26 21:36:55 [INFO]: Executed migration: 018_create_saved_artisans_table.js 
2026-04-26 21:36:55 [INFO]: Executed migration: 019_create_categories_table.js 
2026-04-26 21:36:55 [INFO]: Executed migration: 020_create_dispatch_requests_table.js 
2026-04-26 21:36:56 [INFO]: Executed migration: 021_create_substitution_requests_table.js 
2026-04-26 21:36:56 [INFO]: Executed migration: 022_create_indexes.js 
2026-04-26 21:36:56 [INFO]: Executed migration: 023_add_foreign_keys.js 
2026-04-26 21:36:56 [INFO]: Executed migration: 024_add_soft_delete.js 
2026-04-26 21:36:56 [INFO]: Executed migration: 025_create_subcategories_table.js 
2026-04-26 21:36:57 [INFO]: Executed migration: 026_create_wallet_table.js 
2026-04-26 21:36:57 [INFO]: Executed migration: 027_create_user_files_table.js 
2026-04-26 21:36:57 [INFO]: All migrations executed successfully 
2026-04-26 21:56:11 [INFO]: ... end of ther server call.. 
2026-04-26 21:56:11 [INFO]: Database pool connected 
2026-04-26 21:56:11 [INFO]: Database extensions initialized 
2026-04-26 21:56:11 [INFO]: Database connected successfully at Sun Apr 26 2026 21:56:11 GMT+0100 (West Africa Time) 
2026-04-26 21:56:11 [INFO]: Database connected successfully 
2026-04-26 21:56:11 [INFO]: Redis connecting... 
2026-04-26 21:56:11 [INFO]: Redis connected successfully 
2026-04-26 21:56:11 [INFO]: Redis initialized and connected 
2026-04-26 21:56:11 [INFO]: Redis connected successfully 
2026-04-26 21:56:11 [INFO]: Socket.IO server initialized 
2026-04-26 21:56:11 [INFO]: getting to  port .. 
2026-04-26 21:56:11 [INFO]: Server running on port 3000 
2026-04-26 21:58:19 [INFO]: Database pool connected 
2026-04-26 21:58:19 [INFO]: Test environment - Email OTP for ade@gmail.com: 796948 
2026-04-26 21:58:19 [INFO]: Test environment - Phone OTP for +2348022688674: 127863 
2026-04-26 21:58:19 [INFO]: New client registered: ade@gmail.com 
2026-04-26 21:58:19 [INFO]: profile:  {"user_id":"2d9cfd37-9eaa-4949-9288-1e054299d764","full_legal_name":"Ade Paul","nin":"1234567890","street_address":"12, Lagos street","service_address":"64, Ibadan road","verification_documents":{"ninPhoto":"https://api.beaverworks.com/uploads/nin-photos/58dc3215-5ae0-4e20-a63a-1520bf5afc34.jpeg"},"created_at":"2026-04-26T20:58:19.045Z"}
2026-04-26 22:00:39 [INFO]: Database pool connected 
2026-04-26 22:00:39 [INFO]: Phone verified: +2348022688674 
2026-04-26 22:01:02 [INFO]: Email verified: ade@gmail.com 
2026-04-26 22:14:24 [INFO]: Database pool connected 
2026-04-26 22:14:24 [ERROR]: OTP request error: column reference "id" is ambiguous {"length":106,"name":"error","severity":"ERROR","code":"42702","position":"8","file":"parse_relation.c","line":"831","routine":"scanRTEForColumn","stack":"error: column reference \"id\" is ambiguous\n    at /home/philip/beavers/beavers-backend/node_modules/pg-pool/index.js:45:11\n    at process.processTicksAndRejections (node:internal/process/task_queues:104:5)\n    at async AuthService.requestOTP (/home/philip/beavers/beavers-backend/services/auth.service.js:414:26)\n    at async requestOTP (/home/philip/beavers/beavers-backend/controllers/auth.controller.js:135:22)"}
2026-04-26 22:18:46 [INFO]: ... end of ther server call.. 
2026-04-26 22:18:46 [INFO]: Database pool connected 
2026-04-26 22:18:46 [INFO]: Database extensions initialized 
2026-04-26 22:18:46 [INFO]: Database connected successfully at Sun Apr 26 2026 22:18:46 GMT+0100 (West Africa Time) 
2026-04-26 22:18:46 [INFO]: Database connected successfully 
2026-04-26 22:18:46 [INFO]: Redis connecting... 
2026-04-26 22:18:46 [INFO]: Redis connected successfully 
2026-04-26 22:18:46 [INFO]: Redis initialized and connected 
2026-04-26 22:18:46 [INFO]: Redis connected successfully 
2026-04-26 22:18:46 [INFO]: Socket.IO server initialized 
2026-04-26 22:18:46 [INFO]: getting to  port .. 
2026-04-26 22:18:46 [INFO]: Server running on port 3000 
2026-04-26 22:18:50 [INFO]: ... end of ther server call.. 
2026-04-26 22:18:50 [INFO]: Database pool connected 
2026-04-26 22:18:50 [INFO]: Database extensions initialized 
2026-04-26 22:18:50 [INFO]: Database connected successfully at Sun Apr 26 2026 22:18:50 GMT+0100 (West Africa Time) 
2026-04-26 22:18:50 [INFO]: Database connected successfully 
2026-04-26 22:18:50 [INFO]: Redis connecting... 
2026-04-26 22:18:50 [INFO]: Redis connected successfully 
2026-04-26 22:18:50 [INFO]: Redis initialized and connected 
2026-04-26 22:18:50 [INFO]: Redis connected successfully 
2026-04-26 22:18:50 [INFO]: Socket.IO server initialized 
2026-04-26 22:18:50 [INFO]: getting to  port .. 
2026-04-26 22:18:50 [INFO]: Server running on port 3000 
2026-04-26 22:19:49 [INFO]: ... end of ther server call.. 
2026-04-26 22:19:49 [INFO]: Database pool connected 
2026-04-26 22:19:49 [INFO]: Database extensions initialized 
2026-04-26 22:19:49 [INFO]: Database connected successfully at Sun Apr 26 2026 22:19:49 GMT+0100 (West Africa Time) 
2026-04-26 22:19:49 [INFO]: Database connected successfully 
2026-04-26 22:19:49 [INFO]: Redis connecting... 
2026-04-26 22:19:49 [INFO]: Redis connected successfully 
2026-04-26 22:19:49 [INFO]: Redis initialized and connected 
2026-04-26 22:19:49 [INFO]: Redis connected successfully 
2026-04-26 22:19:49 [INFO]: Socket.IO server initialized 
2026-04-26 22:19:49 [INFO]: getting to  port .. 
2026-04-26 22:19:49 [INFO]: Server running on port 3000 
2026-04-26 22:19:50 [INFO]: ... end of ther server call.. 
2026-04-26 22:19:50 [INFO]: Database pool connected 
2026-04-26 22:19:50 [INFO]: Database extensions initialized 
2026-04-26 22:19:50 [INFO]: Database connected successfully at Sun Apr 26 2026 22:19:50 GMT+0100 (West Africa Time) 
2026-04-26 22:19:50 [INFO]: Database connected successfully 
2026-04-26 22:19:50 [INFO]: Redis connecting... 
2026-04-26 22:19:50 [INFO]: Redis connected successfully 
2026-04-26 22:19:50 [INFO]: Redis initialized and connected 
2026-04-26 22:19:50 [INFO]: Redis connected successfully 
2026-04-26 22:19:50 [INFO]: Socket.IO server initialized 
2026-04-26 22:19:50 [INFO]: getting to  port .. 
2026-04-26 22:19:50 [INFO]: Server running on port 3000 
2026-04-26 22:20:00 [INFO]: ... end of ther server call.. 
2026-04-26 22:20:00 [INFO]: Database pool connected 
2026-04-26 22:20:00 [INFO]: Database extensions initialized 
2026-04-26 22:20:00 [INFO]: Database connected successfully at Sun Apr 26 2026 22:20:00 GMT+0100 (West Africa Time) 
2026-04-26 22:20:00 [INFO]: Database connected successfully 
2026-04-26 22:20:00 [INFO]: Redis connecting... 
2026-04-26 22:20:00 [INFO]: Redis connected successfully 
2026-04-26 22:20:00 [INFO]: Redis initialized and connected 
2026-04-26 22:20:00 [INFO]: Redis connected successfully 
2026-04-26 22:20:00 [INFO]: Socket.IO server initialized 
2026-04-26 22:20:00 [INFO]: getting to  port .. 
2026-04-26 22:20:00 [INFO]: Server running on port 3000 
2026-04-26 22:20:04 [INFO]: ... end of ther server call.. 
2026-04-26 22:20:04 [INFO]: Database pool connected 
2026-04-26 22:20:04 [INFO]: Database extensions initialized 
2026-04-26 22:20:04 [INFO]: Database connected successfully at Sun Apr 26 2026 22:20:04 GMT+0100 (West Africa Time) 
2026-04-26 22:20:04 [INFO]: Database connected successfully 
2026-04-26 22:20:04 [INFO]: Redis connecting... 
2026-04-26 22:20:04 [INFO]: Redis connected successfully 
2026-04-26 22:20:04 [INFO]: Redis initialized and connected 
2026-04-26 22:20:04 [INFO]: Redis connected successfully 
2026-04-26 22:20:04 [INFO]: Socket.IO server initialized 
2026-04-26 22:20:04 [INFO]: getting to  port .. 
2026-04-26 22:20:04 [INFO]: Server running on port 3000 
2026-04-26 22:20:07 [INFO]: ... end of ther server call.. 
2026-04-26 22:20:07 [INFO]: Database pool connected 
2026-04-26 22:20:07 [INFO]: Database extensions initialized 
2026-04-26 22:20:07 [INFO]: Database connected successfully at Sun Apr 26 2026 22:20:07 GMT+0100 (West Africa Time) 
2026-04-26 22:20:07 [INFO]: Database connected successfully 
2026-04-26 22:20:07 [INFO]: Redis connecting... 
2026-04-26 22:20:07 [INFO]: Redis connected successfully 
2026-04-26 22:20:07 [INFO]: Redis initialized and connected 
2026-04-26 22:20:07 [INFO]: Redis connected successfully 
2026-04-26 22:20:07 [INFO]: Socket.IO server initialized 
2026-04-26 22:20:07 [INFO]: getting to  port .. 
2026-04-26 22:20:07 [INFO]: Server running on port 3000 
2026-04-26 22:20:25 [INFO]: ... end of ther server call.. 
2026-04-26 22:20:25 [INFO]: Database pool connected 
2026-04-26 22:20:25 [INFO]: Database extensions initialized 
2026-04-26 22:20:25 [INFO]: Database connected successfully at Sun Apr 26 2026 22:20:25 GMT+0100 (West Africa Time) 
2026-04-26 22:20:25 [INFO]: Database connected successfully 
2026-04-26 22:20:25 [INFO]: Redis connecting... 
2026-04-26 22:20:25 [INFO]: Redis connected successfully 
2026-04-26 22:20:25 [INFO]: Redis initialized and connected 
2026-04-26 22:20:25 [INFO]: Redis connected successfully 
2026-04-26 22:20:25 [INFO]: Socket.IO server initialized 
2026-04-26 22:20:25 [INFO]: getting to  port .. 
2026-04-26 22:20:25 [INFO]: Server running on port 3000 
2026-04-26 22:20:32 [INFO]: ... end of ther server call.. 
2026-04-26 22:20:32 [INFO]: Database pool connected 
2026-04-26 22:20:32 [INFO]: Database extensions initialized 
2026-04-26 22:20:32 [INFO]: Database connected successfully at Sun Apr 26 2026 22:20:32 GMT+0100 (West Africa Time) 
2026-04-26 22:20:32 [INFO]: Database connected successfully 
2026-04-26 22:20:32 [INFO]: Redis connecting... 
2026-04-26 22:20:32 [INFO]: Redis connected successfully 
2026-04-26 22:20:32 [INFO]: Redis initialized and connected 
2026-04-26 22:20:32 [INFO]: Redis connected successfully 
2026-04-26 22:20:32 [INFO]: Socket.IO server initialized 
2026-04-26 22:20:32 [INFO]: getting to  port .. 
2026-04-26 22:20:32 [INFO]: Server running on port 3000 
2026-04-26 22:20:36 [INFO]: ... end of ther server call.. 
2026-04-26 22:20:36 [INFO]: Database pool connected 
2026-04-26 22:20:36 [INFO]: Database extensions initialized 
2026-04-26 22:20:36 [INFO]: Database connected successfully at Sun Apr 26 2026 22:20:36 GMT+0100 (West Africa Time) 
2026-04-26 22:20:36 [INFO]: Database connected successfully 
2026-04-26 22:20:36 [INFO]: Redis connecting... 
2026-04-26 22:20:36 [INFO]: Redis connected successfully 
2026-04-26 22:20:36 [INFO]: Redis initialized and connected 
2026-04-26 22:20:36 [INFO]: Redis connected successfully 
2026-04-26 22:20:36 [INFO]: Socket.IO server initialized 
2026-04-26 22:20:36 [INFO]: getting to  port .. 
2026-04-26 22:20:36 [INFO]: Server running on port 3000 
2026-04-26 22:20:44 [INFO]: ... end of ther server call.. 
2026-04-26 22:20:44 [INFO]: Database pool connected 
2026-04-26 22:20:44 [INFO]: Database extensions initialized 
2026-04-26 22:20:44 [INFO]: Database connected successfully at Sun Apr 26 2026 22:20:44 GMT+0100 (West Africa Time) 
2026-04-26 22:20:44 [INFO]: Database connected successfully 
2026-04-26 22:20:44 [INFO]: Redis connecting... 
2026-04-26 22:20:44 [INFO]: Redis connected successfully 
2026-04-26 22:20:44 [INFO]: Redis initialized and connected 
2026-04-26 22:20:44 [INFO]: Redis connected successfully 
2026-04-26 22:20:44 [INFO]: Socket.IO server initialized 
2026-04-26 22:20:44 [INFO]: getting to  port .. 
2026-04-26 22:20:44 [INFO]: Server running on port 3000 
2026-04-26 22:20:49 [INFO]: ... end of ther server call.. 
2026-04-26 22:20:49 [INFO]: Database pool connected 
2026-04-26 22:20:49 [INFO]: Database extensions initialized 
2026-04-26 22:20:49 [INFO]: Database connected successfully at Sun Apr 26 2026 22:20:49 GMT+0100 (West Africa Time) 
2026-04-26 22:20:49 [INFO]: Database connected successfully 
2026-04-26 22:20:49 [INFO]: Redis connecting... 
2026-04-26 22:20:49 [INFO]: Redis connected successfully 
2026-04-26 22:20:49 [INFO]: Redis initialized and connected 
2026-04-26 22:20:49 [INFO]: Redis connected successfully 
2026-04-26 22:20:49 [INFO]: Socket.IO server initialized 
2026-04-26 22:20:49 [INFO]: getting to  port .. 
2026-04-26 22:20:49 [INFO]: Server running on port 3000 
2026-04-26 22:21:08 [INFO]: ... end of ther server call.. 
2026-04-26 22:21:08 [INFO]: Database pool connected 
2026-04-26 22:21:08 [INFO]: Database extensions initialized 
2026-04-26 22:21:08 [INFO]: Database connected successfully at Sun Apr 26 2026 22:21:08 GMT+0100 (West Africa Time) 
2026-04-26 22:21:08 [INFO]: Database connected successfully 
2026-04-26 22:21:08 [INFO]: Redis connecting... 
2026-04-26 22:21:08 [INFO]: Redis connected successfully 
2026-04-26 22:21:08 [INFO]: Redis initialized and connected 
2026-04-26 22:21:08 [INFO]: Redis connected successfully 
2026-04-26 22:21:08 [INFO]: Socket.IO server initialized 
2026-04-26 22:21:08 [INFO]: getting to  port .. 
2026-04-26 22:21:08 [INFO]: Server running on port 3000 
2026-04-26 22:21:16 [ERROR]: OTP request error: column "full_name" does not exist {"length":109,"name":"error","severity":"ERROR","code":"42703","position":"24","file":"parse_relation.c","line":"3722","routine":"errorMissingColumn","stack":"error: column \"full_name\" does not exist\n    at /home/philip/beavers/beavers-backend/node_modules/pg-pool/index.js:45:11\n    at process.processTicksAndRejections (node:internal/process/task_queues:104:5)\n    at async AuthService.requestOTP (/home/philip/beavers/beavers-backend/services/auth.service.js:414:26)\n    at async requestOTP (/home/philip/beavers/beavers-backend/controllers/auth.controller.js:135:22)"}
2026-04-26 22:22:02 [INFO]: ... end of ther server call.. 
2026-04-26 22:22:02 [INFO]: Database pool connected 
2026-04-26 22:22:02 [INFO]: Database extensions initialized 
2026-04-26 22:22:02 [INFO]: Database connected successfully at Sun Apr 26 2026 22:22:02 GMT+0100 (West Africa Time) 
2026-04-26 22:22:02 [INFO]: Database connected successfully 
2026-04-26 22:22:02 [INFO]: Redis connecting... 
2026-04-26 22:22:02 [INFO]: Redis connected successfully 
2026-04-26 22:22:02 [INFO]: Redis initialized and connected 
2026-04-26 22:22:02 [INFO]: Redis connected successfully 
2026-04-26 22:22:02 [INFO]: Socket.IO server initialized 
2026-04-26 22:22:02 [INFO]: getting to  port .. 
2026-04-26 22:22:02 [INFO]: Server running on port 3000 
2026-04-26 22:22:04 [INFO]: ... end of ther server call.. 
2026-04-26 22:22:04 [INFO]: Database pool connected 
2026-04-26 22:22:04 [INFO]: Database extensions initialized 
2026-04-26 22:22:04 [INFO]: Database connected successfully at Sun Apr 26 2026 22:22:04 GMT+0100 (West Africa Time) 
2026-04-26 22:22:04 [INFO]: Database connected successfully 
2026-04-26 22:22:04 [INFO]: Redis connecting... 
2026-04-26 22:22:04 [INFO]: Redis connected successfully 
2026-04-26 22:22:04 [INFO]: Redis initialized and connected 
2026-04-26 22:22:04 [INFO]: Redis connected successfully 
2026-04-26 22:22:04 [INFO]: Socket.IO server initialized 
2026-04-26 22:22:04 [INFO]: getting to  port .. 
2026-04-26 22:22:04 [INFO]: Server running on port 3000 
2026-04-26 22:22:26 [INFO]: ... end of ther server call.. 
2026-04-26 22:22:26 [INFO]: Database pool connected 
2026-04-26 22:22:26 [INFO]: Database extensions initialized 
2026-04-26 22:22:26 [INFO]: Database connected successfully at Sun Apr 26 2026 22:22:26 GMT+0100 (West Africa Time) 
2026-04-26 22:22:26 [INFO]: Database connected successfully 
2026-04-26 22:22:26 [INFO]: Redis connecting... 
2026-04-26 22:22:26 [INFO]: Redis connected successfully 
2026-04-26 22:22:26 [INFO]: Redis initialized and connected 
2026-04-26 22:22:26 [INFO]: Redis connected successfully 
2026-04-26 22:22:26 [INFO]: Socket.IO server initialized 
2026-04-26 22:22:26 [INFO]: getting to  port .. 
2026-04-26 22:22:26 [INFO]: Server running on port 3000 
2026-04-26 22:23:14 [INFO]: Database pool connected 
2026-04-26 22:23:14 [INFO]: Test environment - OTP for +2348022688674: 957546 
2026-04-26 22:23:14 [INFO]: OTP requested for phone: +2348022688674 
2026-04-26 22:24:38 [INFO]: Database pool connected 
2026-04-26 22:28:44 [INFO]: ... end of ther server call.. 
2026-04-26 22:28:44 [INFO]: Database pool connected 
2026-04-26 22:28:44 [INFO]: Database extensions initialized 
2026-04-26 22:28:44 [INFO]: Database connected successfully at Sun Apr 26 2026 22:28:44 GMT+0100 (West Africa Time) 
2026-04-26 22:28:44 [INFO]: Database connected successfully 
2026-04-26 22:28:44 [INFO]: Redis connecting... 
2026-04-26 22:28:44 [INFO]: Redis connected successfully 
2026-04-26 22:28:44 [INFO]: Redis initialized and connected 
2026-04-26 22:28:44 [INFO]: Redis connected successfully 
2026-04-26 22:28:44 [INFO]: Socket.IO server initialized 
2026-04-26 22:28:44 [INFO]: getting to  port .. 
2026-04-26 22:28:44 [INFO]: Server running on port 3000 
2026-04-26 22:28:46 [INFO]: ... end of ther server call.. 
2026-04-26 22:28:46 [INFO]: Database pool connected 
2026-04-26 22:28:46 [INFO]: Database extensions initialized 
2026-04-26 22:28:46 [INFO]: Database connected successfully at Sun Apr 26 2026 22:28:46 GMT+0100 (West Africa Time) 
2026-04-26 22:28:46 [INFO]: Database connected successfully 
2026-04-26 22:28:46 [INFO]: Redis connecting... 
2026-04-26 22:28:46 [INFO]: Redis connected successfully 
2026-04-26 22:28:46 [INFO]: Redis initialized and connected 
2026-04-26 22:28:46 [INFO]: Redis connected successfully 
2026-04-26 22:28:46 [INFO]: Socket.IO server initialized 
2026-04-26 22:28:46 [INFO]: getting to  port .. 
2026-04-26 22:28:46 [INFO]: Server running on port 3000 
2026-04-26 22:28:49 [INFO]: ... end of ther server call.. 
2026-04-26 22:28:49 [INFO]: Database pool connected 
2026-04-26 22:28:49 [INFO]: Database extensions initialized 
2026-04-26 22:28:50 [INFO]: Database connected successfully at Sun Apr 26 2026 22:28:49 GMT+0100 (West Africa Time) 
2026-04-26 22:28:50 [INFO]: Database connected successfully 
2026-04-26 22:28:50 [INFO]: Redis connecting... 
2026-04-26 22:28:50 [INFO]: Redis connected successfully 
2026-04-26 22:28:50 [INFO]: Redis initialized and connected 
2026-04-26 22:28:50 [INFO]: Redis connected successfully 
2026-04-26 22:28:50 [INFO]: Socket.IO server initialized 
2026-04-26 22:28:50 [INFO]: getting to  port .. 
2026-04-26 22:28:50 [INFO]: Server running on port 3000 
2026-04-26 22:28:51 [INFO]: ... end of ther server call.. 
2026-04-26 22:28:51 [INFO]: Database pool connected 
2026-04-26 22:28:51 [INFO]: Database extensions initialized 
2026-04-26 22:28:51 [INFO]: Database connected successfully at Sun Apr 26 2026 22:28:51 GMT+0100 (West Africa Time) 
2026-04-26 22:28:51 [INFO]: Database connected successfully 
2026-04-26 22:28:51 [INFO]: Redis connecting... 
2026-04-26 22:28:51 [INFO]: Redis connected successfully 
2026-04-26 22:28:51 [INFO]: Redis initialized and connected 
2026-04-26 22:28:51 [INFO]: Redis connected successfully 
2026-04-26 22:28:51 [INFO]: Socket.IO server initialized 
2026-04-26 22:28:51 [INFO]: getting to  port .. 
2026-04-26 22:28:51 [INFO]: Server running on port 3000 
2026-04-26 22:28:52 [INFO]: ... end of ther server call.. 
2026-04-26 22:28:52 [INFO]: Database pool connected 
2026-04-26 22:28:52 [INFO]: Database extensions initialized 
2026-04-26 22:28:52 [INFO]: Database connected successfully at Sun Apr 26 2026 22:28:52 GMT+0100 (West Africa Time) 
2026-04-26 22:28:52 [INFO]: Database connected successfully 
2026-04-26 22:28:52 [INFO]: Redis connecting... 
2026-04-26 22:28:52 [INFO]: Redis connected successfully 
2026-04-26 22:28:52 [INFO]: Redis initialized and connected 
2026-04-26 22:28:52 [INFO]: Redis connected successfully 
2026-04-26 22:28:52 [INFO]: Socket.IO server initialized 
2026-04-26 22:28:52 [INFO]: getting to  port .. 
2026-04-26 22:28:52 [INFO]: Server running on port 3000 
2026-04-26 22:28:57 [INFO]: ... end of ther server call.. 
2026-04-26 22:28:57 [INFO]: Database pool connected 
2026-04-26 22:28:57 [INFO]: Database extensions initialized 
2026-04-26 22:28:57 [INFO]: Database connected successfully at Sun Apr 26 2026 22:28:57 GMT+0100 (West Africa Time) 
2026-04-26 22:28:57 [INFO]: Database connected successfully 
2026-04-26 22:28:57 [INFO]: Redis connecting... 
2026-04-26 22:28:57 [INFO]: Redis connected successfully 
2026-04-26 22:28:57 [INFO]: Redis initialized and connected 
2026-04-26 22:28:57 [INFO]: Redis connected successfully 
2026-04-26 22:28:57 [INFO]: Socket.IO server initialized 
2026-04-26 22:28:57 [INFO]: getting to  port .. 
2026-04-26 22:28:57 [INFO]: Server running on port 3000 
2026-04-26 22:29:01 [INFO]: ... end of ther server call.. 
2026-04-26 22:29:01 [INFO]: Database pool connected 
2026-04-26 22:29:01 [INFO]: Database extensions initialized 
2026-04-26 22:29:02 [INFO]: Database connected successfully at Sun Apr 26 2026 22:29:01 GMT+0100 (West Africa Time) 
2026-04-26 22:29:02 [INFO]: Database connected successfully 
2026-04-26 22:29:02 [INFO]: Redis connecting... 
2026-04-26 22:29:02 [INFO]: Redis connected successfully 
2026-04-26 22:29:02 [INFO]: Redis initialized and connected 
2026-04-26 22:29:02 [INFO]: Redis connected successfully 
2026-04-26 22:29:02 [INFO]: Socket.IO server initialized 
2026-04-26 22:29:02 [INFO]: getting to  port .. 
2026-04-26 22:29:02 [INFO]: Server running on port 3000 
2026-04-26 22:29:03 [INFO]: ... end of ther server call.. 
2026-04-26 22:29:03 [INFO]: Database pool connected 
2026-04-26 22:29:03 [INFO]: Database extensions initialized 
2026-04-26 22:29:03 [INFO]: Database connected successfully at Sun Apr 26 2026 22:29:03 GMT+0100 (West Africa Time) 
2026-04-26 22:29:03 [INFO]: Database connected successfully 
2026-04-26 22:29:03 [INFO]: Redis connecting... 
2026-04-26 22:29:03 [INFO]: Redis connected successfully 
2026-04-26 22:29:03 [INFO]: Redis initialized and connected 
2026-04-26 22:29:03 [INFO]: Redis connected successfully 
2026-04-26 22:29:03 [INFO]: Socket.IO server initialized 
2026-04-26 22:29:03 [INFO]: getting to  port .. 
2026-04-26 22:29:03 [INFO]: Server running on port 3000 
2026-04-26 22:29:05 [INFO]: ... end of ther server call.. 
2026-04-26 22:29:05 [INFO]: Database pool connected 
2026-04-26 22:29:05 [INFO]: Database extensions initialized 
2026-04-26 22:29:05 [INFO]: Database connected successfully at Sun Apr 26 2026 22:29:05 GMT+0100 (West Africa Time) 
2026-04-26 22:29:05 [INFO]: Database connected successfully 
2026-04-26 22:29:05 [INFO]: Redis connecting... 
2026-04-26 22:29:05 [INFO]: Redis connected successfully 
2026-04-26 22:29:05 [INFO]: Redis initialized and connected 
2026-04-26 22:29:05 [INFO]: Redis connected successfully 
2026-04-26 22:29:05 [INFO]: Socket.IO server initialized 
2026-04-26 22:29:05 [INFO]: getting to  port .. 
2026-04-26 22:29:05 [INFO]: Server running on port 3000 
2026-04-26 22:29:10 [INFO]: ... end of ther server call.. 
2026-04-26 22:29:10 [INFO]: Database pool connected 
2026-04-26 22:29:10 [INFO]: Database extensions initialized 
2026-04-26 22:29:10 [INFO]: Database connected successfully at Sun Apr 26 2026 22:29:10 GMT+0100 (West Africa Time) 
2026-04-26 22:29:10 [INFO]: Database connected successfully 
2026-04-26 22:29:10 [INFO]: Redis connecting... 
2026-04-26 22:29:10 [INFO]: Redis connected successfully 
2026-04-26 22:29:10 [INFO]: Redis initialized and connected 
2026-04-26 22:29:10 [INFO]: Redis connected successfully 
2026-04-26 22:29:10 [INFO]: Socket.IO server initialized 
2026-04-26 22:29:10 [INFO]: getting to  port .. 
2026-04-26 22:29:10 [INFO]: Server running on port 3000 
2026-04-26 22:30:04 [INFO]: ... end of ther server call.. 
2026-04-26 22:30:04 [INFO]: Database pool connected 
2026-04-26 22:30:04 [INFO]: Database extensions initialized 
2026-04-26 22:30:04 [INFO]: Database connected successfully at Sun Apr 26 2026 22:30:04 GMT+0100 (West Africa Time) 
2026-04-26 22:30:04 [INFO]: Database connected successfully 
2026-04-26 22:30:04 [INFO]: Redis connecting... 
2026-04-26 22:30:04 [INFO]: Redis connected successfully 
2026-04-26 22:30:04 [INFO]: Redis initialized and connected 
2026-04-26 22:30:04 [INFO]: Redis connected successfully 
2026-04-26 22:30:04 [INFO]: Socket.IO server initialized 
2026-04-26 22:30:04 [INFO]: getting to  port .. 
2026-04-26 22:30:04 [INFO]: Server running on port 3000 
2026-04-26 22:30:32 [INFO]: ... end of ther server call.. 
2026-04-26 22:30:32 [INFO]: Database pool connected 
2026-04-26 22:30:32 [INFO]: Database extensions initialized 
2026-04-26 22:30:32 [INFO]: Database connected successfully at Sun Apr 26 2026 22:30:32 GMT+0100 (West Africa Time) 
2026-04-26 22:30:32 [INFO]: Database connected successfully 
2026-04-26 22:30:32 [INFO]: Redis connecting... 
2026-04-26 22:30:32 [INFO]: Redis connected successfully 
2026-04-26 22:30:32 [INFO]: Redis initialized and connected 
2026-04-26 22:30:32 [INFO]: Redis connected successfully 
2026-04-26 22:30:32 [INFO]: Socket.IO server initialized 
2026-04-26 22:30:32 [INFO]: getting to  port .. 
2026-04-26 22:30:32 [INFO]: Server running on port 3000 
2026-04-26 22:31:09 [INFO]: Test environment - OTP for +2348022688674: 133427 
2026-04-26 22:31:09 [INFO]: OTP requested for phone: +2348022688674 
2026-04-26 22:31:21 [INFO]: SIGINT received. Starting graceful shutdown... 
2026-04-26 22:31:32 [INFO]: ... end of ther server call.. 
2026-04-26 22:31:32 [INFO]: Database pool connected 
2026-04-26 22:31:32 [INFO]: Database extensions initialized 
2026-04-26 22:31:32 [INFO]: Database connected successfully at Sun Apr 26 2026 22:31:32 GMT+0100 (West Africa Time) 
2026-04-26 22:31:32 [INFO]: Database connected successfully 
2026-04-26 22:31:32 [INFO]: Redis connecting... 
2026-04-26 22:31:32 [INFO]: Redis connected successfully 
2026-04-26 22:31:32 [INFO]: Redis initialized and connected 
2026-04-26 22:31:32 [INFO]: Redis connected successfully 
2026-04-26 22:31:32 [INFO]: Socket.IO server initialized 
2026-04-26 22:31:32 [INFO]: getting to  port .. 
2026-04-26 22:31:32 [INFO]: Server running on port 3000 
2026-04-26 22:31:43 [INFO]: Test environment - OTP for +2348022688674: 979072 
2026-04-26 22:31:43 [INFO]: OTP requested for phone: +2348022688674 
2026-04-26 22:32:05 [INFO]: User logged in with OTP: ade@gmail.com / +2348022688674 
2026-04-26 22:36:29 [INFO]: ... end of ther server call.. 
2026-04-26 22:36:29 [INFO]: Database pool connected 
2026-04-26 22:36:29 [INFO]: Database extensions initialized 
2026-04-26 22:36:29 [INFO]: Database connected successfully at Sun Apr 26 2026 22:36:29 GMT+0100 (West Africa Time) 
2026-04-26 22:36:29 [INFO]: Database connected successfully 
2026-04-26 22:36:29 [INFO]: Redis connecting... 
2026-04-26 22:36:29 [INFO]: Redis connected successfully 
2026-04-26 22:36:29 [INFO]: Redis initialized and connected 
2026-04-26 22:36:29 [INFO]: Redis connected successfully 
2026-04-26 22:36:29 [INFO]: Socket.IO server initialized 
2026-04-26 22:36:29 [INFO]: getting to  port .. 
2026-04-26 22:36:29 [INFO]: Server running on port 3000 
2026-04-26 22:36:42 [INFO]: ... end of ther server call.. 
2026-04-26 22:36:42 [INFO]: Database pool connected 
2026-04-26 22:36:42 [INFO]: Database extensions initialized 
2026-04-26 22:36:42 [INFO]: Database connected successfully at Sun Apr 26 2026 22:36:42 GMT+0100 (West Africa Time) 
2026-04-26 22:36:42 [INFO]: Database connected successfully 
2026-04-26 22:36:42 [INFO]: Redis connecting... 
2026-04-26 22:36:42 [INFO]: Redis connected successfully 
2026-04-26 22:36:42 [INFO]: Redis initialized and connected 
2026-04-26 22:36:42 [INFO]: Redis connected successfully 
2026-04-26 22:36:42 [INFO]: Socket.IO server initialized 
2026-04-26 22:36:42 [INFO]: getting to  port .. 
2026-04-26 22:36:42 [INFO]: Server running on port 3000 
2026-04-26 22:45:13 [INFO]: ... end of ther server call.. 
2026-04-26 22:45:13 [INFO]: Database pool connected 
2026-04-26 22:45:13 [INFO]: Database extensions initialized 
2026-04-26 22:45:13 [INFO]: Database connected successfully at Sun Apr 26 2026 22:45:13 GMT+0100 (West Africa Time) 
2026-04-26 22:45:13 [INFO]: Database connected successfully 
2026-04-26 22:45:13 [INFO]: Redis connecting... 
2026-04-26 22:45:13 [INFO]: Redis connected successfully 
2026-04-26 22:45:13 [INFO]: Redis initialized and connected 
2026-04-26 22:45:13 [INFO]: Redis connected successfully 
2026-04-26 22:45:13 [INFO]: Socket.IO server initialized 
2026-04-26 22:45:13 [INFO]: getting to  port .. 
2026-04-26 22:45:13 [INFO]: Server running on port 3000 
2026-04-26 22:45:15 [INFO]: ... end of ther server call.. 
2026-04-26 22:45:15 [INFO]: Database pool connected 
2026-04-26 22:45:15 [INFO]: Database extensions initialized 
2026-04-26 22:45:15 [INFO]: Database connected successfully at Sun Apr 26 2026 22:45:15 GMT+0100 (West Africa Time) 
2026-04-26 22:45:15 [INFO]: Database connected successfully 
2026-04-26 22:45:15 [INFO]: Redis connecting... 
2026-04-26 22:45:15 [INFO]: Redis connected successfully 
2026-04-26 22:45:15 [INFO]: Redis initialized and connected 
2026-04-26 22:45:15 [INFO]: Redis connected successfully 
2026-04-26 22:45:15 [INFO]: Socket.IO server initialized 
2026-04-26 22:45:15 [INFO]: getting to  port .. 
2026-04-26 22:45:15 [INFO]: Server running on port 3000 
2026-04-26 22:45:48 [INFO]: ... end of ther server call.. 
2026-04-26 22:45:48 [INFO]: Database pool connected 
2026-04-26 22:45:48 [INFO]: Database extensions initialized 
2026-04-26 22:45:48 [INFO]: Database connected successfully at Sun Apr 26 2026 22:45:48 GMT+0100 (West Africa Time) 
2026-04-26 22:45:48 [INFO]: Database connected successfully 
2026-04-26 22:45:48 [INFO]: Redis connecting... 
2026-04-26 22:45:48 [INFO]: Redis connected successfully 
2026-04-26 22:45:48 [INFO]: Redis initialized and connected 
2026-04-26 22:45:48 [INFO]: Redis connected successfully 
2026-04-26 22:45:48 [INFO]: Socket.IO server initialized 
2026-04-26 22:45:48 [INFO]: getting to  port .. 
2026-04-26 22:45:48 [INFO]: Server running on port 3000 
2026-04-26 22:45:59 [INFO]: ... end of ther server call.. 
2026-04-26 22:45:59 [INFO]: Database pool connected 
2026-04-26 22:45:59 [INFO]: Database extensions initialized 
2026-04-26 22:45:59 [INFO]: Database connected successfully at Sun Apr 26 2026 22:45:59 GMT+0100 (West Africa Time) 
2026-04-26 22:45:59 [INFO]: Database connected successfully 
2026-04-26 22:45:59 [INFO]: Redis connecting... 
2026-04-26 22:45:59 [INFO]: Redis connected successfully 
2026-04-26 22:45:59 [INFO]: Redis initialized and connected 
2026-04-26 22:45:59 [INFO]: Redis connected successfully 
2026-04-26 22:45:59 [INFO]: Socket.IO server initialized 
2026-04-26 22:45:59 [INFO]: getting to  port .. 
2026-04-26 22:45:59 [INFO]: Server running on port 3000 
2026-04-26 22:46:02 [INFO]: ... end of ther server call.. 
2026-04-26 22:46:02 [INFO]: Database pool connected 
2026-04-26 22:46:02 [INFO]: Database extensions initialized 
2026-04-26 22:46:02 [INFO]: Database connected successfully at Sun Apr 26 2026 22:46:02 GMT+0100 (West Africa Time) 
2026-04-26 22:46:02 [INFO]: Database connected successfully 
2026-04-26 22:46:02 [INFO]: Redis connecting... 
2026-04-26 22:46:02 [INFO]: Redis connected successfully 
2026-04-26 22:46:02 [INFO]: Redis initialized and connected 
2026-04-26 22:46:02 [INFO]: Redis connected successfully 
2026-04-26 22:46:02 [INFO]: Socket.IO server initialized 
2026-04-26 22:46:02 [INFO]: getting to  port .. 
2026-04-26 22:46:02 [INFO]: Server running on port 3000 
2026-04-26 22:46:04 [INFO]: ... end of ther server call.. 
2026-04-26 22:46:04 [INFO]: Database pool connected 
2026-04-26 22:46:04 [INFO]: Database extensions initialized 
2026-04-26 22:46:04 [INFO]: Database connected successfully at Sun Apr 26 2026 22:46:04 GMT+0100 (West Africa Time) 
2026-04-26 22:46:04 [INFO]: Database connected successfully 
2026-04-26 22:46:04 [INFO]: Redis connecting... 
2026-04-26 22:46:04 [INFO]: Redis connected successfully 
2026-04-26 22:46:04 [INFO]: Redis initialized and connected 
2026-04-26 22:46:04 [INFO]: Redis connected successfully 
2026-04-26 22:46:04 [INFO]: Socket.IO server initialized 
2026-04-26 22:46:04 [INFO]: getting to  port .. 
2026-04-26 22:46:04 [INFO]: Server running on port 3000 
2026-04-26 22:46:08 [INFO]: ... end of ther server call.. 
2026-04-26 22:46:08 [INFO]: Database pool connected 
2026-04-26 22:46:08 [INFO]: Database extensions initialized 
2026-04-26 22:46:08 [INFO]: Database connected successfully at Sun Apr 26 2026 22:46:08 GMT+0100 (West Africa Time) 
2026-04-26 22:46:08 [INFO]: Database connected successfully 
2026-04-26 22:46:08 [INFO]: Redis connecting... 
2026-04-26 22:46:08 [INFO]: Redis connected successfully 
2026-04-26 22:46:08 [INFO]: Redis initialized and connected 
2026-04-26 22:46:08 [INFO]: Redis connected successfully 
2026-04-26 22:46:08 [INFO]: Socket.IO server initialized 
2026-04-26 22:46:08 [INFO]: getting to  port .. 
2026-04-26 22:46:08 [INFO]: Server running on port 3000 
2026-04-26 22:46:10 [INFO]: ... end of ther server call.. 
2026-04-26 22:46:10 [INFO]: Database pool connected 
2026-04-26 22:46:10 [INFO]: Database extensions initialized 
2026-04-26 22:46:10 [INFO]: Database connected successfully at Sun Apr 26 2026 22:46:10 GMT+0100 (West Africa Time) 
2026-04-26 22:46:10 [INFO]: Database connected successfully 
2026-04-26 22:46:10 [INFO]: Redis connecting... 
2026-04-26 22:46:10 [INFO]: Redis connected successfully 
2026-04-26 22:46:10 [INFO]: Redis initialized and connected 
2026-04-26 22:46:10 [INFO]: Redis connected successfully 
2026-04-26 22:46:10 [INFO]: Socket.IO server initialized 
2026-04-26 22:46:10 [INFO]: getting to  port .. 
2026-04-26 22:46:10 [INFO]: Server running on port 3000 
2026-04-26 22:46:16 [INFO]: ... end of ther server call.. 
2026-04-26 22:46:16 [INFO]: Database pool connected 
2026-04-26 22:46:16 [INFO]: Database extensions initialized 
2026-04-26 22:46:16 [INFO]: Database connected successfully at Sun Apr 26 2026 22:46:16 GMT+0100 (West Africa Time) 
2026-04-26 22:46:16 [INFO]: Database connected successfully 
2026-04-26 22:46:16 [INFO]: Redis connecting... 
2026-04-26 22:46:16 [INFO]: Redis connected successfully 
2026-04-26 22:46:16 [INFO]: Redis initialized and connected 
2026-04-26 22:46:16 [INFO]: Redis connected successfully 
2026-04-26 22:46:16 [INFO]: Socket.IO server initialized 
2026-04-26 22:46:16 [INFO]: getting to  port .. 
2026-04-26 22:46:16 [INFO]: Server running on port 3000 
2026-04-26 22:46:23 [INFO]: ... end of ther server call.. 
2026-04-26 22:46:23 [INFO]: Database pool connected 
2026-04-26 22:46:23 [INFO]: Database extensions initialized 
2026-04-26 22:46:23 [INFO]: Database connected successfully at Sun Apr 26 2026 22:46:23 GMT+0100 (West Africa Time) 
2026-04-26 22:46:23 [INFO]: Database connected successfully 
2026-04-26 22:46:23 [INFO]: Redis connecting... 
2026-04-26 22:46:23 [INFO]: Redis connected successfully 
2026-04-26 22:46:23 [INFO]: Redis initialized and connected 
2026-04-26 22:46:23 [INFO]: Redis connected successfully 
2026-04-26 22:46:23 [INFO]: Socket.IO server initialized 
2026-04-26 22:46:23 [INFO]: getting to  port .. 
2026-04-26 22:46:23 [INFO]: Server running on port 3000 
2026-04-26 22:46:24 [INFO]: ... end of ther server call.. 
2026-04-26 22:46:24 [INFO]: Database pool connected 
2026-04-26 22:46:24 [INFO]: Database extensions initialized 
2026-04-26 22:46:24 [INFO]: Database connected successfully at Sun Apr 26 2026 22:46:24 GMT+0100 (West Africa Time) 
2026-04-26 22:46:24 [INFO]: Database connected successfully 
2026-04-26 22:46:24 [INFO]: Redis connecting... 
2026-04-26 22:46:24 [INFO]: Redis connected successfully 
2026-04-26 22:46:24 [INFO]: Redis initialized and connected 
2026-04-26 22:46:24 [INFO]: Redis connected successfully 
2026-04-26 22:46:24 [INFO]: Socket.IO server initialized 
2026-04-26 22:46:24 [INFO]: getting to  port .. 
2026-04-26 22:46:24 [INFO]: Server running on port 3000 
2026-04-26 22:46:26 [INFO]: ... end of ther server call.. 
2026-04-26 22:46:26 [INFO]: Database pool connected 
2026-04-26 22:46:26 [INFO]: Database extensions initialized 
2026-04-26 22:46:26 [INFO]: Database connected successfully at Sun Apr 26 2026 22:46:26 GMT+0100 (West Africa Time) 
2026-04-26 22:46:26 [INFO]: Database connected successfully 
2026-04-26 22:46:26 [INFO]: Redis connecting... 
2026-04-26 22:46:26 [INFO]: Redis connected successfully 
2026-04-26 22:46:26 [INFO]: Redis initialized and connected 
2026-04-26 22:46:26 [INFO]: Redis connected successfully 
2026-04-26 22:46:26 [INFO]: Socket.IO server initialized 
2026-04-26 22:46:26 [INFO]: getting to  port .. 
2026-04-26 22:46:26 [INFO]: Server running on port 3000 
2026-04-26 22:46:33 [INFO]: ... end of ther server call.. 
2026-04-26 22:46:33 [INFO]: Database pool connected 
2026-04-26 22:46:33 [INFO]: Database extensions initialized 
2026-04-26 22:46:33 [INFO]: Database connected successfully at Sun Apr 26 2026 22:46:33 GMT+0100 (West Africa Time) 
2026-04-26 22:46:33 [INFO]: Database connected successfully 
2026-04-26 22:46:33 [INFO]: Redis connecting... 
2026-04-26 22:46:33 [INFO]: Redis connected successfully 
2026-04-26 22:46:33 [INFO]: Redis initialized and connected 
2026-04-26 22:46:33 [INFO]: Redis connected successfully 
2026-04-26 22:46:33 [INFO]: Socket.IO server initialized 
2026-04-26 22:46:33 [INFO]: getting to  port .. 
2026-04-26 22:46:33 [INFO]: Server running on port 3000 
2026-04-26 22:46:37 [INFO]: ... end of ther server call.. 
2026-04-26 22:46:37 [INFO]: Database pool connected 
2026-04-26 22:46:37 [INFO]: Database extensions initialized 
2026-04-26 22:46:37 [INFO]: Database connected successfully at Sun Apr 26 2026 22:46:37 GMT+0100 (West Africa Time) 
2026-04-26 22:46:37 [INFO]: Database connected successfully 
2026-04-26 22:46:37 [INFO]: Redis connecting... 
2026-04-26 22:46:37 [INFO]: Redis connected successfully 
2026-04-26 22:46:37 [INFO]: Redis initialized and connected 
2026-04-26 22:46:37 [INFO]: Redis connected successfully 
2026-04-26 22:46:37 [INFO]: Socket.IO server initialized 
2026-04-26 22:46:37 [INFO]: getting to  port .. 
2026-04-26 22:46:37 [INFO]: Server running on port 3000 
2026-04-26 22:46:43 [INFO]: ... end of ther server call.. 
2026-04-26 22:46:43 [INFO]: Database pool connected 
2026-04-26 22:46:43 [INFO]: Database extensions initialized 
2026-04-26 22:46:43 [INFO]: Database connected successfully at Sun Apr 26 2026 22:46:43 GMT+0100 (West Africa Time) 
2026-04-26 22:46:43 [INFO]: Database connected successfully 
2026-04-26 22:46:43 [INFO]: Redis connecting... 
2026-04-26 22:46:43 [INFO]: Redis connected successfully 
2026-04-26 22:46:43 [INFO]: Redis initialized and connected 
2026-04-26 22:46:43 [INFO]: Redis connected successfully 
2026-04-26 22:46:43 [INFO]: Socket.IO server initialized 
2026-04-26 22:46:43 [INFO]: getting to  port .. 
2026-04-26 22:46:43 [INFO]: Server running on port 3000 
2026-04-26 22:46:47 [INFO]: ... end of ther server call.. 
2026-04-26 22:46:47 [INFO]: Database pool connected 
2026-04-26 22:46:47 [INFO]: Database extensions initialized 
2026-04-26 22:46:47 [INFO]: Database connected successfully at Sun Apr 26 2026 22:46:47 GMT+0100 (West Africa Time) 
2026-04-26 22:46:47 [INFO]: Database connected successfully 
2026-04-26 22:46:47 [INFO]: Redis connecting... 
2026-04-26 22:46:47 [INFO]: Redis connected successfully 
2026-04-26 22:46:47 [INFO]: Redis initialized and connected 
2026-04-26 22:46:47 [INFO]: Redis connected successfully 
2026-04-26 22:46:47 [INFO]: Socket.IO server initialized 
2026-04-26 22:46:47 [INFO]: getting to  port .. 
2026-04-26 22:46:47 [INFO]: Server running on port 3000 
2026-04-26 22:46:48 [INFO]: ... end of ther server call.. 
2026-04-26 22:46:48 [INFO]: Database pool connected 
2026-04-26 22:46:48 [INFO]: Database extensions initialized 
2026-04-26 22:46:48 [INFO]: Database connected successfully at Sun Apr 26 2026 22:46:48 GMT+0100 (West Africa Time) 
2026-04-26 22:46:48 [INFO]: Database connected successfully 
2026-04-26 22:46:48 [INFO]: Redis connecting... 
2026-04-26 22:46:48 [INFO]: Redis connected successfully 
2026-04-26 22:46:48 [INFO]: Redis initialized and connected 
2026-04-26 22:46:48 [INFO]: Redis connected successfully 
2026-04-26 22:46:48 [INFO]: Socket.IO server initialized 
2026-04-26 22:46:48 [INFO]: getting to  port .. 
2026-04-26 22:46:48 [INFO]: Server running on port 3000 
2026-04-26 22:46:58 [INFO]: ... end of ther server call.. 
2026-04-26 22:46:58 [INFO]: Database pool connected 
2026-04-26 22:46:58 [INFO]: Database extensions initialized 
2026-04-26 22:46:58 [INFO]: Database connected successfully at Sun Apr 26 2026 22:46:58 GMT+0100 (West Africa Time) 
2026-04-26 22:46:58 [INFO]: Database connected successfully 
2026-04-26 22:46:58 [INFO]: Redis connecting... 
2026-04-26 22:46:58 [INFO]: Redis connected successfully 
2026-04-26 22:46:58 [INFO]: Redis initialized and connected 
2026-04-26 22:46:58 [INFO]: Redis connected successfully 
2026-04-26 22:46:58 [INFO]: Socket.IO server initialized 
2026-04-26 22:46:58 [INFO]: getting to  port .. 
2026-04-26 22:46:58 [INFO]: Server running on port 3000 
2026-04-26 22:47:39 [INFO]: ... end of ther server call.. 
2026-04-26 22:47:39 [INFO]: Database pool connected 
2026-04-26 22:47:39 [INFO]: Database extensions initialized 
2026-04-26 22:47:39 [INFO]: Database connected successfully at Sun Apr 26 2026 22:47:39 GMT+0100 (West Africa Time) 
2026-04-26 22:47:39 [INFO]: Database connected successfully 
2026-04-26 22:47:39 [INFO]: Redis connecting... 
2026-04-26 22:47:39 [INFO]: Redis connected successfully 
2026-04-26 22:47:39 [INFO]: Redis initialized and connected 
2026-04-26 22:47:39 [INFO]: Redis connected successfully 
2026-04-26 22:47:39 [INFO]: Socket.IO server initialized 
2026-04-26 22:47:39 [INFO]: getting to  port .. 
2026-04-26 22:47:39 [INFO]: Server running on port 3000 
2026-04-26 22:47:45 [INFO]: ... end of ther server call.. 
2026-04-26 22:47:45 [INFO]: Database pool connected 
2026-04-26 22:47:45 [INFO]: Database extensions initialized 
2026-04-26 22:47:45 [INFO]: Database connected successfully at Sun Apr 26 2026 22:47:45 GMT+0100 (West Africa Time) 
2026-04-26 22:47:45 [INFO]: Database connected successfully 
2026-04-26 22:47:45 [INFO]: Redis connecting... 
2026-04-26 22:47:45 [INFO]: Redis connected successfully 
2026-04-26 22:47:45 [INFO]: Redis initialized and connected 
2026-04-26 22:47:45 [INFO]: Redis connected successfully 
2026-04-26 22:47:45 [INFO]: Socket.IO server initialized 
2026-04-26 22:47:45 [INFO]: getting to  port .. 
2026-04-26 22:47:45 [INFO]: Server running on port 3000 
2026-04-26 22:47:49 [INFO]: ... end of ther server call.. 
2026-04-26 22:47:49 [INFO]: Database pool connected 
2026-04-26 22:47:49 [INFO]: Database extensions initialized 
2026-04-26 22:47:49 [INFO]: Database connected successfully at Sun Apr 26 2026 22:47:49 GMT+0100 (West Africa Time) 
2026-04-26 22:47:49 [INFO]: Database connected successfully 
2026-04-26 22:47:49 [INFO]: Redis connecting... 
2026-04-26 22:47:49 [INFO]: Redis connected successfully 
2026-04-26 22:47:49 [INFO]: Redis initialized and connected 
2026-04-26 22:47:49 [INFO]: Redis connected successfully 
2026-04-26 22:47:49 [INFO]: Socket.IO server initialized 
2026-04-26 22:47:49 [INFO]: getting to  port .. 
2026-04-26 22:47:49 [INFO]: Server running on port 3000 
2026-04-26 22:47:50 [INFO]: ... end of ther server call.. 
2026-04-26 22:47:50 [INFO]: Database pool connected 
2026-04-26 22:47:50 [INFO]: Database extensions initialized 
2026-04-26 22:47:50 [INFO]: Database connected successfully at Sun Apr 26 2026 22:47:50 GMT+0100 (West Africa Time) 
2026-04-26 22:47:50 [INFO]: Database connected successfully 
2026-04-26 22:47:50 [INFO]: Redis connecting... 
2026-04-26 22:47:50 [INFO]: Redis connected successfully 
2026-04-26 22:47:50 [INFO]: Redis initialized and connected 
2026-04-26 22:47:50 [INFO]: Redis connected successfully 
2026-04-26 22:47:50 [INFO]: Socket.IO server initialized 
2026-04-26 22:47:50 [INFO]: getting to  port .. 
2026-04-26 22:47:50 [INFO]: Server running on port 3000 
2026-04-26 22:54:24 [INFO]: ... end of ther server call.. 
2026-04-26 22:54:24 [INFO]: Database pool connected 
2026-04-26 22:54:24 [INFO]: Database extensions initialized 
2026-04-26 22:54:24 [INFO]: Database connected successfully at Sun Apr 26 2026 22:54:24 GMT+0100 (West Africa Time) 
2026-04-26 22:54:24 [INFO]: Database connected successfully 
2026-04-26 22:54:24 [INFO]: Redis connecting... 
2026-04-26 22:54:24 [INFO]: Redis connected successfully 
2026-04-26 22:54:24 [INFO]: Redis initialized and connected 
2026-04-26 22:54:24 [INFO]: Redis connected successfully 
2026-04-26 22:54:24 [INFO]: Socket.IO server initialized 
2026-04-26 22:54:24 [INFO]: getting to  port .. 
2026-04-26 22:54:24 [INFO]: Server running on port 3000 
2026-04-26 22:55:11 [INFO]: ... end of ther server call.. 
2026-04-26 22:55:11 [INFO]: Database pool connected 
2026-04-26 22:55:11 [INFO]: Database extensions initialized 
2026-04-26 22:55:11 [INFO]: Database connected successfully at Sun Apr 26 2026 22:55:11 GMT+0100 (West Africa Time) 
2026-04-26 22:55:11 [INFO]: Database connected successfully 
2026-04-26 22:55:11 [INFO]: Redis connecting... 
2026-04-26 22:55:11 [INFO]: Redis connected successfully 
2026-04-26 22:55:11 [INFO]: Redis initialized and connected 
2026-04-26 22:55:11 [INFO]: Redis connected successfully 
2026-04-26 22:55:11 [INFO]: Socket.IO server initialized 
2026-04-26 22:55:11 [INFO]: getting to  port .. 
2026-04-26 22:55:11 [INFO]: Server running on port 3000 
2026-04-26 22:55:21 [INFO]: ... end of ther server call.. 
2026-04-26 22:55:21 [INFO]: Database pool connected 
2026-04-26 22:55:21 [INFO]: Database extensions initialized 
2026-04-26 22:55:21 [INFO]: Database connected successfully at Sun Apr 26 2026 22:55:21 GMT+0100 (West Africa Time) 
2026-04-26 22:55:21 [INFO]: Database connected successfully 
2026-04-26 22:55:21 [INFO]: Redis connecting... 
2026-04-26 22:55:22 [INFO]: Redis connected successfully 
2026-04-26 22:55:22 [INFO]: Redis initialized and connected 
2026-04-26 22:55:22 [INFO]: Redis connected successfully 
2026-04-26 22:55:22 [INFO]: Socket.IO server initialized 
2026-04-26 22:55:22 [INFO]: getting to  port .. 
2026-04-26 22:55:22 [INFO]: Server running on port 3000 
2026-04-26 22:57:47 [INFO]: ... end of ther server call.. 
2026-04-26 22:57:47 [INFO]: Database pool connected 
2026-04-26 22:57:47 [INFO]: Database extensions initialized 
2026-04-26 22:57:47 [INFO]: Database connected successfully at Sun Apr 26 2026 22:57:47 GMT+0100 (West Africa Time) 
2026-04-26 22:57:47 [INFO]: Database connected successfully 
2026-04-26 22:57:47 [INFO]: Redis connecting... 
2026-04-26 22:57:47 [INFO]: Redis connected successfully 
2026-04-26 22:57:47 [INFO]: Redis initialized and connected 
2026-04-26 22:57:47 [INFO]: Redis connected successfully 
2026-04-26 22:57:47 [INFO]: Socket.IO server initialized 
2026-04-26 22:57:47 [INFO]: getting to  port .. 
2026-04-26 22:57:47 [INFO]: Server running on port 3000 
2026-04-26 22:57:53 [INFO]: ... end of ther server call.. 
2026-04-26 22:57:53 [INFO]: Database pool connected 
2026-04-26 22:57:53 [INFO]: Database extensions initialized 
2026-04-26 22:57:53 [INFO]: Database connected successfully at Sun Apr 26 2026 22:57:53 GMT+0100 (West Africa Time) 
2026-04-26 22:57:53 [INFO]: Database connected successfully 
2026-04-26 22:57:53 [INFO]: Redis connecting... 
2026-04-26 22:57:53 [INFO]: Redis connected successfully 
2026-04-26 22:57:53 [INFO]: Redis initialized and connected 
2026-04-26 22:57:53 [INFO]: Redis connected successfully 
2026-04-26 22:57:53 [INFO]: Socket.IO server initialized 
2026-04-26 22:57:53 [INFO]: getting to  port .. 
2026-04-26 22:57:53 [INFO]: Server running on port 3000 
2026-04-26 22:58:16 [INFO]: ... end of ther server call.. 
2026-04-26 22:58:16 [INFO]: Database pool connected 
2026-04-26 22:58:16 [INFO]: Database extensions initialized 
2026-04-26 22:58:16 [INFO]: Database connected successfully at Sun Apr 26 2026 22:58:16 GMT+0100 (West Africa Time) 
2026-04-26 22:58:16 [INFO]: Database connected successfully 
2026-04-26 22:58:16 [INFO]: Redis connecting... 
2026-04-26 22:58:16 [INFO]: Redis connected successfully 
2026-04-26 22:58:16 [INFO]: Redis initialized and connected 
2026-04-26 22:58:16 [INFO]: Redis connected successfully 
2026-04-26 22:58:16 [INFO]: Socket.IO server initialized 
2026-04-26 22:58:16 [INFO]: getting to  port .. 
2026-04-26 22:58:16 [INFO]: Server running on port 3000 
2026-04-26 22:58:18 [INFO]: ... end of ther server call.. 
2026-04-26 22:58:18 [INFO]: Database pool connected 
2026-04-26 22:58:18 [INFO]: Database extensions initialized 
2026-04-26 22:58:18 [INFO]: Database connected successfully at Sun Apr 26 2026 22:58:18 GMT+0100 (West Africa Time) 
2026-04-26 22:58:18 [INFO]: Database connected successfully 
2026-04-26 22:58:18 [INFO]: Redis connecting... 
2026-04-26 22:58:18 [INFO]: Redis connected successfully 
2026-04-26 22:58:18 [INFO]: Redis initialized and connected 
2026-04-26 22:58:18 [INFO]: Redis connected successfully 
2026-04-26 22:58:18 [INFO]: Socket.IO server initialized 
2026-04-26 22:58:18 [INFO]: getting to  port .. 
2026-04-26 22:58:18 [INFO]: Server running on port 3000 
2026-04-26 22:58:27 [INFO]: ... end of ther server call.. 
2026-04-26 22:58:28 [INFO]: Database pool connected 
2026-04-26 22:58:28 [INFO]: Database extensions initialized 
2026-04-26 22:58:28 [INFO]: Database connected successfully at Sun Apr 26 2026 22:58:28 GMT+0100 (West Africa Time) 
2026-04-26 22:58:28 [INFO]: Database connected successfully 
2026-04-26 22:58:28 [INFO]: Redis connecting... 
2026-04-26 22:58:28 [INFO]: Redis connected successfully 
2026-04-26 22:58:28 [INFO]: Redis initialized and connected 
2026-04-26 22:58:28 [INFO]: Redis connected successfully 
2026-04-26 22:58:28 [INFO]: Socket.IO server initialized 
2026-04-26 22:58:28 [INFO]: getting to  port .. 
2026-04-26 22:58:28 [INFO]: Server running on port 3000 
2026-04-26 22:58:29 [INFO]: ... end of ther server call.. 
2026-04-26 22:58:29 [INFO]: Database pool connected 
2026-04-26 22:58:29 [INFO]: Database extensions initialized 
2026-04-26 22:58:29 [INFO]: Database connected successfully at Sun Apr 26 2026 22:58:29 GMT+0100 (West Africa Time) 
2026-04-26 22:58:29 [INFO]: Database connected successfully 
2026-04-26 22:58:29 [INFO]: Redis connecting... 
2026-04-26 22:58:29 [INFO]: Redis connected successfully 
2026-04-26 22:58:29 [INFO]: Redis initialized and connected 
2026-04-26 22:58:29 [INFO]: Redis connected successfully 
2026-04-26 22:58:29 [INFO]: Socket.IO server initialized 
2026-04-26 22:58:29 [INFO]: getting to  port .. 
2026-04-26 22:58:29 [INFO]: Server running on port 3000 
2026-04-26 22:58:32 [INFO]: ... end of ther server call.. 
2026-04-26 22:58:32 [INFO]: Database pool connected 
2026-04-26 22:58:32 [INFO]: Database extensions initialized 
2026-04-26 22:58:32 [INFO]: Database connected successfully at Sun Apr 26 2026 22:58:32 GMT+0100 (West Africa Time) 
2026-04-26 22:58:32 [INFO]: Database connected successfully 
2026-04-26 22:58:32 [INFO]: Redis connecting... 
2026-04-26 22:58:32 [INFO]: Redis connected successfully 
2026-04-26 22:58:32 [INFO]: Redis initialized and connected 
2026-04-26 22:58:32 [INFO]: Redis connected successfully 
2026-04-26 22:58:32 [INFO]: Socket.IO server initialized 
2026-04-26 22:58:32 [INFO]: getting to  port .. 
2026-04-26 22:58:32 [INFO]: Server running on port 3000 
2026-04-26 22:58:34 [INFO]: ... end of ther server call.. 
2026-04-26 22:58:34 [INFO]: Database pool connected 
2026-04-26 22:58:34 [INFO]: Database extensions initialized 
2026-04-26 22:58:34 [INFO]: Database connected successfully at Sun Apr 26 2026 22:58:34 GMT+0100 (West Africa Time) 
2026-04-26 22:58:34 [INFO]: Database connected successfully 
2026-04-26 22:58:34 [INFO]: Redis connecting... 
2026-04-26 22:58:34 [INFO]: Redis connected successfully 
2026-04-26 22:58:34 [INFO]: Redis initialized and connected 
2026-04-26 22:58:34 [INFO]: Redis connected successfully 
2026-04-26 22:58:34 [INFO]: Socket.IO server initialized 
2026-04-26 22:58:34 [INFO]: getting to  port .. 
2026-04-26 22:58:34 [INFO]: Server running on port 3000 
2026-04-26 22:58:51 [INFO]: ... end of ther server call.. 
2026-04-26 22:58:51 [INFO]: Database pool connected 
2026-04-26 22:58:51 [INFO]: Database extensions initialized 
2026-04-26 22:58:51 [INFO]: Database connected successfully at Sun Apr 26 2026 22:58:51 GMT+0100 (West Africa Time) 
2026-04-26 22:58:51 [INFO]: Database connected successfully 
2026-04-26 22:58:51 [INFO]: Redis connecting... 
2026-04-26 22:58:51 [INFO]: Redis connected successfully 
2026-04-26 22:58:51 [INFO]: Redis initialized and connected 
2026-04-26 22:58:51 [INFO]: Redis connected successfully 
2026-04-26 22:58:51 [INFO]: Socket.IO server initialized 
2026-04-26 22:58:51 [INFO]: getting to  port .. 
2026-04-26 22:58:51 [INFO]: Server running on port 3000 
2026-04-26 23:04:55 [INFO]: ... end of ther server call.. 
2026-04-26 23:04:55 [INFO]: Database pool connected 
2026-04-26 23:04:55 [INFO]: Database extensions initialized 
2026-04-26 23:04:55 [INFO]: Database connected successfully at Sun Apr 26 2026 23:04:55 GMT+0100 (West Africa Time) 
2026-04-26 23:04:55 [INFO]: Database connected successfully 
2026-04-26 23:04:55 [INFO]: Redis connecting... 
2026-04-26 23:04:55 [INFO]: Redis connected successfully 
2026-04-26 23:04:55 [INFO]: Redis initialized and connected 
2026-04-26 23:04:55 [INFO]: Redis connected successfully 
2026-04-26 23:04:55 [INFO]: Socket.IO server initialized 
2026-04-26 23:04:55 [INFO]: getting to  port .. 
2026-04-26 23:04:55 [INFO]: Server running on port 3000 
2026-04-26 23:04:57 [INFO]: ... end of ther server call.. 
2026-04-26 23:04:57 [INFO]: Database pool connected 
2026-04-26 23:04:57 [INFO]: Database extensions initialized 
2026-04-26 23:04:57 [INFO]: Database connected successfully at Sun Apr 26 2026 23:04:57 GMT+0100 (West Africa Time) 
2026-04-26 23:04:57 [INFO]: Database connected successfully 
2026-04-26 23:04:57 [INFO]: Redis connecting... 
2026-04-26 23:04:57 [INFO]: Redis connected successfully 
2026-04-26 23:04:57 [INFO]: Redis initialized and connected 
2026-04-26 23:04:57 [INFO]: Redis connected successfully 
2026-04-26 23:04:57 [INFO]: Socket.IO server initialized 
2026-04-26 23:04:57 [INFO]: getting to  port .. 
2026-04-26 23:04:57 [INFO]: Server running on port 3000 
2026-04-26 23:04:59 [INFO]: ... end of ther server call.. 
2026-04-26 23:04:59 [INFO]: Database pool connected 
2026-04-26 23:04:59 [INFO]: Database extensions initialized 
2026-04-26 23:04:59 [INFO]: Database connected successfully at Sun Apr 26 2026 23:04:59 GMT+0100 (West Africa Time) 
2026-04-26 23:04:59 [INFO]: Database connected successfully 
2026-04-26 23:04:59 [INFO]: Redis connecting... 
2026-04-26 23:04:59 [INFO]: Redis connected successfully 
2026-04-26 23:04:59 [INFO]: Redis initialized and connected 
2026-04-26 23:04:59 [INFO]: Redis connected successfully 
2026-04-26 23:04:59 [INFO]: Socket.IO server initialized 
2026-04-26 23:04:59 [INFO]: getting to  port .. 
2026-04-26 23:04:59 [INFO]: Server running on port 3000 
2026-04-26 23:05:00 [INFO]: ... end of ther server call.. 
2026-04-26 23:05:00 [INFO]: Database pool connected 
2026-04-26 23:05:00 [INFO]: Database extensions initialized 
2026-04-26 23:05:00 [INFO]: Database connected successfully at Sun Apr 26 2026 23:05:00 GMT+0100 (West Africa Time) 
2026-04-26 23:05:00 [INFO]: Database connected successfully 
2026-04-26 23:05:01 [INFO]: Redis connecting... 
2026-04-26 23:05:01 [INFO]: Redis connected successfully 
2026-04-26 23:05:01 [INFO]: Redis initialized and connected 
2026-04-26 23:05:01 [INFO]: Redis connected successfully 
2026-04-26 23:05:01 [INFO]: Socket.IO server initialized 
2026-04-26 23:05:01 [INFO]: getting to  port .. 
2026-04-26 23:05:01 [INFO]: Server running on port 3000 
2026-04-26 23:06:15 [INFO]: ... end of ther server call.. 
2026-04-26 23:06:15 [INFO]: Database pool connected 
2026-04-26 23:06:15 [INFO]: Database extensions initialized 
2026-04-26 23:06:15 [INFO]: Database connected successfully at Sun Apr 26 2026 23:06:15 GMT+0100 (West Africa Time) 
2026-04-26 23:06:15 [INFO]: Database connected successfully 
2026-04-26 23:06:15 [INFO]: Redis connecting... 
2026-04-26 23:06:15 [INFO]: Redis connected successfully 
2026-04-26 23:06:15 [INFO]: Redis initialized and connected 
2026-04-26 23:06:15 [INFO]: Redis connected successfully 
2026-04-26 23:06:15 [INFO]: Socket.IO server initialized 
2026-04-26 23:06:15 [INFO]: getting to  port .. 
2026-04-26 23:06:15 [INFO]: Server running on port 3000 
2026-04-26 23:06:55 [INFO]: ... end of ther server call.. 
2026-04-26 23:06:55 [INFO]: Database pool connected 
2026-04-26 23:06:55 [INFO]: Database extensions initialized 
2026-04-26 23:06:55 [INFO]: Database connected successfully at Sun Apr 26 2026 23:06:55 GMT+0100 (West Africa Time) 
2026-04-26 23:06:55 [INFO]: Database connected successfully 
2026-04-26 23:06:55 [INFO]: Redis connecting... 
2026-04-26 23:06:55 [INFO]: Redis connected successfully 
2026-04-26 23:06:55 [INFO]: Redis initialized and connected 
2026-04-26 23:06:55 [INFO]: Redis connected successfully 
2026-04-26 23:06:55 [INFO]: Socket.IO server initialized 
2026-04-26 23:06:55 [INFO]: getting to  port .. 
2026-04-26 23:06:55 [INFO]: Server running on port 3000 
2026-04-26 23:07:04 [INFO]: ... end of ther server call.. 
2026-04-26 23:07:04 [INFO]: Database pool connected 
2026-04-26 23:07:04 [INFO]: Database extensions initialized 
2026-04-26 23:07:04 [INFO]: Database connected successfully at Sun Apr 26 2026 23:07:04 GMT+0100 (West Africa Time) 
2026-04-26 23:07:04 [INFO]: Database connected successfully 
2026-04-26 23:07:04 [INFO]: Redis connecting... 
2026-04-26 23:07:04 [INFO]: Redis connected successfully 
2026-04-26 23:07:04 [INFO]: Redis initialized and connected 
2026-04-26 23:07:04 [INFO]: Redis connected successfully 
2026-04-26 23:07:04 [INFO]: Socket.IO server initialized 
2026-04-26 23:07:04 [INFO]: getting to  port .. 
2026-04-26 23:07:04 [INFO]: Server running on port 3000 
2026-04-26 23:08:47 [INFO]: ... end of ther server call.. 
2026-04-26 23:08:47 [INFO]: Database pool connected 
2026-04-26 23:08:47 [INFO]: Database extensions initialized 
2026-04-26 23:08:47 [INFO]: Database connected successfully at Sun Apr 26 2026 23:08:47 GMT+0100 (West Africa Time) 
2026-04-26 23:08:47 [INFO]: Database connected successfully 
2026-04-26 23:08:47 [INFO]: Redis connecting... 
2026-04-26 23:08:47 [INFO]: Redis connected successfully 
2026-04-26 23:08:47 [INFO]: Redis initialized and connected 
2026-04-26 23:08:47 [INFO]: Redis connected successfully 
2026-04-26 23:08:47 [INFO]: Socket.IO server initialized 
2026-04-26 23:08:47 [INFO]: getting to  port .. 
2026-04-26 23:08:47 [INFO]: Server running on port 3000 
2026-04-26 23:08:54 [INFO]: ... end of ther server call.. 
2026-04-26 23:08:54 [INFO]: Database pool connected 
2026-04-26 23:08:54 [INFO]: Database extensions initialized 
2026-04-26 23:08:54 [INFO]: Database connected successfully at Sun Apr 26 2026 23:08:54 GMT+0100 (West Africa Time) 
2026-04-26 23:08:54 [INFO]: Database connected successfully 
2026-04-26 23:08:54 [INFO]: Redis connecting... 
2026-04-26 23:08:54 [INFO]: Redis connected successfully 
2026-04-26 23:08:54 [INFO]: Redis initialized and connected 
2026-04-26 23:08:54 [INFO]: Redis connected successfully 
2026-04-26 23:08:54 [INFO]: Socket.IO server initialized 
2026-04-26 23:08:54 [INFO]: getting to  port .. 
2026-04-26 23:08:54 [INFO]: Server running on port 3000 
2026-04-26 23:08:57 [INFO]: ... end of ther server call.. 
2026-04-26 23:08:57 [INFO]: Database pool connected 
2026-04-26 23:08:57 [INFO]: Database extensions initialized 
2026-04-26 23:08:57 [INFO]: Database connected successfully at Sun Apr 26 2026 23:08:57 GMT+0100 (West Africa Time) 
2026-04-26 23:08:57 [INFO]: Database connected successfully 
2026-04-26 23:08:57 [INFO]: Redis connecting... 
2026-04-26 23:08:57 [INFO]: Redis connected successfully 
2026-04-26 23:08:57 [INFO]: Redis initialized and connected 
2026-04-26 23:08:57 [INFO]: Redis connected successfully 
2026-04-26 23:08:57 [INFO]: Socket.IO server initialized 
2026-04-26 23:08:57 [INFO]: getting to  port .. 
2026-04-26 23:08:57 [INFO]: Server running on port 3000 
2026-04-26 23:09:00 [INFO]: ... end of ther server call.. 
2026-04-26 23:09:00 [INFO]: Database pool connected 
2026-04-26 23:09:00 [INFO]: Database extensions initialized 
2026-04-26 23:09:00 [INFO]: Database connected successfully at Sun Apr 26 2026 23:09:00 GMT+0100 (West Africa Time) 
2026-04-26 23:09:00 [INFO]: Database connected successfully 
2026-04-26 23:09:00 [INFO]: Redis connecting... 
2026-04-26 23:09:00 [INFO]: Redis connected successfully 
2026-04-26 23:09:00 [INFO]: Redis initialized and connected 
2026-04-26 23:09:00 [INFO]: Redis connected successfully 
2026-04-26 23:09:00 [INFO]: Socket.IO server initialized 
2026-04-26 23:09:00 [INFO]: getting to  port .. 
2026-04-26 23:09:00 [INFO]: Server running on port 3000 
2026-04-26 23:17:29 [INFO]: ... end of ther server call.. 
2026-04-26 23:17:30 [INFO]: Database pool connected 
2026-04-26 23:17:30 [INFO]: Database extensions initialized 
2026-04-26 23:17:30 [INFO]: Database connected successfully at Sun Apr 26 2026 23:17:30 GMT+0100 (West Africa Time) 
2026-04-26 23:17:30 [INFO]: Database connected successfully 
2026-04-26 23:17:30 [INFO]: Redis connecting... 
2026-04-26 23:17:30 [INFO]: Redis connected successfully 
2026-04-26 23:17:30 [INFO]: Redis initialized and connected 
2026-04-26 23:17:30 [INFO]: Redis connected successfully 
2026-04-26 23:17:30 [INFO]: Socket.IO server initialized 
2026-04-26 23:17:30 [INFO]: getting to  port .. 
2026-04-26 23:17:30 [INFO]: Server running on port 3000 
2026-04-26 23:17:32 [INFO]: ... end of ther server call.. 
2026-04-26 23:17:32 [INFO]: Database pool connected 
2026-04-26 23:17:32 [INFO]: Database extensions initialized 
2026-04-26 23:17:32 [INFO]: Database connected successfully at Sun Apr 26 2026 23:17:32 GMT+0100 (West Africa Time) 
2026-04-26 23:17:32 [INFO]: Database connected successfully 
2026-04-26 23:17:32 [INFO]: Redis connecting... 
2026-04-26 23:17:32 [INFO]: Redis connected successfully 
2026-04-26 23:17:32 [INFO]: Redis initialized and connected 
2026-04-26 23:17:32 [INFO]: Redis connected successfully 
2026-04-26 23:17:32 [INFO]: Socket.IO server initialized 
2026-04-26 23:17:32 [INFO]: getting to  port .. 
2026-04-26 23:17:32 [INFO]: Server running on port 3000 
2026-04-26 23:17:55 [INFO]: ... end of ther server call.. 
2026-04-26 23:17:55 [INFO]: Database pool connected 
2026-04-26 23:17:55 [INFO]: Database extensions initialized 
2026-04-26 23:17:55 [INFO]: Database connected successfully at Sun Apr 26 2026 23:17:55 GMT+0100 (West Africa Time) 
2026-04-26 23:17:55 [INFO]: Database connected successfully 
2026-04-26 23:17:55 [INFO]: Redis connecting... 
2026-04-26 23:17:55 [INFO]: Redis connected successfully 
2026-04-26 23:17:55 [INFO]: Redis initialized and connected 
2026-04-26 23:17:55 [INFO]: Redis connected successfully 
2026-04-26 23:17:55 [INFO]: Socket.IO server initialized 
2026-04-26 23:17:55 [INFO]: getting to  port .. 
2026-04-26 23:17:55 [INFO]: Server running on port 3000 
2026-04-26 23:17:58 [INFO]: ... end of ther server call.. 
2026-04-26 23:17:58 [INFO]: Database pool connected 
2026-04-26 23:17:58 [INFO]: Database extensions initialized 
2026-04-26 23:17:58 [INFO]: Database connected successfully at Sun Apr 26 2026 23:17:58 GMT+0100 (West Africa Time) 
2026-04-26 23:17:58 [INFO]: Database connected successfully 
2026-04-26 23:17:58 [INFO]: Redis connecting... 
2026-04-26 23:17:58 [INFO]: Redis connected successfully 
2026-04-26 23:17:58 [INFO]: Redis initialized and connected 
2026-04-26 23:17:58 [INFO]: Redis connected successfully 
2026-04-26 23:17:58 [INFO]: Socket.IO server initialized 
2026-04-26 23:17:58 [INFO]: getting to  port .. 
2026-04-26 23:17:58 [INFO]: Server running on port 3000 
2026-04-26 23:17:59 [INFO]: ... end of ther server call.. 
2026-04-26 23:17:59 [INFO]: Database pool connected 
2026-04-26 23:17:59 [INFO]: Database extensions initialized 
2026-04-26 23:17:59 [INFO]: Database connected successfully at Sun Apr 26 2026 23:17:59 GMT+0100 (West Africa Time) 
2026-04-26 23:17:59 [INFO]: Database connected successfully 
2026-04-26 23:17:59 [INFO]: Redis connecting... 
2026-04-26 23:17:59 [INFO]: Redis connected successfully 
2026-04-26 23:17:59 [INFO]: Redis initialized and connected 
2026-04-26 23:17:59 [INFO]: Redis connected successfully 
2026-04-26 23:17:59 [INFO]: Socket.IO server initialized 
2026-04-26 23:17:59 [INFO]: getting to  port .. 
2026-04-26 23:17:59 [INFO]: Server running on port 3000 
2026-04-26 23:18:01 [INFO]: ... end of ther server call.. 
2026-04-26 23:18:01 [INFO]: Database pool connected 
2026-04-26 23:18:01 [INFO]: Database extensions initialized 
2026-04-26 23:18:01 [INFO]: Database connected successfully at Sun Apr 26 2026 23:18:01 GMT+0100 (West Africa Time) 
2026-04-26 23:18:01 [INFO]: Database connected successfully 
2026-04-26 23:18:01 [INFO]: Redis connecting... 
2026-04-26 23:18:01 [INFO]: Redis connected successfully 
2026-04-26 23:18:01 [INFO]: Redis initialized and connected 
2026-04-26 23:18:01 [INFO]: Redis connected successfully 
2026-04-26 23:18:01 [INFO]: Socket.IO server initialized 
2026-04-26 23:18:01 [INFO]: getting to  port .. 
2026-04-26 23:18:01 [INFO]: Server running on port 3000 
2026-04-26 23:18:42 [INFO]: ... end of ther server call.. 
2026-04-26 23:18:42 [INFO]: Database pool connected 
2026-04-26 23:18:42 [INFO]: Database extensions initialized 
2026-04-26 23:18:42 [INFO]: Database connected successfully at Sun Apr 26 2026 23:18:42 GMT+0100 (West Africa Time) 
2026-04-26 23:18:42 [INFO]: Database connected successfully 
2026-04-26 23:18:42 [INFO]: Redis connecting... 
2026-04-26 23:18:42 [INFO]: Redis connected successfully 
2026-04-26 23:18:42 [INFO]: Redis initialized and connected 
2026-04-26 23:18:42 [INFO]: Redis connected successfully 
2026-04-26 23:18:42 [INFO]: Socket.IO server initialized 
2026-04-26 23:18:42 [INFO]: getting to  port .. 
2026-04-26 23:18:42 [INFO]: Server running on port 3000 
2026-04-26 23:18:51 [INFO]: ... end of ther server call.. 
2026-04-26 23:18:52 [INFO]: Database pool connected 
2026-04-26 23:18:52 [INFO]: Database extensions initialized 
2026-04-26 23:18:52 [INFO]: Database connected successfully at Sun Apr 26 2026 23:18:52 GMT+0100 (West Africa Time) 
2026-04-26 23:18:52 [INFO]: Database connected successfully 
2026-04-26 23:18:52 [INFO]: Redis connecting... 
2026-04-26 23:18:52 [INFO]: Redis connected successfully 
2026-04-26 23:18:52 [INFO]: Redis initialized and connected 
2026-04-26 23:18:52 [INFO]: Redis connected successfully 
2026-04-26 23:18:52 [INFO]: Socket.IO server initialized 
2026-04-26 23:18:52 [INFO]: getting to  port .. 
2026-04-26 23:18:52 [INFO]: Server running on port 3000 
2026-04-26 23:18:54 [INFO]: ... end of ther server call.. 
2026-04-26 23:18:54 [INFO]: Database pool connected 
2026-04-26 23:18:54 [INFO]: Database extensions initialized 
2026-04-26 23:18:54 [INFO]: Database connected successfully at Sun Apr 26 2026 23:18:54 GMT+0100 (West Africa Time) 
2026-04-26 23:18:54 [INFO]: Database connected successfully 
2026-04-26 23:18:54 [INFO]: Redis connecting... 
2026-04-26 23:18:54 [INFO]: Redis connected successfully 
2026-04-26 23:18:54 [INFO]: Redis initialized and connected 
2026-04-26 23:18:54 [INFO]: Redis connected successfully 
2026-04-26 23:18:54 [INFO]: Socket.IO server initialized 
2026-04-26 23:18:54 [INFO]: getting to  port .. 
2026-04-26 23:18:54 [INFO]: Server running on port 3000 
2026-04-26 23:18:59 [INFO]: ... end of ther server call.. 
2026-04-26 23:18:59 [INFO]: Database pool connected 
2026-04-26 23:18:59 [INFO]: Database extensions initialized 
2026-04-26 23:18:59 [INFO]: Database connected successfully at Sun Apr 26 2026 23:18:59 GMT+0100 (West Africa Time) 
2026-04-26 23:18:59 [INFO]: Database connected successfully 
2026-04-26 23:18:59 [INFO]: Redis connecting... 
2026-04-26 23:18:59 [INFO]: Redis connected successfully 
2026-04-26 23:18:59 [INFO]: Redis initialized and connected 
2026-04-26 23:18:59 [INFO]: Redis connected successfully 
2026-04-26 23:18:59 [INFO]: Socket.IO server initialized 
2026-04-26 23:18:59 [INFO]: getting to  port .. 
2026-04-26 23:18:59 [INFO]: Server running on port 3000 
2026-04-26 23:23:50 [INFO]: ... end of ther server call.. 
2026-04-26 23:23:50 [INFO]: Database pool connected 
2026-04-26 23:23:50 [INFO]: Database extensions initialized 
2026-04-26 23:23:50 [INFO]: Database connected successfully at Sun Apr 26 2026 23:23:50 GMT+0100 (West Africa Time) 
2026-04-26 23:23:50 [INFO]: Database connected successfully 
2026-04-26 23:23:50 [INFO]: Redis connecting... 
2026-04-26 23:23:50 [INFO]: Redis connected successfully 
2026-04-26 23:23:50 [INFO]: Redis initialized and connected 
2026-04-26 23:23:50 [INFO]: Redis connected successfully 
2026-04-26 23:23:50 [INFO]: Socket.IO server initialized 
2026-04-26 23:23:50 [INFO]: getting to  port .. 
2026-04-26 23:23:50 [INFO]: Server running on port 3000 
2026-04-26 23:24:39 [INFO]: ... end of ther server call.. 
2026-04-26 23:24:39 [INFO]: Database pool connected 
2026-04-26 23:24:39 [INFO]: Database extensions initialized 
2026-04-26 23:24:39 [INFO]: Database connected successfully at Sun Apr 26 2026 23:24:39 GMT+0100 (West Africa Time) 
2026-04-26 23:24:39 [INFO]: Database connected successfully 
2026-04-26 23:24:39 [INFO]: Redis connecting... 
2026-04-26 23:24:39 [INFO]: Redis connected successfully 
2026-04-26 23:24:39 [INFO]: Redis initialized and connected 
2026-04-26 23:24:39 [INFO]: Redis connected successfully 
2026-04-26 23:24:39 [INFO]: Socket.IO server initialized 
2026-04-26 23:24:39 [INFO]: getting to  port .. 
2026-04-26 23:24:39 [INFO]: Server running on port 3000 
2026-04-26 23:24:42 [INFO]: ... end of ther server call.. 
2026-04-26 23:24:42 [INFO]: Database pool connected 
2026-04-26 23:24:42 [INFO]: Database extensions initialized 
2026-04-26 23:24:42 [INFO]: Database connected successfully at Sun Apr 26 2026 23:24:42 GMT+0100 (West Africa Time) 
2026-04-26 23:24:42 [INFO]: Database connected successfully 
2026-04-26 23:24:42 [INFO]: Redis connecting... 
2026-04-26 23:24:42 [INFO]: Redis connected successfully 
2026-04-26 23:24:42 [INFO]: Redis initialized and connected 
2026-04-26 23:24:42 [INFO]: Redis connected successfully 
2026-04-26 23:24:42 [INFO]: Socket.IO server initialized 
2026-04-26 23:24:42 [INFO]: getting to  port .. 
2026-04-26 23:24:42 [INFO]: Server running on port 3000 
2026-04-26 23:24:49 [INFO]: ... end of ther server call.. 
2026-04-26 23:24:49 [INFO]: Database pool connected 
2026-04-26 23:24:49 [INFO]: Database extensions initialized 
2026-04-26 23:24:49 [INFO]: Database connected successfully at Sun Apr 26 2026 23:24:49 GMT+0100 (West Africa Time) 
2026-04-26 23:24:49 [INFO]: Database connected successfully 
2026-04-26 23:24:49 [INFO]: Redis connecting... 
2026-04-26 23:24:49 [INFO]: Redis connected successfully 
2026-04-26 23:24:49 [INFO]: Redis initialized and connected 
2026-04-26 23:24:49 [INFO]: Redis connected successfully 
2026-04-26 23:24:49 [INFO]: Socket.IO server initialized 
2026-04-26 23:24:49 [INFO]: getting to  port .. 
2026-04-26 23:24:49 [INFO]: Server running on port 3000 
2026-04-26 23:25:48 [INFO]: ... end of ther server call.. 
2026-04-26 23:25:48 [INFO]: Database pool connected 
2026-04-26 23:25:48 [INFO]: Database extensions initialized 
2026-04-26 23:25:48 [INFO]: Database connected successfully at Sun Apr 26 2026 23:25:48 GMT+0100 (West Africa Time) 
2026-04-26 23:25:48 [INFO]: Database connected successfully 
2026-04-26 23:25:48 [INFO]: Redis connecting... 
2026-04-26 23:25:48 [INFO]: Redis connected successfully 
2026-04-26 23:25:48 [INFO]: Redis initialized and connected 
2026-04-26 23:25:48 [INFO]: Redis connected successfully 
2026-04-26 23:25:48 [INFO]: Socket.IO server initialized 
2026-04-26 23:25:48 [INFO]: getting to  port .. 
2026-04-26 23:25:48 [INFO]: Server running on port 3000 
2026-04-26 23:25:51 [INFO]: ... end of ther server call.. 
2026-04-26 23:25:51 [INFO]: Database pool connected 
2026-04-26 23:25:51 [INFO]: Database extensions initialized 
2026-04-26 23:25:51 [INFO]: Database connected successfully at Sun Apr 26 2026 23:25:51 GMT+0100 (West Africa Time) 
2026-04-26 23:25:51 [INFO]: Database connected successfully 
2026-04-26 23:25:51 [INFO]: Redis connecting... 
2026-04-26 23:25:51 [INFO]: Redis connected successfully 
2026-04-26 23:25:51 [INFO]: Redis initialized and connected 
2026-04-26 23:25:51 [INFO]: Redis connected successfully 
2026-04-26 23:25:51 [INFO]: Socket.IO server initialized 
2026-04-26 23:25:51 [INFO]: getting to  port .. 
2026-04-26 23:25:51 [INFO]: Server running on port 3000 
2026-04-26 23:27:32 [INFO]: ... end of ther server call.. 
2026-04-26 23:27:32 [INFO]: Database pool connected 
2026-04-26 23:27:32 [INFO]: Database extensions initialized 
2026-04-26 23:27:32 [INFO]: Database connected successfully at Sun Apr 26 2026 23:27:32 GMT+0100 (West Africa Time) 
2026-04-26 23:27:32 [INFO]: Database connected successfully 
2026-04-26 23:27:32 [INFO]: Redis connecting... 
2026-04-26 23:27:32 [INFO]: Redis connected successfully 
2026-04-26 23:27:32 [INFO]: Redis initialized and connected 
2026-04-26 23:27:32 [INFO]: Redis connected successfully 
2026-04-26 23:27:32 [INFO]: Socket.IO server initialized 
2026-04-26 23:27:32 [INFO]: getting to  port .. 
2026-04-26 23:27:32 [INFO]: Server running on port 3000 
2026-04-26 23:27:36 [INFO]: ... end of ther server call.. 
2026-04-26 23:27:36 [INFO]: Database pool connected 
2026-04-26 23:27:36 [INFO]: Database extensions initialized 
2026-04-26 23:27:36 [INFO]: Database connected successfully at Sun Apr 26 2026 23:27:36 GMT+0100 (West Africa Time) 
2026-04-26 23:27:36 [INFO]: Database connected successfully 
2026-04-26 23:27:36 [INFO]: Redis connecting... 
2026-04-26 23:27:36 [INFO]: Redis connected successfully 
2026-04-26 23:27:36 [INFO]: Redis initialized and connected 
2026-04-26 23:27:36 [INFO]: Redis connected successfully 
2026-04-26 23:27:36 [INFO]: Socket.IO server initialized 
2026-04-26 23:27:36 [INFO]: getting to  port .. 
2026-04-26 23:27:36 [INFO]: Server running on port 3000 
2026-04-26 23:27:42 [INFO]: ... end of ther server call.. 
2026-04-26 23:27:42 [INFO]: Database pool connected 
2026-04-26 23:27:42 [INFO]: Database extensions initialized 
2026-04-26 23:27:42 [INFO]: Database connected successfully at Sun Apr 26 2026 23:27:42 GMT+0100 (West Africa Time) 
2026-04-26 23:27:42 [INFO]: Database connected successfully 
2026-04-26 23:27:42 [INFO]: Redis connecting... 
2026-04-26 23:27:42 [INFO]: Redis connected successfully 
2026-04-26 23:27:42 [INFO]: Redis initialized and connected 
2026-04-26 23:27:42 [INFO]: Redis connected successfully 
2026-04-26 23:27:42 [INFO]: Socket.IO server initialized 
2026-04-26 23:27:42 [INFO]: getting to  port .. 
2026-04-26 23:27:42 [INFO]: Server running on port 3000 
2026-04-26 23:27:44 [INFO]: ... end of ther server call.. 
2026-04-26 23:27:44 [INFO]: Database pool connected 
2026-04-26 23:27:44 [INFO]: Database extensions initialized 
2026-04-26 23:27:44 [INFO]: Database connected successfully at Sun Apr 26 2026 23:27:44 GMT+0100 (West Africa Time) 
2026-04-26 23:27:44 [INFO]: Database connected successfully 
2026-04-26 23:27:44 [INFO]: Redis connecting... 
2026-04-26 23:27:44 [INFO]: Redis connected successfully 
2026-04-26 23:27:44 [INFO]: Redis initialized and connected 
2026-04-26 23:27:44 [INFO]: Redis connected successfully 
2026-04-26 23:27:44 [INFO]: Socket.IO server initialized 
2026-04-26 23:27:44 [INFO]: getting to  port .. 
2026-04-26 23:27:44 [INFO]: Server running on port 3000 
2026-04-26 23:27:47 [INFO]: ... end of ther server call.. 
2026-04-26 23:27:47 [INFO]: Database pool connected 
2026-04-26 23:27:47 [INFO]: Database extensions initialized 
2026-04-26 23:27:47 [INFO]: Database connected successfully at Sun Apr 26 2026 23:27:47 GMT+0100 (West Africa Time) 
2026-04-26 23:27:47 [INFO]: Database connected successfully 
2026-04-26 23:27:47 [INFO]: Redis connecting... 
2026-04-26 23:27:47 [INFO]: Redis connected successfully 
2026-04-26 23:27:47 [INFO]: Redis initialized and connected 
2026-04-26 23:27:47 [INFO]: Redis connected successfully 
2026-04-26 23:27:47 [INFO]: Socket.IO server initialized 
2026-04-26 23:27:47 [INFO]: getting to  port .. 
2026-04-26 23:27:47 [INFO]: Server running on port 3000 
2026-04-26 23:28:43 [INFO]: SIGINT received. Starting graceful shutdown... 
2026-04-26 23:29:07 [INFO]: Resetting all migrations... 
2026-04-26 23:29:07 [INFO]: Database pool connected 
2026-04-26 23:29:07 [INFO]: Migrations table ready 
2026-04-26 23:29:07 [INFO]: Rolled back migration: 027_create_user_files_table.js 
2026-04-26 23:29:07 [INFO]: Rolled back migration: 026_create_wallet_table.js 
2026-04-26 23:29:07 [INFO]: Rolled back migration: 025_create_subcategories_table.js 
2026-04-26 23:29:07 [INFO]: Rolled back migration: 024_add_soft_delete.js 
2026-04-26 23:29:07 [INFO]: Rolled back migration: 023_add_foreign_keys.js 
2026-04-26 23:29:07 [INFO]: Rolled back migration: 022_create_indexes.js 
2026-04-26 23:29:07 [INFO]: Rolled back migration: 021_create_substitution_requests_table.js 
2026-04-26 23:29:07 [INFO]: Rolled back migration: 020_create_dispatch_requests_table.js 
2026-04-26 23:29:07 [INFO]: Rolled back migration: 019_create_categories_table.js 
2026-04-26 23:29:07 [INFO]: Rolled back migration: 018_create_saved_artisans_table.js 
2026-04-26 23:29:07 [INFO]: Rolled back migration: 017_create_promotions_table.js 
2026-04-26 23:29:08 [INFO]: Rolled back migration: 016_create_training_table.js 
2026-04-26 23:29:08 [INFO]: Rolled back migration: 015_create_job_offers_table.js 
2026-04-26 23:29:08 [INFO]: Rolled back migration: 014_create_escrow_transactions_table.js 
2026-04-26 23:29:08 [INFO]: Rolled back migration: 013_create_audit_logs.js 
2026-04-26 23:29:08 [INFO]: Rolled back migration: 012_create_disputes_table.js 
2026-04-26 23:29:08 [INFO]: Rolled back migration: 011_create_notifications.js 
2026-04-26 23:29:08 [INFO]: Rolled back migration: 010_create_ratings_table.js 
2026-04-26 23:29:08 [INFO]: Rolled back migration: 009_create_location_history.js 
2026-04-26 23:29:08 [INFO]: Rolled back migration: 008_create_warehous_table.js 
2026-04-26 23:29:08 [INFO]: Rolled back migration: 007_create_payments_table.js 
2026-04-26 23:29:08 [INFO]: Rolled back migration: 006_create_bill_of_quantities_table.js 
2026-04-26 23:29:08 [INFO]: Rolled back migration: 005_create_job_billing_table.js 
2026-04-26 23:29:08 [INFO]: Rolled back migration: 004_create_jobs_table.js 
2026-04-26 23:29:08 [INFO]: Rolled back migration: 003_create_artisan_profiles_table.js 
2026-04-26 23:29:08 [INFO]: Rolled back migration: 002_create_client_profiles_table.js 
2026-04-26 23:29:08 [INFO]: Rolled back migration: 001_create_users_table.js 
2026-04-26 23:29:08 [INFO]: All migrations rolled back successfully 
2026-04-26 23:29:14 [INFO]: Running pending migrations... 
2026-04-26 23:29:14 [INFO]: Database pool connected 
2026-04-26 23:29:14 [INFO]: Migrations table ready 
2026-04-26 23:29:14 [INFO]: Found 28 pending migration(s) 
2026-04-26 23:29:14 [INFO]: Executed migration: 001_create_users_table.js 
2026-04-26 23:29:15 [INFO]: Executed migration: 002_create_client_profiles_table.js 
2026-04-26 23:29:15 [INFO]: Executed migration: 003_create_artisan_profiles_table.js 
2026-04-26 23:29:15 [INFO]: Executed migration: 004_create_jobs_table.js 
2026-04-26 23:29:15 [INFO]: Executed migration: 005_create_job_billing_table.js 
2026-04-26 23:29:16 [INFO]: Executed migration: 006_create_bill_of_quantities_table.js 
2026-04-26 23:29:16 [INFO]: Executed migration: 007_create_payments_table.js 
2026-04-26 23:29:16 [INFO]: Executed migration: 008_create_warehous_table.js 
2026-04-26 23:29:17 [INFO]: Executed migration: 009_create_location_history.js 
2026-04-26 23:29:17 [INFO]: Executed migration: 010_create_ratings_table.js 
2026-04-26 23:29:18 [INFO]: Executed migration: 011_create_notifications.js 
2026-04-26 23:29:18 [INFO]: Executed migration: 012_create_disputes_table.js 
2026-04-26 23:29:18 [INFO]: Executed migration: 013_create_audit_logs.js 
2026-04-26 23:29:19 [INFO]: Executed migration: 014_create_escrow_transactions_table.js 
2026-04-26 23:29:19 [INFO]: Executed migration: 015_create_job_offers_table.js 
2026-04-26 23:29:20 [INFO]: Executed migration: 016_create_training_table.js 
2026-04-26 23:29:20 [INFO]: Executed migration: 017_create_promotions_table.js 
2026-04-26 23:29:20 [INFO]: Executed migration: 018_create_saved_artisans_table.js 
2026-04-26 23:29:21 [INFO]: Executed migration: 019_create_categories_table.js 
2026-04-26 23:29:21 [INFO]: Executed migration: 020_create_dispatch_requests_table.js 
2026-04-26 23:29:21 [INFO]: Executed migration: 021_create_substitution_requests_table.js 
2026-04-26 23:29:22 [INFO]: Executed migration: 022_create_indexes.js 
2026-04-26 23:29:22 [INFO]: Executed migration: 023_add_foreign_keys.js 
2026-04-26 23:29:22 [INFO]: Executed migration: 024_add_soft_delete.js 
2026-04-26 23:29:22 [INFO]: Executed migration: 025_create_subcategories_table.js 
2026-04-26 23:29:23 [INFO]: Executed migration: 026_create_wallet_table.js 
2026-04-26 23:29:23 [INFO]: Executed migration: 027_create_user_files_table.js 
2026-04-26 23:29:23 [INFO]: Executed migration: 028_last_logout_user_table.js 
2026-04-26 23:29:23 [INFO]: All migrations executed successfully 
2026-04-27 09:23:02 [INFO]: ... end of ther server call.. 
2026-04-27 09:23:02 [INFO]: Database pool connected 
2026-04-27 09:23:02 [INFO]: Database extensions initialized 
2026-04-27 09:23:02 [INFO]: Database connected successfully at Mon Apr 27 2026 09:23:02 GMT+0100 (West Africa Time) 
2026-04-27 09:23:02 [INFO]: Database connected successfully 
2026-04-27 09:23:02 [INFO]: Redis connecting... 
2026-04-27 09:23:02 [INFO]: Redis connected successfully 
2026-04-27 09:23:02 [INFO]: Redis initialized and connected 
2026-04-27 09:23:02 [INFO]: Redis connected successfully 
2026-04-27 09:23:02 [INFO]: Socket.IO server initialized 
2026-04-27 09:23:02 [INFO]: getting to  port .. 
2026-04-27 09:23:02 [INFO]: Server running on port 3000 
2026-04-27 09:26:37 [INFO]: Database pool connected 
2026-04-27 09:26:38 [INFO]: Test environment - Email OTP for ade@gmail.com: 895886 
2026-04-27 09:26:38 [INFO]: Test environment - Phone OTP for +2348022688674: 606615 
2026-04-27 09:26:38 [INFO]: New client registered: ade@gmail.com 
2026-04-27 09:26:38 [INFO]: profile:  {"user_id":"c1bf3b62-b5d1-4a4e-9edb-087b0f963132","full_legal_name":"Ade Paul","nin":"1234567890","street_address":"12, Lagos street","service_address":"64, Ibadan road","verification_documents":{"ninPhoto":"https://api.beaverworks.com/uploads/nin-photos/6bf995bc-b1d4-4e93-9e86-733920b82e35.jpeg"},"created_at":"2026-04-27T08:26:37.230Z"}
2026-04-27 09:31:03 [INFO]: Database pool connected 
2026-04-27 09:31:03 [INFO]: Phone verified: +2348022688674 
2026-04-27 09:31:39 [INFO]: Database pool connected 
2026-04-27 09:31:39 [INFO]: Email verified: ade@gmail.com 
2026-04-27 09:32:07 [INFO]: Test environment - OTP for +2348022688674: 854736 
2026-04-27 09:32:07 [INFO]: OTP requested for phone: +2348022688674 
2026-04-27 09:38:18 [INFO]: ... end of ther server call.. 
2026-04-27 09:38:18 [INFO]: Database pool connected 
2026-04-27 09:38:18 [INFO]: Database extensions initialized 
2026-04-27 09:38:18 [INFO]: Database connected successfully at Mon Apr 27 2026 09:38:18 GMT+0100 (West Africa Time) 
2026-04-27 09:38:18 [INFO]: Database connected successfully 
2026-04-27 09:38:18 [INFO]: Redis connecting... 
2026-04-27 09:38:18 [INFO]: Redis connected successfully 
2026-04-27 09:38:18 [INFO]: Redis initialized and connected 
2026-04-27 09:38:18 [INFO]: Redis connected successfully 
2026-04-27 09:38:18 [INFO]: Socket.IO server initialized 
2026-04-27 09:38:18 [INFO]: getting to  port .. 
2026-04-27 09:38:18 [INFO]: Server running on port 3000 
2026-04-27 09:39:12 [INFO]: ... end of ther server call.. 
2026-04-27 09:39:12 [INFO]: Database pool connected 
2026-04-27 09:39:12 [INFO]: Database extensions initialized 
2026-04-27 09:39:12 [INFO]: Database connected successfully at Mon Apr 27 2026 09:39:12 GMT+0100 (West Africa Time) 
2026-04-27 09:39:12 [INFO]: Database connected successfully 
2026-04-27 09:39:12 [INFO]: Redis connecting... 
2026-04-27 09:39:12 [INFO]: Redis connected successfully 
2026-04-27 09:39:12 [INFO]: Redis initialized and connected 
2026-04-27 09:39:12 [INFO]: Redis connected successfully 
2026-04-27 09:39:12 [INFO]: Socket.IO server initialized 
2026-04-27 09:39:12 [INFO]: getting to  port .. 
2026-04-27 09:39:12 [INFO]: Server running on port 3000 
2026-04-27 09:50:28 [INFO]: Database pool connected 
2026-04-27 09:53:20 [INFO]: ... end of ther server call.. 
2026-04-27 09:53:20 [INFO]: Database pool connected 
2026-04-27 09:53:20 [INFO]: Database extensions initialized 
2026-04-27 09:53:20 [INFO]: Database connected successfully at Mon Apr 27 2026 09:53:20 GMT+0100 (West Africa Time) 
2026-04-27 09:53:20 [INFO]: Database connected successfully 
2026-04-27 09:53:20 [INFO]: Redis connecting... 
2026-04-27 09:53:20 [INFO]: Redis connected successfully 
2026-04-27 09:53:20 [INFO]: Redis initialized and connected 
2026-04-27 09:53:20 [INFO]: Redis connected successfully 
2026-04-27 09:53:20 [INFO]: Socket.IO server initialized 
2026-04-27 09:53:20 [INFO]: getting to  port .. 
2026-04-27 09:53:20 [INFO]: Server running on port 3000 
2026-04-27 09:53:26 [INFO]: ... end of ther server call.. 
2026-04-27 09:53:26 [INFO]: Database pool connected 
2026-04-27 09:53:26 [INFO]: Database extensions initialized 
2026-04-27 09:53:26 [INFO]: Database connected successfully at Mon Apr 27 2026 09:53:26 GMT+0100 (West Africa Time) 
2026-04-27 09:53:26 [INFO]: Database connected successfully 
2026-04-27 09:53:26 [INFO]: Redis connecting... 
2026-04-27 09:53:26 [INFO]: Redis connected successfully 
2026-04-27 09:53:26 [INFO]: Redis initialized and connected 
2026-04-27 09:53:26 [INFO]: Redis connected successfully 
2026-04-27 09:53:26 [INFO]: Socket.IO server initialized 
2026-04-27 09:53:26 [INFO]: getting to  port .. 
2026-04-27 09:53:26 [INFO]: Server running on port 3000 
2026-04-27 09:54:23 [INFO]: ... end of ther server call.. 
2026-04-27 09:54:23 [INFO]: Database pool connected 
2026-04-27 09:54:23 [INFO]: Database extensions initialized 
2026-04-27 09:54:23 [INFO]: Database connected successfully at Mon Apr 27 2026 09:54:23 GMT+0100 (West Africa Time) 
2026-04-27 09:54:23 [INFO]: Database connected successfully 
2026-04-27 09:54:23 [INFO]: Redis connecting... 
2026-04-27 09:54:23 [INFO]: Redis connected successfully 
2026-04-27 09:54:23 [INFO]: Redis initialized and connected 
2026-04-27 09:54:23 [INFO]: Redis connected successfully 
2026-04-27 09:54:23 [INFO]: Socket.IO server initialized 
2026-04-27 09:54:23 [INFO]: getting to  port .. 
2026-04-27 09:54:23 [INFO]: Server running on port 3000 
2026-04-27 09:54:25 [INFO]: ... end of ther server call.. 
2026-04-27 09:54:25 [INFO]: Database pool connected 
2026-04-27 09:54:25 [INFO]: Database extensions initialized 
2026-04-27 09:54:25 [INFO]: Database connected successfully at Mon Apr 27 2026 09:54:25 GMT+0100 (West Africa Time) 
2026-04-27 09:54:25 [INFO]: Database connected successfully 
2026-04-27 09:54:25 [INFO]: Redis connecting... 
2026-04-27 09:54:25 [INFO]: Redis connected successfully 
2026-04-27 09:54:25 [INFO]: Redis initialized and connected 
2026-04-27 09:54:25 [INFO]: Redis connected successfully 
2026-04-27 09:54:25 [INFO]: Socket.IO server initialized 
2026-04-27 09:54:25 [INFO]: getting to  port .. 
2026-04-27 09:54:25 [INFO]: Server running on port 3000 
2026-04-27 09:54:32 [INFO]: ... end of ther server call.. 
2026-04-27 09:54:32 [INFO]: Database pool connected 
2026-04-27 09:54:33 [INFO]: Database extensions initialized 
2026-04-27 09:54:33 [INFO]: Database connected successfully at Mon Apr 27 2026 09:54:33 GMT+0100 (West Africa Time) 
2026-04-27 09:54:33 [INFO]: Database connected successfully 
2026-04-27 09:54:33 [INFO]: Redis connecting... 
2026-04-27 09:54:33 [INFO]: Redis connected successfully 
2026-04-27 09:54:33 [INFO]: Redis initialized and connected 
2026-04-27 09:54:33 [INFO]: Redis connected successfully 
2026-04-27 09:54:33 [INFO]: Socket.IO server initialized 
2026-04-27 09:54:33 [INFO]: getting to  port .. 
2026-04-27 09:54:33 [INFO]: Server running on port 3000 
2026-04-27 09:54:54 [INFO]: ... end of ther server call.. 
2026-04-27 09:54:54 [INFO]: Database pool connected 
2026-04-27 09:54:54 [INFO]: Database extensions initialized 
2026-04-27 09:54:54 [INFO]: Database connected successfully at Mon Apr 27 2026 09:54:54 GMT+0100 (West Africa Time) 
2026-04-27 09:54:54 [INFO]: Database connected successfully 
2026-04-27 09:54:54 [INFO]: Redis connecting... 
2026-04-27 09:54:54 [INFO]: Redis connected successfully 
2026-04-27 09:54:54 [INFO]: Redis initialized and connected 
2026-04-27 09:54:54 [INFO]: Redis connected successfully 
2026-04-27 09:54:54 [INFO]: Socket.IO server initialized 
2026-04-27 09:54:54 [INFO]: getting to  port .. 
2026-04-27 09:54:54 [INFO]: Server running on port 3000 
2026-04-27 09:54:55 [INFO]: ... end of ther server call.. 
2026-04-27 09:54:55 [INFO]: Database pool connected 
2026-04-27 09:54:55 [INFO]: Database extensions initialized 
2026-04-27 09:54:55 [INFO]: Database connected successfully at Mon Apr 27 2026 09:54:55 GMT+0100 (West Africa Time) 
2026-04-27 09:54:55 [INFO]: Database connected successfully 
2026-04-27 09:54:55 [INFO]: Redis connecting... 
2026-04-27 09:54:55 [INFO]: Redis connected successfully 
2026-04-27 09:54:55 [INFO]: Redis initialized and connected 
2026-04-27 09:54:55 [INFO]: Redis connected successfully 
2026-04-27 09:54:55 [INFO]: Socket.IO server initialized 
2026-04-27 09:54:55 [INFO]: getting to  port .. 
2026-04-27 09:54:55 [INFO]: Server running on port 3000 
2026-04-27 09:54:59 [INFO]: User logged in: ade@gmail.com / +2348022688674 
2026-04-27 10:09:01 [INFO]: Database pool connected 
2026-04-27 10:09:01 [INFO]: Access token blacklisted for user: c1bf3b62-b5d1-4a4e-9edb-087b0f963132 
2026-04-27 10:09:02 [INFO]: User logged out: c1bf3b62-b5d1-4a4e-9edb-087b0f963132 
2026-04-27 10:24:25 [INFO]: SIGINT received. Starting graceful shutdown... 
2026-04-27 15:56:59 [INFO]: ... end of ther server call.. 
2026-04-27 15:56:59 [INFO]: Database pool connected 
2026-04-27 15:56:59 [INFO]: Database extensions initialized 
2026-04-27 15:56:59 [INFO]: Database connected successfully at Mon Apr 27 2026 15:56:59 GMT+0100 (West Africa Time) 
2026-04-27 15:56:59 [INFO]: Database connected successfully 
2026-04-27 15:56:59 [INFO]: Redis connecting... 
2026-04-27 15:56:59 [INFO]: Redis connected successfully 
2026-04-27 15:56:59 [INFO]: Redis initialized and connected 
2026-04-27 15:56:59 [INFO]: Redis connected successfully 
2026-04-27 15:56:59 [INFO]: Socket.IO server initialized 
2026-04-27 15:56:59 [INFO]: getting to  port .. 
2026-04-27 15:56:59 [INFO]: Server running on port 3000 
2026-04-27 15:57:05 [INFO]: User logged in: ade@gmail.com / +2348022688674 
2026-04-27 15:57:42 [INFO]: Database pool connected 
2026-04-27 15:57:42 [INFO]: Access token blacklisted for user: c1bf3b62-b5d1-4a4e-9edb-087b0f963132 
2026-04-27 15:57:42 [INFO]: User logged out: c1bf3b62-b5d1-4a4e-9edb-087b0f963132 
2026-04-27 15:58:34 [INFO]: Database pool connected 
2026-04-27 15:58:34 [INFO]: User logged in: ade@gmail.com / +2348022688674 
2026-04-27 16:09:14 [INFO]: ... end of ther server call.. 
2026-04-27 16:09:14 [INFO]: Database pool connected 
2026-04-27 16:09:14 [INFO]: Database extensions initialized 
2026-04-27 16:09:14 [INFO]: Database connected successfully at Mon Apr 27 2026 16:09:14 GMT+0100 (West Africa Time) 
2026-04-27 16:09:14 [INFO]: Database connected successfully 
2026-04-27 16:09:14 [INFO]: Redis connecting... 
2026-04-27 16:09:14 [INFO]: Redis connected successfully 
2026-04-27 16:09:14 [INFO]: Redis initialized and connected 
2026-04-27 16:09:14 [INFO]: Redis connected successfully 
2026-04-27 16:09:14 [INFO]: Socket.IO server initialized 
2026-04-27 16:09:14 [INFO]: getting to  port .. 
2026-04-27 16:09:14 [INFO]: Server running on port 3000 
2026-04-27 16:10:08 [INFO]: ... end of ther server call.. 
2026-04-27 16:10:08 [INFO]: Database pool connected 
2026-04-27 16:10:08 [INFO]: Database extensions initialized 
2026-04-27 16:10:08 [INFO]: Database connected successfully at Mon Apr 27 2026 16:10:08 GMT+0100 (West Africa Time) 
2026-04-27 16:10:08 [INFO]: Database connected successfully 
2026-04-27 16:10:08 [INFO]: Redis connecting... 
2026-04-27 16:10:08 [INFO]: Redis connected successfully 
2026-04-27 16:10:08 [INFO]: Redis initialized and connected 
2026-04-27 16:10:08 [INFO]: Redis connected successfully 
2026-04-27 16:10:08 [INFO]: Socket.IO server initialized 
2026-04-27 16:10:08 [INFO]: getting to  port .. 
2026-04-27 16:10:08 [INFO]: Server running on port 3000 
2026-04-27 16:10:09 [INFO]: ... end of ther server call.. 
2026-04-27 16:10:09 [INFO]: Database pool connected 
2026-04-27 16:10:09 [INFO]: Database extensions initialized 
2026-04-27 16:10:09 [INFO]: Database connected successfully at Mon Apr 27 2026 16:10:09 GMT+0100 (West Africa Time) 
2026-04-27 16:10:09 [INFO]: Database connected successfully 
2026-04-27 16:10:09 [INFO]: Redis connecting... 
2026-04-27 16:10:09 [INFO]: Redis connected successfully 
2026-04-27 16:10:09 [INFO]: Redis initialized and connected 
2026-04-27 16:10:09 [INFO]: Redis connected successfully 
2026-04-27 16:10:09 [INFO]: Socket.IO server initialized 
2026-04-27 16:10:09 [INFO]: getting to  port .. 
2026-04-27 16:10:09 [INFO]: Server running on port 3000 
2026-04-27 16:10:29 [INFO]: ... end of ther server call.. 
2026-04-27 16:10:29 [INFO]: Database pool connected 
2026-04-27 16:10:29 [INFO]: Database extensions initialized 
2026-04-27 16:10:29 [INFO]: Database connected successfully at Mon Apr 27 2026 16:10:29 GMT+0100 (West Africa Time) 
2026-04-27 16:10:29 [INFO]: Database connected successfully 
2026-04-27 16:10:29 [INFO]: Redis connecting... 
2026-04-27 16:10:29 [INFO]: Redis connected successfully 
2026-04-27 16:10:29 [INFO]: Redis initialized and connected 
2026-04-27 16:10:29 [INFO]: Redis connected successfully 
2026-04-27 16:10:29 [INFO]: Socket.IO server initialized 
2026-04-27 16:10:29 [INFO]: getting to  port .. 
2026-04-27 16:10:29 [INFO]: Server running on port 3000 
2026-04-27 16:12:21 [INFO]: ... end of ther server call.. 
2026-04-27 16:12:21 [INFO]: Database pool connected 
2026-04-27 16:12:21 [INFO]: Database extensions initialized 
2026-04-27 16:12:21 [INFO]: Database connected successfully at Mon Apr 27 2026 16:12:21 GMT+0100 (West Africa Time) 
2026-04-27 16:12:21 [INFO]: Database connected successfully 
2026-04-27 16:12:21 [INFO]: Redis connecting... 
2026-04-27 16:12:21 [INFO]: Redis connected successfully 
2026-04-27 16:12:21 [INFO]: Redis initialized and connected 
2026-04-27 16:12:21 [INFO]: Redis connected successfully 
2026-04-27 16:12:21 [INFO]: Socket.IO server initialized 
2026-04-27 16:12:21 [INFO]: getting to  port .. 
2026-04-27 16:12:21 [INFO]: Server running on port 3000 
2026-04-27 18:16:14 [INFO]: ... end of ther server call.. 
2026-04-27 21:39:41 [INFO]: ... end of ther server call.. 
2026-04-27 21:39:41 [INFO]: Database pool connected 
2026-04-27 21:39:41 [INFO]: Database extensions initialized 
2026-04-27 21:39:41 [INFO]: Database connected successfully at Mon Apr 27 2026 21:39:41 GMT+0100 (West Africa Time) 
2026-04-27 21:39:41 [INFO]: Database connected successfully 
2026-04-27 21:39:41 [INFO]: Redis connecting... 
2026-04-27 21:39:41 [INFO]: Redis connected successfully 
2026-04-27 21:39:41 [INFO]: Redis initialized and connected 
2026-04-27 21:39:41 [INFO]: Redis connected successfully 
2026-04-27 21:39:41 [INFO]: Socket.IO server initialized 
2026-04-27 21:39:41 [INFO]: getting to  port .. 
2026-04-27 21:39:41 [INFO]: Server running on port 3000 
2026-04-27 21:44:49 [INFO]: ... end of ther server call.. 
2026-04-27 21:44:50 [INFO]: Database pool connected 
2026-04-27 21:44:50 [INFO]: Database extensions initialized 
2026-04-27 21:44:50 [INFO]: Database connected successfully at Mon Apr 27 2026 21:44:50 GMT+0100 (West Africa Time) 
2026-04-27 21:44:50 [INFO]: Database connected successfully 
2026-04-27 21:44:50 [INFO]: Redis connecting... 
2026-04-27 21:44:50 [INFO]: Redis connected successfully 
2026-04-27 21:44:50 [INFO]: Redis initialized and connected 
2026-04-27 21:44:50 [INFO]: Redis connected successfully 
2026-04-27 21:44:50 [INFO]: Socket.IO server initialized 
2026-04-27 21:44:50 [INFO]: getting to  port .. 
2026-04-27 21:44:50 [INFO]: Server running on port 3000 
2026-04-27 21:44:56 [INFO]: ... end of ther server call.. 
2026-04-27 21:44:56 [INFO]: Database pool connected 
2026-04-27 21:44:56 [INFO]: Database extensions initialized 
2026-04-27 21:44:56 [INFO]: Database connected successfully at Mon Apr 27 2026 21:44:56 GMT+0100 (West Africa Time) 
2026-04-27 21:44:56 [INFO]: Database connected successfully 
2026-04-27 21:44:56 [INFO]: Redis connecting... 
2026-04-27 21:44:56 [INFO]: Redis connected successfully 
2026-04-27 21:44:56 [INFO]: Redis initialized and connected 
2026-04-27 21:44:56 [INFO]: Redis connected successfully 
2026-04-27 21:44:56 [INFO]: Socket.IO server initialized 
2026-04-27 21:44:56 [INFO]: getting to  port .. 
2026-04-27 21:44:56 [INFO]: Server running on port 3000 
2026-04-27 21:47:03 [INFO]: ... end of ther server call.. 
2026-04-27 21:47:03 [INFO]: Database pool connected 
2026-04-27 21:47:03 [INFO]: Database extensions initialized 
2026-04-27 21:47:03 [INFO]: Database connected successfully at Mon Apr 27 2026 21:47:03 GMT+0100 (West Africa Time) 
2026-04-27 21:47:03 [INFO]: Database connected successfully 
2026-04-27 21:47:03 [INFO]: Redis connecting... 
2026-04-27 21:47:03 [INFO]: Redis connected successfully 
2026-04-27 21:47:03 [INFO]: Redis initialized and connected 
2026-04-27 21:47:03 [INFO]: Redis connected successfully 
2026-04-27 21:47:03 [INFO]: Socket.IO server initialized 
2026-04-27 21:47:03 [INFO]: getting to  port .. 
2026-04-27 21:47:03 [INFO]: Server running on port 3000 
2026-04-27 23:01:45 [INFO]: Database pool connected 
2026-04-27 23:03:33 [INFO]: ... end of ther server call.. 
2026-04-27 23:03:33 [INFO]: Database pool connected 
2026-04-27 23:03:33 [INFO]: Database extensions initialized 
2026-04-27 23:03:33 [INFO]: Database connected successfully at Mon Apr 27 2026 23:03:33 GMT+0100 (West Africa Time) 
2026-04-27 23:03:33 [INFO]: Database connected successfully 
2026-04-27 23:03:33 [INFO]: Redis connecting... 
2026-04-27 23:03:33 [INFO]: Redis connected successfully 
2026-04-27 23:03:33 [INFO]: Redis initialized and connected 
2026-04-27 23:03:33 [INFO]: Redis connected successfully 
2026-04-27 23:03:33 [INFO]: Socket.IO server initialized 
2026-04-27 23:03:33 [INFO]: getting to  port .. 
2026-04-27 23:03:33 [INFO]: Server running on port 3000 
2026-04-27 23:03:34 [INFO]: ... end of ther server call.. 
2026-04-27 23:03:34 [INFO]: Database pool connected 
2026-04-27 23:03:34 [INFO]: Database extensions initialized 
2026-04-27 23:03:34 [INFO]: Database connected successfully at Mon Apr 27 2026 23:03:34 GMT+0100 (West Africa Time) 
2026-04-27 23:03:34 [INFO]: Database connected successfully 
2026-04-27 23:03:34 [INFO]: Redis connecting... 
2026-04-27 23:03:34 [INFO]: Redis connected successfully 
2026-04-27 23:03:34 [INFO]: Redis initialized and connected 
2026-04-27 23:03:34 [INFO]: Redis connected successfully 
2026-04-27 23:03:34 [INFO]: Socket.IO server initialized 
2026-04-27 23:03:34 [INFO]: getting to  port .. 
2026-04-27 23:03:34 [INFO]: Server running on port 3000 
2026-04-27 23:03:56 [INFO]: ... end of ther server call.. 
2026-04-27 23:03:56 [INFO]: Database pool connected 
2026-04-27 23:03:56 [INFO]: Database extensions initialized 
2026-04-27 23:03:56 [INFO]: Database connected successfully at Mon Apr 27 2026 23:03:56 GMT+0100 (West Africa Time) 
2026-04-27 23:03:56 [INFO]: Database connected successfully 
2026-04-27 23:03:56 [INFO]: Redis connecting... 
2026-04-27 23:03:56 [INFO]: Redis connected successfully 
2026-04-27 23:03:56 [INFO]: Redis initialized and connected 
2026-04-27 23:03:56 [INFO]: Redis connected successfully 
2026-04-27 23:03:56 [INFO]: Socket.IO server initialized 
2026-04-27 23:03:56 [INFO]: getting to  port .. 
2026-04-27 23:03:56 [INFO]: Server running on port 3000 
2026-04-27 23:03:57 [INFO]: ... end of ther server call.. 
2026-04-27 23:03:57 [INFO]: Database pool connected 
2026-04-27 23:03:57 [INFO]: Database extensions initialized 
2026-04-27 23:03:57 [INFO]: Database connected successfully at Mon Apr 27 2026 23:03:57 GMT+0100 (West Africa Time) 
2026-04-27 23:03:57 [INFO]: Database connected successfully 
2026-04-27 23:03:57 [INFO]: Redis connecting... 
2026-04-27 23:03:57 [INFO]: Redis connected successfully 
2026-04-27 23:03:57 [INFO]: Redis initialized and connected 
2026-04-27 23:03:57 [INFO]: Redis connected successfully 
2026-04-27 23:03:57 [INFO]: Socket.IO server initialized 
2026-04-27 23:03:57 [INFO]: getting to  port .. 
2026-04-27 23:03:57 [INFO]: Server running on port 3000 
2026-04-27 23:04:56 [INFO]: ... end of ther server call.. 
2026-04-27 23:04:56 [INFO]: Database pool connected 
2026-04-27 23:04:56 [INFO]: Database extensions initialized 
2026-04-27 23:04:56 [INFO]: Database connected successfully at Mon Apr 27 2026 23:04:56 GMT+0100 (West Africa Time) 
2026-04-27 23:04:56 [INFO]: Database connected successfully 
2026-04-27 23:04:56 [INFO]: Redis connecting... 
2026-04-27 23:04:56 [INFO]: Redis connected successfully 
2026-04-27 23:04:56 [INFO]: Redis initialized and connected 
2026-04-27 23:04:56 [INFO]: Redis connected successfully 
2026-04-27 23:04:56 [INFO]: Socket.IO server initialized 
2026-04-27 23:04:56 [INFO]: getting to  port .. 
2026-04-27 23:04:56 [INFO]: Server running on port 3000 
2026-04-27 23:04:57 [INFO]: ... end of ther server call.. 
2026-04-27 23:04:57 [INFO]: Database pool connected 
2026-04-27 23:04:57 [INFO]: Database extensions initialized 
2026-04-27 23:04:57 [INFO]: Database connected successfully at Mon Apr 27 2026 23:04:57 GMT+0100 (West Africa Time) 
2026-04-27 23:04:57 [INFO]: Database connected successfully 
2026-04-27 23:04:57 [INFO]: Redis connecting... 
2026-04-27 23:04:57 [INFO]: Redis connected successfully 
2026-04-27 23:04:57 [INFO]: Redis initialized and connected 
2026-04-27 23:04:57 [INFO]: Redis connected successfully 
2026-04-27 23:04:57 [INFO]: Socket.IO server initialized 
2026-04-27 23:04:57 [INFO]: getting to  port .. 
2026-04-27 23:04:57 [INFO]: Server running on port 3000 
2026-04-27 23:05:59 [INFO]: ... end of ther server call.. 
2026-04-27 23:05:59 [INFO]: Database pool connected 
2026-04-27 23:05:59 [INFO]: Database extensions initialized 
2026-04-27 23:05:59 [INFO]: Database connected successfully at Mon Apr 27 2026 23:05:59 GMT+0100 (West Africa Time) 
2026-04-27 23:05:59 [INFO]: Database connected successfully 
2026-04-27 23:05:59 [INFO]: Redis connecting... 
2026-04-27 23:05:59 [INFO]: Redis connected successfully 
2026-04-27 23:05:59 [INFO]: Redis initialized and connected 
2026-04-27 23:05:59 [INFO]: Redis connected successfully 
2026-04-27 23:05:59 [INFO]: Socket.IO server initialized 
2026-04-27 23:05:59 [INFO]: getting to  port .. 
2026-04-27 23:05:59 [INFO]: Server running on port 3000 
2026-04-27 23:06:02 [INFO]: ... end of ther server call.. 
2026-04-27 23:06:02 [INFO]: Database pool connected 
2026-04-27 23:06:02 [INFO]: Database extensions initialized 
2026-04-27 23:06:02 [INFO]: Database connected successfully at Mon Apr 27 2026 23:06:02 GMT+0100 (West Africa Time) 
2026-04-27 23:06:02 [INFO]: Database connected successfully 
2026-04-27 23:06:02 [INFO]: Redis connecting... 
2026-04-27 23:06:02 [INFO]: Redis connected successfully 
2026-04-27 23:06:02 [INFO]: Redis initialized and connected 
2026-04-27 23:06:02 [INFO]: Redis connected successfully 
2026-04-27 23:06:02 [INFO]: Socket.IO server initialized 
2026-04-27 23:06:02 [INFO]: getting to  port .. 
2026-04-27 23:06:02 [INFO]: Server running on port 3000 
2026-04-27 23:07:35 [INFO]: Database pool connected 
2026-04-27 23:08:30 [INFO]: ... end of ther server call.. 
2026-04-27 23:08:30 [INFO]: Database pool connected 
2026-04-27 23:08:30 [INFO]: Database extensions initialized 
2026-04-27 23:08:30 [INFO]: Database connected successfully at Mon Apr 27 2026 23:08:30 GMT+0100 (West Africa Time) 
2026-04-27 23:08:30 [INFO]: Database connected successfully 
2026-04-27 23:08:30 [INFO]: Redis connecting... 
2026-04-27 23:08:30 [INFO]: Redis connected successfully 
2026-04-27 23:08:30 [INFO]: Redis initialized and connected 
2026-04-27 23:08:30 [INFO]: Redis connected successfully 
2026-04-27 23:08:30 [INFO]: Socket.IO server initialized 
2026-04-27 23:08:30 [INFO]: getting to  port .. 
2026-04-27 23:08:30 [INFO]: Server running on port 3000 
2026-04-27 23:08:52 [INFO]: ... end of ther server call.. 
2026-04-27 23:08:52 [INFO]: Database pool connected 
2026-04-27 23:08:52 [INFO]: Database extensions initialized 
2026-04-27 23:08:52 [INFO]: Database connected successfully at Mon Apr 27 2026 23:08:52 GMT+0100 (West Africa Time) 
2026-04-27 23:08:52 [INFO]: Database connected successfully 
2026-04-27 23:08:52 [INFO]: Redis connecting... 
2026-04-27 23:08:52 [INFO]: Redis connected successfully 
2026-04-27 23:08:52 [INFO]: Redis initialized and connected 
2026-04-27 23:08:52 [INFO]: Redis connected successfully 
2026-04-27 23:08:52 [INFO]: Socket.IO server initialized 
2026-04-27 23:08:52 [INFO]: getting to  port .. 
2026-04-27 23:08:52 [INFO]: Server running on port 3000 
2026-04-27 23:08:56 [INFO]: ... end of ther server call.. 
2026-04-27 23:08:56 [INFO]: Database pool connected 
2026-04-27 23:08:56 [INFO]: Database extensions initialized 
2026-04-27 23:08:56 [INFO]: Database connected successfully at Mon Apr 27 2026 23:08:56 GMT+0100 (West Africa Time) 
2026-04-27 23:08:56 [INFO]: Database connected successfully 
2026-04-27 23:08:56 [INFO]: Redis connecting... 
2026-04-27 23:08:56 [INFO]: Redis connected successfully 
2026-04-27 23:08:56 [INFO]: Redis initialized and connected 
2026-04-27 23:08:56 [INFO]: Redis connected successfully 
2026-04-27 23:08:56 [INFO]: Socket.IO server initialized 
2026-04-27 23:08:56 [INFO]: getting to  port .. 
2026-04-27 23:08:56 [INFO]: Server running on port 3000 
2026-04-27 23:09:14 [INFO]: ... end of ther server call.. 
2026-04-27 23:09:14 [INFO]: Database pool connected 
2026-04-27 23:09:14 [INFO]: Database extensions initialized 
2026-04-27 23:09:14 [INFO]: Database connected successfully at Mon Apr 27 2026 23:09:14 GMT+0100 (West Africa Time) 
2026-04-27 23:09:14 [INFO]: Database connected successfully 
2026-04-27 23:09:14 [INFO]: Redis connecting... 
2026-04-27 23:09:14 [INFO]: Redis connected successfully 
2026-04-27 23:09:14 [INFO]: Redis initialized and connected 
2026-04-27 23:09:14 [INFO]: Redis connected successfully 
2026-04-27 23:09:14 [INFO]: Socket.IO server initialized 
2026-04-27 23:09:14 [INFO]: getting to  port .. 
2026-04-27 23:09:14 [INFO]: Server running on port 3000 
2026-04-27 23:09:28 [INFO]: ... end of ther server call.. 
2026-04-27 23:09:28 [INFO]: Database pool connected 
2026-04-27 23:09:28 [INFO]: Database extensions initialized 
2026-04-27 23:09:28 [INFO]: Database connected successfully at Mon Apr 27 2026 23:09:28 GMT+0100 (West Africa Time) 
2026-04-27 23:09:28 [INFO]: Database connected successfully 
2026-04-27 23:09:28 [INFO]: Redis connecting... 
2026-04-27 23:09:28 [INFO]: Redis connected successfully 
2026-04-27 23:09:28 [INFO]: Redis initialized and connected 
2026-04-27 23:09:28 [INFO]: Redis connected successfully 
2026-04-27 23:09:28 [INFO]: Socket.IO server initialized 
2026-04-27 23:09:28 [INFO]: getting to  port .. 
2026-04-27 23:09:28 [INFO]: Server running on port 3000 
2026-04-27 23:24:24 [INFO]: ... end of ther server call.. 
2026-04-27 23:24:24 [INFO]: Database pool connected 
2026-04-27 23:24:24 [INFO]: Database extensions initialized 
2026-04-27 23:24:24 [INFO]: Database connected successfully at Mon Apr 27 2026 23:24:24 GMT+0100 (West Africa Time) 
2026-04-27 23:24:24 [INFO]: Database connected successfully 
2026-04-27 23:24:24 [INFO]: Redis connecting... 
2026-04-27 23:24:24 [INFO]: Redis connected successfully 
2026-04-27 23:24:24 [INFO]: Redis initialized and connected 
2026-04-27 23:24:24 [INFO]: Redis connected successfully 
2026-04-27 23:24:24 [INFO]: Socket.IO server initialized 
2026-04-27 23:24:24 [INFO]: getting to  port .. 
2026-04-27 23:24:24 [INFO]: Server running on port 3000 
2026-04-27 23:24:47 [INFO]: ... end of ther server call.. 
2026-04-27 23:24:47 [INFO]: Database pool connected 
2026-04-27 23:24:47 [INFO]: Database extensions initialized 
2026-04-27 23:24:47 [INFO]: Database connected successfully at Mon Apr 27 2026 23:24:47 GMT+0100 (West Africa Time) 
2026-04-27 23:24:47 [INFO]: Database connected successfully 
2026-04-27 23:24:47 [INFO]: Redis connecting... 
2026-04-27 23:24:47 [INFO]: Redis connected successfully 
2026-04-27 23:24:47 [INFO]: Redis initialized and connected 
2026-04-27 23:24:47 [INFO]: Redis connected successfully 
2026-04-27 23:24:47 [INFO]: Socket.IO server initialized 
2026-04-27 23:24:47 [INFO]: getting to  port .. 
2026-04-27 23:24:47 [INFO]: Server running on port 3000 
2026-04-27 23:24:50 [INFO]: ... end of ther server call.. 
2026-04-27 23:24:50 [INFO]: Database pool connected 
2026-04-27 23:24:50 [INFO]: Database extensions initialized 
2026-04-27 23:24:50 [INFO]: Database connected successfully at Mon Apr 27 2026 23:24:50 GMT+0100 (West Africa Time) 
2026-04-27 23:24:50 [INFO]: Database connected successfully 
2026-04-27 23:24:50 [INFO]: Redis connecting... 
2026-04-27 23:24:50 [INFO]: Redis connected successfully 
2026-04-27 23:24:50 [INFO]: Redis initialized and connected 
2026-04-27 23:24:50 [INFO]: Redis connected successfully 
2026-04-27 23:24:50 [INFO]: Socket.IO server initialized 
2026-04-27 23:24:50 [INFO]: getting to  port .. 
2026-04-27 23:24:50 [INFO]: Server running on port 3000 
2026-04-27 23:24:52 [INFO]: ... end of ther server call.. 
2026-04-27 23:24:52 [INFO]: Database pool connected 
2026-04-27 23:24:52 [INFO]: Database extensions initialized 
2026-04-27 23:24:52 [INFO]: Database connected successfully at Mon Apr 27 2026 23:24:52 GMT+0100 (West Africa Time) 
2026-04-27 23:24:52 [INFO]: Database connected successfully 
2026-04-27 23:24:52 [INFO]: Redis connecting... 
2026-04-27 23:24:52 [INFO]: Redis connected successfully 
2026-04-27 23:24:52 [INFO]: Redis initialized and connected 
2026-04-27 23:24:52 [INFO]: Redis connected successfully 
2026-04-27 23:24:52 [INFO]: Socket.IO server initialized 
2026-04-27 23:24:52 [INFO]: getting to  port .. 
2026-04-27 23:24:52 [INFO]: Server running on port 3000 
2026-04-27 23:25:53 [INFO]: ... end of ther server call.. 
2026-04-27 23:25:53 [INFO]: Database pool connected 
2026-04-27 23:25:53 [INFO]: Database extensions initialized 
2026-04-27 23:25:53 [INFO]: Database connected successfully at Mon Apr 27 2026 23:25:53 GMT+0100 (West Africa Time) 
2026-04-27 23:25:53 [INFO]: Database connected successfully 
2026-04-27 23:25:53 [INFO]: Redis connecting... 
2026-04-27 23:25:53 [INFO]: Redis connected successfully 
2026-04-27 23:25:53 [INFO]: Redis initialized and connected 
2026-04-27 23:25:53 [INFO]: Redis connected successfully 
2026-04-27 23:25:53 [INFO]: Socket.IO server initialized 
2026-04-27 23:25:53 [INFO]: getting to  port .. 
2026-04-27 23:25:53 [INFO]: Server running on port 3000 
2026-04-27 23:25:55 [INFO]: ... end of ther server call.. 
2026-04-27 23:25:55 [INFO]: Database pool connected 
2026-04-27 23:25:55 [INFO]: Database extensions initialized 
2026-04-27 23:25:55 [INFO]: Database connected successfully at Mon Apr 27 2026 23:25:55 GMT+0100 (West Africa Time) 
2026-04-27 23:25:55 [INFO]: Database connected successfully 
2026-04-27 23:25:55 [INFO]: Redis connecting... 
2026-04-27 23:25:55 [INFO]: Redis connected successfully 
2026-04-27 23:25:55 [INFO]: Redis initialized and connected 
2026-04-27 23:25:55 [INFO]: Redis connected successfully 
2026-04-27 23:25:55 [INFO]: Socket.IO server initialized 
2026-04-27 23:25:55 [INFO]: getting to  port .. 
2026-04-27 23:25:55 [INFO]: Server running on port 3000 
2026-04-27 23:26:55 [INFO]: ... end of ther server call.. 
2026-04-27 23:26:55 [INFO]: Database pool connected 
2026-04-27 23:26:55 [INFO]: Database extensions initialized 
2026-04-27 23:26:55 [INFO]: Database connected successfully at Mon Apr 27 2026 23:26:55 GMT+0100 (West Africa Time) 
2026-04-27 23:26:55 [INFO]: Database connected successfully 
2026-04-27 23:26:55 [INFO]: Redis connecting... 
2026-04-27 23:26:55 [INFO]: Redis connected successfully 
2026-04-27 23:26:55 [INFO]: Redis initialized and connected 
2026-04-27 23:26:55 [INFO]: Redis connected successfully 
2026-04-27 23:26:55 [INFO]: Socket.IO server initialized 
2026-04-27 23:26:55 [INFO]: getting to  port .. 
2026-04-27 23:26:55 [INFO]: Server running on port 3000 
2026-04-27 23:27:07 [INFO]: ... end of ther server call.. 
2026-04-27 23:27:07 [INFO]: Database pool connected 
2026-04-27 23:27:07 [INFO]: Database extensions initialized 
2026-04-27 23:27:07 [INFO]: Database connected successfully at Mon Apr 27 2026 23:27:07 GMT+0100 (West Africa Time) 
2026-04-27 23:27:07 [INFO]: Database connected successfully 
2026-04-27 23:27:07 [INFO]: Redis connecting... 
2026-04-27 23:27:07 [INFO]: Redis connected successfully 
2026-04-27 23:27:07 [INFO]: Redis initialized and connected 
2026-04-27 23:27:07 [INFO]: Redis connected successfully 
2026-04-27 23:27:07 [INFO]: Socket.IO server initialized 
2026-04-27 23:27:07 [INFO]: getting to  port .. 
2026-04-27 23:27:07 [INFO]: Server running on port 3000 
2026-04-27 23:27:10 [INFO]: ... end of ther server call.. 
2026-04-27 23:27:10 [INFO]: Database pool connected 
2026-04-27 23:27:10 [INFO]: Database extensions initialized 
2026-04-27 23:27:10 [INFO]: Database connected successfully at Mon Apr 27 2026 23:27:10 GMT+0100 (West Africa Time) 
2026-04-27 23:27:10 [INFO]: Database connected successfully 
2026-04-27 23:27:10 [INFO]: Redis connecting... 
2026-04-27 23:27:10 [INFO]: Redis connected successfully 
2026-04-27 23:27:10 [INFO]: Redis initialized and connected 
2026-04-27 23:27:10 [INFO]: Redis connected successfully 
2026-04-27 23:27:10 [INFO]: Socket.IO server initialized 
2026-04-27 23:27:10 [INFO]: getting to  port .. 
2026-04-27 23:27:10 [INFO]: Server running on port 3000 
2026-04-27 23:28:30 [INFO]: ... end of ther server call.. 
2026-04-27 23:28:30 [INFO]: Database pool connected 
2026-04-27 23:28:30 [INFO]: Database extensions initialized 
2026-04-27 23:28:30 [INFO]: Database connected successfully at Mon Apr 27 2026 23:28:30 GMT+0100 (West Africa Time) 
2026-04-27 23:28:30 [INFO]: Database connected successfully 
2026-04-27 23:28:30 [INFO]: Redis connecting... 
2026-04-27 23:28:30 [INFO]: Redis connected successfully 
2026-04-27 23:28:30 [INFO]: Redis initialized and connected 
2026-04-27 23:28:30 [INFO]: Redis connected successfully 
2026-04-27 23:28:30 [INFO]: Socket.IO server initialized 
2026-04-27 23:28:30 [INFO]: getting to  port .. 
2026-04-27 23:28:30 [INFO]: Server running on port 3000 
2026-04-27 23:28:32 [INFO]: ... end of ther server call.. 
2026-04-27 23:28:32 [INFO]: Database pool connected 
2026-04-27 23:28:32 [INFO]: Database extensions initialized 
2026-04-27 23:28:32 [INFO]: Database connected successfully at Mon Apr 27 2026 23:28:32 GMT+0100 (West Africa Time) 
2026-04-27 23:28:32 [INFO]: Database connected successfully 
2026-04-27 23:28:32 [INFO]: Redis connecting... 
2026-04-27 23:28:32 [INFO]: Redis connected successfully 
2026-04-27 23:28:32 [INFO]: Redis initialized and connected 
2026-04-27 23:28:32 [INFO]: Redis connected successfully 
2026-04-27 23:28:32 [INFO]: Socket.IO server initialized 
2026-04-27 23:28:32 [INFO]: getting to  port .. 
2026-04-27 23:28:32 [INFO]: Server running on port 3000 
2026-04-27 23:28:34 [INFO]: ... end of ther server call.. 
2026-04-27 23:28:35 [INFO]: Database pool connected 
2026-04-27 23:28:35 [INFO]: Database extensions initialized 
2026-04-27 23:28:35 [INFO]: Database connected successfully at Mon Apr 27 2026 23:28:35 GMT+0100 (West Africa Time) 
2026-04-27 23:28:35 [INFO]: Database connected successfully 
2026-04-27 23:28:35 [INFO]: Redis connecting... 
2026-04-27 23:28:35 [INFO]: Redis connected successfully 
2026-04-27 23:28:35 [INFO]: Redis initialized and connected 
2026-04-27 23:28:35 [INFO]: Redis connected successfully 
2026-04-27 23:28:35 [INFO]: Socket.IO server initialized 
2026-04-27 23:28:35 [INFO]: getting to  port .. 
2026-04-27 23:28:35 [INFO]: Server running on port 3000 
2026-04-27 23:28:42 [INFO]: ... end of ther server call.. 
2026-04-27 23:28:42 [INFO]: Database pool connected 
2026-04-27 23:28:42 [INFO]: Database extensions initialized 
2026-04-27 23:28:42 [INFO]: Database connected successfully at Mon Apr 27 2026 23:28:42 GMT+0100 (West Africa Time) 
2026-04-27 23:28:42 [INFO]: Database connected successfully 
2026-04-27 23:28:42 [INFO]: Redis connecting... 
2026-04-27 23:28:42 [INFO]: Redis connected successfully 
2026-04-27 23:28:42 [INFO]: Redis initialized and connected 
2026-04-27 23:28:42 [INFO]: Redis connected successfully 
2026-04-27 23:28:42 [INFO]: Socket.IO server initialized 
2026-04-27 23:28:42 [INFO]: getting to  port .. 
2026-04-27 23:28:42 [INFO]: Server running on port 3000 
2026-04-27 23:28:45 [INFO]: ... end of ther server call.. 
2026-04-27 23:28:45 [INFO]: Database pool connected 
2026-04-27 23:28:45 [INFO]: Database extensions initialized 
2026-04-27 23:28:45 [INFO]: Database connected successfully at Mon Apr 27 2026 23:28:45 GMT+0100 (West Africa Time) 
2026-04-27 23:28:45 [INFO]: Database connected successfully 
2026-04-27 23:28:45 [INFO]: Redis connecting... 
2026-04-27 23:28:45 [INFO]: Redis connected successfully 
2026-04-27 23:28:45 [INFO]: Redis initialized and connected 
2026-04-27 23:28:45 [INFO]: Redis connected successfully 
2026-04-27 23:28:45 [INFO]: Socket.IO server initialized 
2026-04-27 23:28:45 [INFO]: getting to  port .. 
2026-04-27 23:28:45 [INFO]: Server running on port 3000 
2026-04-27 23:28:50 [INFO]: ... end of ther server call.. 
2026-04-27 23:28:50 [INFO]: Database pool connected 
2026-04-27 23:28:50 [INFO]: Database extensions initialized 
2026-04-27 23:28:50 [INFO]: Database connected successfully at Mon Apr 27 2026 23:28:50 GMT+0100 (West Africa Time) 
2026-04-27 23:28:50 [INFO]: Database connected successfully 
2026-04-27 23:28:50 [INFO]: Redis connecting... 
2026-04-27 23:28:50 [INFO]: Redis connected successfully 
2026-04-27 23:28:50 [INFO]: Redis initialized and connected 
2026-04-27 23:28:50 [INFO]: Redis connected successfully 
2026-04-27 23:28:50 [INFO]: Socket.IO server initialized 
2026-04-27 23:28:50 [INFO]: getting to  port .. 
2026-04-27 23:28:50 [INFO]: Server running on port 3000 
2026-04-27 23:28:58 [INFO]: ... end of ther server call.. 
2026-04-27 23:28:58 [INFO]: Database pool connected 
2026-04-27 23:28:58 [INFO]: Database extensions initialized 
2026-04-27 23:28:58 [INFO]: Database connected successfully at Mon Apr 27 2026 23:28:58 GMT+0100 (West Africa Time) 
2026-04-27 23:28:58 [INFO]: Database connected successfully 
2026-04-27 23:28:58 [INFO]: Redis connecting... 
2026-04-27 23:28:58 [INFO]: Redis connected successfully 
2026-04-27 23:28:58 [INFO]: Redis initialized and connected 
2026-04-27 23:28:58 [INFO]: Redis connected successfully 
2026-04-27 23:28:58 [INFO]: Socket.IO server initialized 
2026-04-27 23:28:58 [INFO]: getting to  port .. 
2026-04-27 23:28:58 [INFO]: Server running on port 3000 
2026-04-27 23:30:31 [INFO]: ... end of ther server call.. 
2026-04-27 23:30:31 [INFO]: Database pool connected 
2026-04-27 23:30:31 [INFO]: Database extensions initialized 
2026-04-27 23:30:31 [INFO]: Database connected successfully at Mon Apr 27 2026 23:30:31 GMT+0100 (West Africa Time) 
2026-04-27 23:30:31 [INFO]: Database connected successfully 
2026-04-27 23:30:31 [INFO]: Redis connecting... 
2026-04-27 23:30:31 [INFO]: Redis connected successfully 
2026-04-27 23:30:31 [INFO]: Redis initialized and connected 
2026-04-27 23:30:31 [INFO]: Redis connected successfully 
2026-04-27 23:30:31 [INFO]: Socket.IO server initialized 
2026-04-27 23:30:31 [INFO]: getting to  port .. 
2026-04-27 23:30:31 [INFO]: Server running on port 3000 
2026-04-27 23:30:34 [INFO]: ... end of ther server call.. 
2026-04-27 23:30:34 [INFO]: Database pool connected 
2026-04-27 23:30:34 [INFO]: Database extensions initialized 
2026-04-27 23:30:34 [INFO]: Database connected successfully at Mon Apr 27 2026 23:30:34 GMT+0100 (West Africa Time) 
2026-04-27 23:30:34 [INFO]: Database connected successfully 
2026-04-27 23:30:34 [INFO]: Redis connecting... 
2026-04-27 23:30:34 [INFO]: Redis connected successfully 
2026-04-27 23:30:34 [INFO]: Redis initialized and connected 
2026-04-27 23:30:34 [INFO]: Redis connected successfully 
2026-04-27 23:30:34 [INFO]: Socket.IO server initialized 
2026-04-27 23:30:34 [INFO]: getting to  port .. 
2026-04-27 23:30:34 [INFO]: Server running on port 3000 
2026-04-27 23:30:36 [INFO]: ... end of ther server call.. 
2026-04-27 23:30:36 [INFO]: Database pool connected 
2026-04-27 23:30:36 [INFO]: Database extensions initialized 
2026-04-27 23:30:36 [INFO]: Database connected successfully at Mon Apr 27 2026 23:30:36 GMT+0100 (West Africa Time) 
2026-04-27 23:30:36 [INFO]: Database connected successfully 
2026-04-27 23:30:36 [INFO]: Redis connecting... 
2026-04-27 23:30:36 [INFO]: Redis connected successfully 
2026-04-27 23:30:36 [INFO]: Redis initialized and connected 
2026-04-27 23:30:36 [INFO]: Redis connected successfully 
2026-04-27 23:30:36 [INFO]: Socket.IO server initialized 
2026-04-27 23:30:36 [INFO]: getting to  port .. 
2026-04-27 23:30:36 [INFO]: Server running on port 3000 
2026-04-27 23:30:41 [INFO]: ... end of ther server call.. 
2026-04-27 23:30:41 [INFO]: Database pool connected 
2026-04-27 23:30:41 [INFO]: Database extensions initialized 
2026-04-27 23:30:41 [INFO]: Database connected successfully at Mon Apr 27 2026 23:30:41 GMT+0100 (West Africa Time) 
2026-04-27 23:30:41 [INFO]: Database connected successfully 
2026-04-27 23:30:41 [INFO]: Redis connecting... 
2026-04-27 23:30:41 [INFO]: Redis connected successfully 
2026-04-27 23:30:41 [INFO]: Redis initialized and connected 
2026-04-27 23:30:41 [INFO]: Redis connected successfully 
2026-04-27 23:30:41 [INFO]: Socket.IO server initialized 
2026-04-27 23:30:41 [INFO]: getting to  port .. 
2026-04-27 23:30:41 [INFO]: Server running on port 3000 
2026-04-27 23:31:09 [INFO]: ... end of ther server call.. 
2026-04-27 23:31:09 [INFO]: Database pool connected 
2026-04-27 23:31:09 [INFO]: Database extensions initialized 
2026-04-27 23:31:09 [INFO]: Database connected successfully at Mon Apr 27 2026 23:31:09 GMT+0100 (West Africa Time) 
2026-04-27 23:31:09 [INFO]: Database connected successfully 
2026-04-27 23:31:09 [INFO]: Redis connecting... 
2026-04-27 23:31:09 [INFO]: Redis connected successfully 
2026-04-27 23:31:09 [INFO]: Redis initialized and connected 
2026-04-27 23:31:09 [INFO]: Redis connected successfully 
2026-04-27 23:31:09 [INFO]: Socket.IO server initialized 
2026-04-27 23:31:09 [INFO]: getting to  port .. 
2026-04-27 23:31:09 [INFO]: Server running on port 3000 
2026-04-27 23:31:38 [INFO]: ... end of ther server call.. 
2026-04-27 23:31:38 [INFO]: Database pool connected 
2026-04-27 23:31:38 [INFO]: Database extensions initialized 
2026-04-27 23:31:38 [INFO]: Database connected successfully at Mon Apr 27 2026 23:31:38 GMT+0100 (West Africa Time) 
2026-04-27 23:31:38 [INFO]: Database connected successfully 
2026-04-27 23:31:38 [INFO]: Redis connecting... 
2026-04-27 23:31:38 [INFO]: Redis connected successfully 
2026-04-27 23:31:38 [INFO]: Redis initialized and connected 
2026-04-27 23:31:38 [INFO]: Redis connected successfully 
2026-04-27 23:31:38 [INFO]: Socket.IO server initialized 
2026-04-27 23:31:38 [INFO]: getting to  port .. 
2026-04-27 23:31:38 [INFO]: Server running on port 3000 
2026-04-27 23:31:53 [INFO]: ... end of ther server call.. 
2026-04-27 23:31:53 [INFO]: Database pool connected 
2026-04-27 23:31:53 [INFO]: Database extensions initialized 
2026-04-27 23:31:53 [INFO]: Database connected successfully at Mon Apr 27 2026 23:31:53 GMT+0100 (West Africa Time) 
2026-04-27 23:31:53 [INFO]: Database connected successfully 
2026-04-27 23:31:53 [INFO]: Redis connecting... 
2026-04-27 23:31:53 [INFO]: Redis connected successfully 
2026-04-27 23:31:53 [INFO]: Redis initialized and connected 
2026-04-27 23:31:53 [INFO]: Redis connected successfully 
2026-04-27 23:31:53 [INFO]: Socket.IO server initialized 
2026-04-27 23:31:53 [INFO]: getting to  port .. 
2026-04-27 23:31:53 [INFO]: Server running on port 3000 
2026-04-27 23:32:06 [INFO]: ... end of ther server call.. 
2026-04-27 23:32:06 [INFO]: Database pool connected 
2026-04-27 23:32:06 [INFO]: Database extensions initialized 
2026-04-27 23:32:06 [INFO]: Database connected successfully at Mon Apr 27 2026 23:32:06 GMT+0100 (West Africa Time) 
2026-04-27 23:32:06 [INFO]: Database connected successfully 
2026-04-27 23:32:06 [INFO]: Redis connecting... 
2026-04-27 23:32:06 [INFO]: Redis connected successfully 
2026-04-27 23:32:06 [INFO]: Redis initialized and connected 
2026-04-27 23:32:06 [INFO]: Redis connected successfully 
2026-04-27 23:32:06 [INFO]: Socket.IO server initialized 
2026-04-27 23:32:06 [INFO]: getting to  port .. 
2026-04-27 23:32:06 [INFO]: Server running on port 3000 
2026-04-27 23:32:11 [INFO]: ... end of ther server call.. 
2026-04-27 23:32:11 [INFO]: Database pool connected 
2026-04-27 23:32:11 [INFO]: Database extensions initialized 
2026-04-27 23:32:11 [INFO]: Database connected successfully at Mon Apr 27 2026 23:32:11 GMT+0100 (West Africa Time) 
2026-04-27 23:32:11 [INFO]: Database connected successfully 
2026-04-27 23:32:11 [INFO]: Redis connecting... 
2026-04-27 23:32:11 [INFO]: Redis connected successfully 
2026-04-27 23:32:11 [INFO]: Redis initialized and connected 
2026-04-27 23:32:11 [INFO]: Redis connected successfully 
2026-04-27 23:32:11 [INFO]: Socket.IO server initialized 
2026-04-27 23:32:11 [INFO]: getting to  port .. 
2026-04-27 23:32:11 [INFO]: Server running on port 3000 
2026-04-27 23:32:34 [INFO]: ... end of ther server call.. 
2026-04-27 23:32:34 [INFO]: Database pool connected 
2026-04-27 23:32:34 [INFO]: Database extensions initialized 
2026-04-27 23:32:34 [INFO]: Database connected successfully at Mon Apr 27 2026 23:32:34 GMT+0100 (West Africa Time) 
2026-04-27 23:32:34 [INFO]: Database connected successfully 
2026-04-27 23:32:34 [INFO]: Redis connecting... 
2026-04-27 23:32:34 [INFO]: Redis connected successfully 
2026-04-27 23:32:34 [INFO]: Redis initialized and connected 
2026-04-27 23:32:34 [INFO]: Redis connected successfully 
2026-04-27 23:32:34 [INFO]: Socket.IO server initialized 
2026-04-27 23:32:34 [INFO]: getting to  port .. 
2026-04-27 23:32:34 [INFO]: Server running on port 3000 
2026-04-27 23:32:43 [INFO]: ... end of ther server call.. 
2026-04-27 23:32:43 [INFO]: Database pool connected 
2026-04-27 23:32:43 [INFO]: Database extensions initialized 
2026-04-27 23:32:43 [INFO]: Database connected successfully at Mon Apr 27 2026 23:32:43 GMT+0100 (West Africa Time) 
2026-04-27 23:32:43 [INFO]: Database connected successfully 
2026-04-27 23:32:43 [INFO]: Redis connecting... 
2026-04-27 23:32:43 [INFO]: Redis connected successfully 
2026-04-27 23:32:43 [INFO]: Redis initialized and connected 
2026-04-27 23:32:43 [INFO]: Redis connected successfully 
2026-04-27 23:32:43 [INFO]: Socket.IO server initialized 
2026-04-27 23:32:43 [INFO]: getting to  port .. 
2026-04-27 23:32:43 [INFO]: Server running on port 3000 
2026-04-27 23:33:41 [INFO]: ... end of ther server call.. 
2026-04-27 23:33:41 [INFO]: Database pool connected 
2026-04-27 23:33:42 [INFO]: Database extensions initialized 
2026-04-27 23:33:42 [INFO]: Database connected successfully at Mon Apr 27 2026 23:33:42 GMT+0100 (West Africa Time) 
2026-04-27 23:33:42 [INFO]: Database connected successfully 
2026-04-27 23:33:42 [INFO]: Redis connecting... 
2026-04-27 23:33:42 [INFO]: Redis connected successfully 
2026-04-27 23:33:42 [INFO]: Redis initialized and connected 
2026-04-27 23:33:42 [INFO]: Redis connected successfully 
2026-04-27 23:33:42 [INFO]: Socket.IO server initialized 
2026-04-27 23:33:42 [INFO]: getting to  port .. 
2026-04-27 23:33:42 [INFO]: Server running on port 3000 
2026-04-27 23:33:44 [INFO]: ... end of ther server call.. 
2026-04-27 23:33:44 [INFO]: Database pool connected 
2026-04-27 23:33:44 [INFO]: Database extensions initialized 
2026-04-27 23:33:44 [INFO]: Database connected successfully at Mon Apr 27 2026 23:33:44 GMT+0100 (West Africa Time) 
2026-04-27 23:33:44 [INFO]: Database connected successfully 
2026-04-27 23:33:44 [INFO]: Redis connecting... 
2026-04-27 23:33:44 [INFO]: Redis connected successfully 
2026-04-27 23:33:44 [INFO]: Redis initialized and connected 
2026-04-27 23:33:44 [INFO]: Redis connected successfully 
2026-04-27 23:33:44 [INFO]: Socket.IO server initialized 
2026-04-27 23:33:44 [INFO]: getting to  port .. 
2026-04-27 23:33:44 [INFO]: Server running on port 3000 
2026-04-27 23:34:06 [INFO]: Test environment - Email OTP for joe@gmail.com: 403277 
2026-04-27 23:34:06 [INFO]: Test environment - Phone OTP for +2348137121340: 555679 
2026-04-27 23:34:06 [INFO]: New artisan registered: joe@gmail.com 
2026-04-27 23:37:13 [INFO]: ... end of ther server call.. 
2026-04-27 23:37:13 [INFO]: Database pool connected 
2026-04-27 23:37:13 [INFO]: Database extensions initialized 
2026-04-27 23:37:13 [INFO]: Database connected successfully at Mon Apr 27 2026 23:37:13 GMT+0100 (West Africa Time) 
2026-04-27 23:37:13 [INFO]: Database connected successfully 
2026-04-27 23:37:13 [INFO]: Redis connecting... 
2026-04-27 23:37:13 [INFO]: Redis connected successfully 
2026-04-27 23:37:13 [INFO]: Redis initialized and connected 
2026-04-27 23:37:13 [INFO]: Redis connected successfully 
2026-04-27 23:37:13 [INFO]: Socket.IO server initialized 
2026-04-27 23:37:13 [INFO]: getting to  port .. 
2026-04-27 23:37:13 [INFO]: Server running on port 3000 
2026-04-27 23:37:19 [INFO]: ... end of ther server call.. 
2026-04-27 23:37:19 [INFO]: Database pool connected 
2026-04-27 23:37:19 [INFO]: Database extensions initialized 
2026-04-27 23:37:19 [INFO]: Database connected successfully at Mon Apr 27 2026 23:37:19 GMT+0100 (West Africa Time) 
2026-04-27 23:37:19 [INFO]: Database connected successfully 
2026-04-27 23:37:19 [INFO]: Redis connecting... 
2026-04-27 23:37:19 [INFO]: Redis connected successfully 
2026-04-27 23:37:19 [INFO]: Redis initialized and connected 
2026-04-27 23:37:19 [INFO]: Redis connected successfully 
2026-04-27 23:37:19 [INFO]: Socket.IO server initialized 
2026-04-27 23:37:19 [INFO]: getting to  port .. 
2026-04-27 23:37:19 [INFO]: Server running on port 3000 
2026-04-27 23:37:42 [INFO]: ... end of ther server call.. 
2026-04-27 23:37:42 [INFO]: Database pool connected 
2026-04-27 23:37:42 [INFO]: Database extensions initialized 
2026-04-27 23:37:42 [INFO]: Database connected successfully at Mon Apr 27 2026 23:37:42 GMT+0100 (West Africa Time) 
2026-04-27 23:37:42 [INFO]: Database connected successfully 
2026-04-27 23:37:42 [INFO]: Redis connecting... 
2026-04-27 23:37:42 [INFO]: Redis connected successfully 
2026-04-27 23:37:42 [INFO]: Redis initialized and connected 
2026-04-27 23:37:42 [INFO]: Redis connected successfully 
2026-04-27 23:37:42 [INFO]: Socket.IO server initialized 
2026-04-27 23:37:42 [INFO]: getting to  port .. 
2026-04-27 23:37:42 [INFO]: Server running on port 3000 
2026-04-27 23:39:00 [INFO]: Database pool connected 
2026-04-27 23:39:00 [INFO]: Phone verified: +2348137121340 
2026-04-27 23:39:40 [INFO]: Database pool connected 
2026-04-27 23:39:40 [INFO]: Email verified: joe@gmail.com 
2026-04-27 23:40:18 [INFO]: Database pool connected 
2026-04-27 23:40:18 [INFO]: Test environment - OTP for +2348137121340: 989092 
2026-04-27 23:40:18 [INFO]: OTP requested for phone: +2348137121340 
2026-04-27 23:41:19 [INFO]: Database pool connected 
2026-04-27 23:55:30 [INFO]: ... end of ther server call.. 
2026-04-27 23:55:30 [INFO]: Database pool connected 
2026-04-27 23:55:30 [INFO]: Database extensions initialized 
2026-04-27 23:55:30 [INFO]: Database connected successfully at Mon Apr 27 2026 23:55:30 GMT+0100 (West Africa Time) 
2026-04-27 23:55:30 [INFO]: Database connected successfully 
2026-04-27 23:55:30 [INFO]: Redis connecting... 
2026-04-27 23:55:30 [INFO]: Redis connected successfully 
2026-04-27 23:55:30 [INFO]: Redis initialized and connected 
2026-04-27 23:55:30 [INFO]: Redis connected successfully 
2026-04-27 23:55:30 [INFO]: Socket.IO server initialized 
2026-04-27 23:55:30 [INFO]: getting to  port .. 
2026-04-27 23:55:30 [INFO]: Server running on port 3000 
2026-04-27 23:55:39 [INFO]: ... end of ther server call.. 
2026-04-27 23:55:39 [INFO]: Database pool connected 
2026-04-27 23:55:39 [INFO]: Database extensions initialized 
2026-04-27 23:55:39 [INFO]: Database connected successfully at Mon Apr 27 2026 23:55:39 GMT+0100 (West Africa Time) 
2026-04-27 23:55:39 [INFO]: Database connected successfully 
2026-04-27 23:55:39 [INFO]: Redis connecting... 
2026-04-27 23:55:39 [INFO]: Redis connected successfully 
2026-04-27 23:55:39 [INFO]: Redis initialized and connected 
2026-04-27 23:55:39 [INFO]: Redis connected successfully 
2026-04-27 23:55:39 [INFO]: Socket.IO server initialized 
2026-04-27 23:55:39 [INFO]: getting to  port .. 
2026-04-27 23:55:39 [INFO]: Server running on port 3000 
2026-04-27 23:55:48 [INFO]: ... end of ther server call.. 
2026-04-27 23:55:48 [INFO]: Database pool connected 
2026-04-27 23:55:48 [INFO]: Database extensions initialized 
2026-04-27 23:55:48 [INFO]: Database connected successfully at Mon Apr 27 2026 23:55:48 GMT+0100 (West Africa Time) 
2026-04-27 23:55:48 [INFO]: Database connected successfully 
2026-04-27 23:55:48 [INFO]: Redis connecting... 
2026-04-27 23:55:48 [INFO]: Redis connected successfully 
2026-04-27 23:55:48 [INFO]: Redis initialized and connected 
2026-04-27 23:55:48 [INFO]: Redis connected successfully 
2026-04-27 23:55:48 [INFO]: Socket.IO server initialized 
2026-04-27 23:55:48 [INFO]: getting to  port .. 
2026-04-27 23:55:48 [INFO]: Server running on port 3000 
2026-04-28 00:00:04 [INFO]: ... end of ther server call.. 
2026-04-28 00:00:04 [INFO]: Database pool connected 
2026-04-28 00:00:04 [INFO]: Database extensions initialized 
2026-04-28 00:00:04 [INFO]: Database connected successfully at Tue Apr 28 2026 00:00:04 GMT+0100 (West Africa Time) 
2026-04-28 00:00:04 [INFO]: Database connected successfully 
2026-04-28 00:00:04 [INFO]: Redis connecting... 
2026-04-28 00:00:04 [INFO]: Redis connected successfully 
2026-04-28 00:00:04 [INFO]: Redis initialized and connected 
2026-04-28 00:00:04 [INFO]: Redis connected successfully 
2026-04-28 00:00:04 [INFO]: Socket.IO server initialized 
2026-04-28 00:00:04 [INFO]: getting to  port .. 
2026-04-28 00:00:04 [INFO]: Server running on port 3000 
2026-04-28 00:00:11 [INFO]: ... end of ther server call.. 
2026-04-28 00:00:11 [INFO]: Database pool connected 
2026-04-28 00:00:11 [INFO]: Database extensions initialized 
2026-04-28 00:00:11 [INFO]: Database connected successfully at Tue Apr 28 2026 00:00:11 GMT+0100 (West Africa Time) 
2026-04-28 00:00:11 [INFO]: Database connected successfully 
2026-04-28 00:00:11 [INFO]: Redis connecting... 
2026-04-28 00:00:11 [INFO]: Redis connected successfully 
2026-04-28 00:00:11 [INFO]: Redis initialized and connected 
2026-04-28 00:00:11 [INFO]: Redis connected successfully 
2026-04-28 00:00:11 [INFO]: Socket.IO server initialized 
2026-04-28 00:00:11 [INFO]: getting to  port .. 
2026-04-28 00:00:11 [INFO]: Server running on port 3000 
2026-04-28 00:00:15 [INFO]: ... end of ther server call.. 
2026-04-28 00:00:15 [INFO]: Database pool connected 
2026-04-28 00:00:15 [INFO]: Database extensions initialized 
2026-04-28 00:00:15 [INFO]: Database connected successfully at Tue Apr 28 2026 00:00:15 GMT+0100 (West Africa Time) 
2026-04-28 00:00:15 [INFO]: Database connected successfully 
2026-04-28 00:00:15 [INFO]: Redis connecting... 
2026-04-28 00:00:15 [INFO]: Redis connected successfully 
2026-04-28 00:00:15 [INFO]: Redis initialized and connected 
2026-04-28 00:00:15 [INFO]: Redis connected successfully 
2026-04-28 00:00:15 [INFO]: Socket.IO server initialized 
2026-04-28 00:00:15 [INFO]: getting to  port .. 
2026-04-28 00:00:15 [INFO]: Server running on port 3000 
2026-04-28 00:00:21 [INFO]: ... end of ther server call.. 
2026-04-28 00:00:21 [INFO]: Database pool connected 
2026-04-28 00:00:21 [INFO]: Database extensions initialized 
2026-04-28 00:00:21 [INFO]: Database connected successfully at Tue Apr 28 2026 00:00:21 GMT+0100 (West Africa Time) 
2026-04-28 00:00:21 [INFO]: Database connected successfully 
2026-04-28 00:00:21 [INFO]: Redis connecting... 
2026-04-28 00:00:21 [INFO]: Redis connected successfully 
2026-04-28 00:00:21 [INFO]: Redis initialized and connected 
2026-04-28 00:00:21 [INFO]: Redis connected successfully 
2026-04-28 00:00:21 [INFO]: Socket.IO server initialized 
2026-04-28 00:00:21 [INFO]: getting to  port .. 
2026-04-28 00:00:21 [INFO]: Server running on port 3000 
2026-04-28 00:00:24 [INFO]: ... end of ther server call.. 
2026-04-28 00:00:24 [INFO]: Database pool connected 
2026-04-28 00:00:24 [INFO]: Database extensions initialized 
2026-04-28 00:00:24 [INFO]: Database connected successfully at Tue Apr 28 2026 00:00:24 GMT+0100 (West Africa Time) 
2026-04-28 00:00:24 [INFO]: Database connected successfully 
2026-04-28 00:00:24 [INFO]: Redis connecting... 
2026-04-28 00:00:24 [INFO]: Redis connected successfully 
2026-04-28 00:00:24 [INFO]: Redis initialized and connected 
2026-04-28 00:00:24 [INFO]: Redis connected successfully 
2026-04-28 00:00:24 [INFO]: Socket.IO server initialized 
2026-04-28 00:00:24 [INFO]: getting to  port .. 
2026-04-28 00:00:24 [INFO]: Server running on port 3000 
2026-04-28 00:00:28 [INFO]: ... end of ther server call.. 
2026-04-28 00:00:28 [INFO]: Database pool connected 
2026-04-28 00:00:28 [INFO]: Database extensions initialized 
2026-04-28 00:00:28 [INFO]: Database connected successfully at Tue Apr 28 2026 00:00:28 GMT+0100 (West Africa Time) 
2026-04-28 00:00:28 [INFO]: Database connected successfully 
2026-04-28 00:00:28 [INFO]: Redis connecting... 
2026-04-28 00:00:28 [INFO]: Redis connected successfully 
2026-04-28 00:00:28 [INFO]: Redis initialized and connected 
2026-04-28 00:00:28 [INFO]: Redis connected successfully 
2026-04-28 00:00:28 [INFO]: Socket.IO server initialized 
2026-04-28 00:00:28 [INFO]: getting to  port .. 
2026-04-28 00:00:28 [INFO]: Server running on port 3000 
2026-04-28 00:00:31 [INFO]: ... end of ther server call.. 
2026-04-28 00:00:31 [INFO]: Database pool connected 
2026-04-28 00:00:31 [INFO]: Database extensions initialized 
2026-04-28 00:00:31 [INFO]: Database connected successfully at Tue Apr 28 2026 00:00:31 GMT+0100 (West Africa Time) 
2026-04-28 00:00:31 [INFO]: Database connected successfully 
2026-04-28 00:00:31 [INFO]: Redis connecting... 
2026-04-28 00:00:31 [INFO]: Redis connected successfully 
2026-04-28 00:00:31 [INFO]: Redis initialized and connected 
2026-04-28 00:00:31 [INFO]: Redis connected successfully 
2026-04-28 00:00:31 [INFO]: Socket.IO server initialized 
2026-04-28 00:00:31 [INFO]: getting to  port .. 
2026-04-28 00:00:31 [INFO]: Server running on port 3000 
2026-04-28 00:00:33 [INFO]: ... end of ther server call.. 
2026-04-28 00:00:33 [INFO]: Database pool connected 
2026-04-28 00:00:33 [INFO]: Database extensions initialized 
2026-04-28 00:00:33 [INFO]: Database connected successfully at Tue Apr 28 2026 00:00:33 GMT+0100 (West Africa Time) 
2026-04-28 00:00:33 [INFO]: Database connected successfully 
2026-04-28 00:00:33 [INFO]: Redis connecting... 
2026-04-28 00:00:33 [INFO]: Redis connected successfully 
2026-04-28 00:00:33 [INFO]: Redis initialized and connected 
2026-04-28 00:00:33 [INFO]: Redis connected successfully 
2026-04-28 00:00:33 [INFO]: Socket.IO server initialized 
2026-04-28 00:00:33 [INFO]: getting to  port .. 
2026-04-28 00:00:33 [INFO]: Server running on port 3000 
2026-04-28 00:10:00 [INFO]: Database pool connected 
2026-04-28 00:10:00 [INFO]: Test environment - OTP for +2348137121340: 860609 
2026-04-28 00:10:00 [INFO]: OTP requested for phone: +2348137121340 
2026-04-28 00:10:33 [INFO]: Database pool connected 
2026-04-28 00:10:47 [INFO]: ... end of ther server call.. 
2026-04-28 00:10:47 [INFO]: Database pool connected 
2026-04-28 00:10:47 [INFO]: Database extensions initialized 
2026-04-28 00:10:47 [INFO]: Database connected successfully at Tue Apr 28 2026 00:10:47 GMT+0100 (West Africa Time) 
2026-04-28 00:10:47 [INFO]: Database connected successfully 
2026-04-28 00:10:47 [INFO]: Redis connecting... 
2026-04-28 00:10:47 [INFO]: Redis connected successfully 
2026-04-28 00:10:47 [INFO]: Redis initialized and connected 
2026-04-28 00:10:47 [INFO]: Redis connected successfully 
2026-04-28 00:10:47 [INFO]: Socket.IO server initialized 
2026-04-28 00:10:47 [INFO]: getting to  port .. 
2026-04-28 00:10:47 [INFO]: Server running on port 3000 
2026-04-28 00:11:27 [INFO]: Database pool connected 
2026-04-28 00:11:27 [INFO]: Test environment - OTP for +2348137121340: 448605 
2026-04-28 00:11:27 [INFO]: OTP requested for phone: +2348137121340 
2026-04-28 00:12:59 [INFO]: ... end of ther server call.. 
2026-04-28 00:12:59 [INFO]: Database pool connected 
2026-04-28 00:12:59 [INFO]: Database extensions initialized 
2026-04-28 00:12:59 [INFO]: Database connected successfully at Tue Apr 28 2026 00:12:59 GMT+0100 (West Africa Time) 
2026-04-28 00:12:59 [INFO]: Database connected successfully 
2026-04-28 00:12:59 [INFO]: Redis connecting... 
2026-04-28 00:12:59 [INFO]: Redis connected successfully 
2026-04-28 00:12:59 [INFO]: Redis initialized and connected 
2026-04-28 00:12:59 [INFO]: Redis connected successfully 
2026-04-28 00:12:59 [INFO]: Socket.IO server initialized 
2026-04-28 00:12:59 [INFO]: getting to  port .. 
2026-04-28 00:12:59 [INFO]: Server running on port 3000 
2026-04-28 00:13:02 [INFO]: ... end of ther server call.. 
2026-04-28 00:13:02 [INFO]: Database pool connected 
2026-04-28 00:13:02 [INFO]: Database extensions initialized 
2026-04-28 00:13:02 [INFO]: Database connected successfully at Tue Apr 28 2026 00:13:02 GMT+0100 (West Africa Time) 
2026-04-28 00:13:02 [INFO]: Database connected successfully 
2026-04-28 00:13:02 [INFO]: Redis connecting... 
2026-04-28 00:13:02 [INFO]: Redis connected successfully 
2026-04-28 00:13:02 [INFO]: Redis initialized and connected 
2026-04-28 00:13:02 [INFO]: Redis connected successfully 
2026-04-28 00:13:02 [INFO]: Socket.IO server initialized 
2026-04-28 00:13:02 [INFO]: getting to  port .. 
2026-04-28 00:13:02 [INFO]: Server running on port 3000 
2026-04-28 00:14:15 [INFO]: ... end of ther server call.. 
2026-04-28 00:14:15 [INFO]: Database pool connected 
2026-04-28 00:14:15 [INFO]: Database extensions initialized 
2026-04-28 00:14:15 [INFO]: Database connected successfully at Tue Apr 28 2026 00:14:15 GMT+0100 (West Africa Time) 
2026-04-28 00:14:15 [INFO]: Database connected successfully 
2026-04-28 00:14:15 [INFO]: Redis connecting... 
2026-04-28 00:14:15 [INFO]: Redis connected successfully 
2026-04-28 00:14:15 [INFO]: Redis initialized and connected 
2026-04-28 00:14:15 [INFO]: Redis connected successfully 
2026-04-28 00:14:15 [INFO]: Socket.IO server initialized 
2026-04-28 00:14:15 [INFO]: getting to  port .. 
2026-04-28 00:14:15 [INFO]: Server running on port 3000 
2026-04-28 00:14:16 [INFO]: ... end of ther server call.. 
2026-04-28 00:14:16 [INFO]: Database pool connected 
2026-04-28 00:14:16 [INFO]: Database extensions initialized 
2026-04-28 00:14:16 [INFO]: Database connected successfully at Tue Apr 28 2026 00:14:16 GMT+0100 (West Africa Time) 
2026-04-28 00:14:16 [INFO]: Database connected successfully 
2026-04-28 00:14:16 [INFO]: Redis connecting... 
2026-04-28 00:14:16 [INFO]: Redis connected successfully 
2026-04-28 00:14:16 [INFO]: Redis initialized and connected 
2026-04-28 00:14:16 [INFO]: Redis connected successfully 
2026-04-28 00:14:16 [INFO]: Socket.IO server initialized 
2026-04-28 00:14:16 [INFO]: getting to  port .. 
2026-04-28 00:14:16 [INFO]: Server running on port 3000 
2026-04-28 00:16:48 [INFO]: SIGINT received. Starting graceful shutdown... 
2026-04-28 11:37:56 [INFO]: ... end of ther server call.. 
2026-04-28 11:37:56 [INFO]: Database pool connected 
2026-04-28 11:37:56 [INFO]: Database extensions initialized 
2026-04-28 11:37:57 [INFO]: Database connected successfully at Tue Apr 28 2026 11:37:56 GMT+0100 (West Africa Time) 
2026-04-28 11:37:57 [INFO]: Database connected successfully 
2026-04-28 11:37:57 [INFO]: Redis connecting... 
2026-04-28 11:37:57 [INFO]: Redis connected successfully 
2026-04-28 11:37:57 [INFO]: Redis initialized and connected 
2026-04-28 11:37:57 [INFO]: Redis connected successfully 
2026-04-28 11:37:57 [INFO]: Socket.IO server initialized 
2026-04-28 11:37:57 [INFO]: getting to  port .. 
2026-04-28 11:37:57 [INFO]: Server running on port 3000 
2026-04-28 11:42:13 [INFO]: Database pool connected 
2026-04-28 11:42:14 [INFO]: Test environment - OTP for +2348137121340: 207289 
2026-04-28 11:42:14 [INFO]: OTP requested for phone: +2348137121340 
2026-04-28 11:42:48 [INFO]: Database pool connected 
2026-04-28 11:43:53 [INFO]: ... end of ther server call.. 
2026-04-28 11:43:53 [INFO]: Database pool connected 
2026-04-28 11:43:53 [INFO]: Database extensions initialized 
2026-04-28 11:43:53 [INFO]: Database connected successfully at Tue Apr 28 2026 11:43:53 GMT+0100 (West Africa Time) 
2026-04-28 11:43:53 [INFO]: Database connected successfully 
2026-04-28 11:43:53 [INFO]: Redis connecting... 
2026-04-28 11:43:53 [INFO]: Redis connected successfully 
2026-04-28 11:43:53 [INFO]: Redis initialized and connected 
2026-04-28 11:43:53 [INFO]: Redis connected successfully 
2026-04-28 11:43:53 [INFO]: Socket.IO server initialized 
2026-04-28 11:43:53 [INFO]: getting to  port .. 
2026-04-28 11:43:53 [INFO]: Server running on port 3000 
2026-04-28 11:44:10 [INFO]: Test environment - OTP for +2348137121340: 910102 
2026-04-28 11:44:10 [INFO]: OTP requested for phone: +2348137121340 
2026-04-28 11:44:28 [INFO]: User logged in with OTP: joe@gmail.com / +2348137121340 
2026-04-28 11:47:54 [INFO]: Database pool connected 
2026-04-28 11:49:36 [INFO]: ... end of ther server call.. 
2026-04-28 11:49:36 [INFO]: Database pool connected 
2026-04-28 11:49:36 [INFO]: Database extensions initialized 
2026-04-28 11:49:36 [INFO]: Database connected successfully at Tue Apr 28 2026 11:49:36 GMT+0100 (West Africa Time) 
2026-04-28 11:49:36 [INFO]: Database connected successfully 
2026-04-28 11:49:36 [INFO]: Redis connecting... 
2026-04-28 11:49:36 [INFO]: Redis connected successfully 
2026-04-28 11:49:36 [INFO]: Redis initialized and connected 
2026-04-28 11:49:36 [INFO]: Redis connected successfully 
2026-04-28 11:49:36 [INFO]: Socket.IO server initialized 
2026-04-28 11:49:36 [INFO]: getting to  port .. 
2026-04-28 11:49:36 [INFO]: Server running on port 3000 
2026-04-28 11:49:45 [INFO]: ... end of ther server call.. 
2026-04-28 11:49:45 [INFO]: Database pool connected 
2026-04-28 11:49:45 [INFO]: Database extensions initialized 
2026-04-28 11:49:45 [INFO]: Database connected successfully at Tue Apr 28 2026 11:49:45 GMT+0100 (West Africa Time) 
2026-04-28 11:49:45 [INFO]: Database connected successfully 
2026-04-28 11:49:45 [INFO]: Redis connecting... 
2026-04-28 11:49:45 [INFO]: Redis connected successfully 
2026-04-28 11:49:45 [INFO]: Redis initialized and connected 
2026-04-28 11:49:45 [INFO]: Redis connected successfully 
2026-04-28 11:49:45 [INFO]: Socket.IO server initialized 
2026-04-28 11:49:45 [INFO]: getting to  port .. 
2026-04-28 11:49:45 [INFO]: Server running on port 3000 
2026-04-28 11:50:17 [INFO]: ... end of ther server call.. 
2026-04-28 11:50:17 [INFO]: Database pool connected 
2026-04-28 11:50:17 [INFO]: Database extensions initialized 
2026-04-28 11:50:17 [INFO]: Database connected successfully at Tue Apr 28 2026 11:50:17 GMT+0100 (West Africa Time) 
2026-04-28 11:50:17 [INFO]: Database connected successfully 
2026-04-28 11:50:17 [INFO]: Redis connecting... 
2026-04-28 11:50:17 [INFO]: Redis connected successfully 
2026-04-28 11:50:17 [INFO]: Redis initialized and connected 
2026-04-28 11:50:17 [INFO]: Redis connected successfully 
2026-04-28 11:50:17 [INFO]: Socket.IO server initialized 
2026-04-28 11:50:17 [INFO]: getting to  port .. 
2026-04-28 11:50:17 [INFO]: Server running on port 3000 
2026-04-28 11:50:18 [INFO]: ... end of ther server call.. 
2026-04-28 11:50:18 [INFO]: Database pool connected 
2026-04-28 11:50:18 [INFO]: Database extensions initialized 
2026-04-28 11:50:18 [INFO]: Database connected successfully at Tue Apr 28 2026 11:50:18 GMT+0100 (West Africa Time) 
2026-04-28 11:50:18 [INFO]: Database connected successfully 
2026-04-28 11:50:18 [INFO]: Redis connecting... 
2026-04-28 11:50:18 [INFO]: Redis connected successfully 
2026-04-28 11:50:18 [INFO]: Redis initialized and connected 
2026-04-28 11:50:18 [INFO]: Redis connected successfully 
2026-04-28 11:50:18 [INFO]: Socket.IO server initialized 
2026-04-28 11:50:18 [INFO]: getting to  port .. 
2026-04-28 11:50:18 [INFO]: Server running on port 3000 
2026-04-28 11:51:40 [INFO]: ... end of ther server call.. 
2026-04-28 11:51:40 [INFO]: Database pool connected 
2026-04-28 11:51:40 [INFO]: Database extensions initialized 
2026-04-28 11:51:40 [INFO]: Database connected successfully at Tue Apr 28 2026 11:51:40 GMT+0100 (West Africa Time) 
2026-04-28 11:51:40 [INFO]: Database connected successfully 
2026-04-28 11:51:40 [INFO]: Redis connecting... 
2026-04-28 11:51:40 [INFO]: Redis connected successfully 
2026-04-28 11:51:40 [INFO]: Redis initialized and connected 
2026-04-28 11:51:40 [INFO]: Redis connected successfully 
2026-04-28 11:51:40 [INFO]: Socket.IO server initialized 
2026-04-28 11:51:40 [INFO]: getting to  port .. 
2026-04-28 11:51:40 [INFO]: Server running on port 3000 
2026-04-28 11:51:47 [INFO]: ... end of ther server call.. 
2026-04-28 11:51:47 [INFO]: Database pool connected 
2026-04-28 11:51:47 [INFO]: Database extensions initialized 
2026-04-28 11:51:47 [INFO]: Database connected successfully at Tue Apr 28 2026 11:51:47 GMT+0100 (West Africa Time) 
2026-04-28 11:51:47 [INFO]: Database connected successfully 
2026-04-28 11:51:47 [INFO]: Redis connecting... 
2026-04-28 11:51:47 [INFO]: Redis connected successfully 
2026-04-28 11:51:48 [INFO]: Redis initialized and connected 
2026-04-28 11:51:48 [INFO]: Redis connected successfully 
2026-04-28 11:51:48 [INFO]: Socket.IO server initialized 
2026-04-28 11:51:48 [INFO]: getting to  port .. 
2026-04-28 11:51:48 [INFO]: Server running on port 3000 
2026-04-28 11:51:49 [INFO]: ... end of ther server call.. 
2026-04-28 11:51:49 [INFO]: Database pool connected 
2026-04-28 11:51:49 [INFO]: Database extensions initialized 
2026-04-28 11:51:49 [INFO]: Database connected successfully at Tue Apr 28 2026 11:51:49 GMT+0100 (West Africa Time) 
2026-04-28 11:51:49 [INFO]: Database connected successfully 
2026-04-28 11:51:49 [INFO]: Redis connecting... 
2026-04-28 11:51:49 [INFO]: Redis connected successfully 
2026-04-28 11:51:49 [INFO]: Redis initialized and connected 
2026-04-28 11:51:49 [INFO]: Redis connected successfully 
2026-04-28 11:51:49 [INFO]: Socket.IO server initialized 
2026-04-28 11:51:49 [INFO]: getting to  port .. 
2026-04-28 11:51:49 [INFO]: Server running on port 3000 
2026-04-28 12:26:50 [INFO]: ... end of ther server call.. 
2026-04-28 12:26:50 [INFO]: Database pool connected 
2026-04-28 12:26:50 [INFO]: Database extensions initialized 
2026-04-28 12:26:50 [INFO]: Database connected successfully at Tue Apr 28 2026 12:26:50 GMT+0100 (West Africa Time) 
2026-04-28 12:26:50 [INFO]: Database connected successfully 
2026-04-28 12:26:50 [INFO]: Redis connecting... 
2026-04-28 12:26:50 [INFO]: Redis connected successfully 
2026-04-28 12:26:50 [INFO]: Redis initialized and connected 
2026-04-28 12:26:50 [INFO]: Redis connected successfully 
2026-04-28 12:26:50 [INFO]: Socket.IO server initialized 
2026-04-28 12:26:50 [INFO]: getting to  port .. 
2026-04-28 12:26:50 [INFO]: Server running on port 3000 
2026-04-28 12:26:54 [INFO]: ... end of ther server call.. 
2026-04-28 12:26:54 [INFO]: Database pool connected 
2026-04-28 12:26:54 [INFO]: Database extensions initialized 
2026-04-28 12:26:54 [INFO]: Database connected successfully at Tue Apr 28 2026 12:26:54 GMT+0100 (West Africa Time) 
2026-04-28 12:26:54 [INFO]: Database connected successfully 
2026-04-28 12:26:54 [INFO]: Redis connecting... 
2026-04-28 12:26:54 [INFO]: Redis connected successfully 
2026-04-28 12:26:54 [INFO]: Redis initialized and connected 
2026-04-28 12:26:54 [INFO]: Redis connected successfully 
2026-04-28 12:26:54 [INFO]: Socket.IO server initialized 
2026-04-28 12:26:54 [INFO]: getting to  port .. 
2026-04-28 12:26:54 [INFO]: Server running on port 3000 
2026-04-28 12:27:01 [INFO]: ... end of ther server call.. 
2026-04-28 12:27:01 [INFO]: Database pool connected 
2026-04-28 12:27:01 [INFO]: Database extensions initialized 
2026-04-28 12:27:01 [INFO]: Database connected successfully at Tue Apr 28 2026 12:27:01 GMT+0100 (West Africa Time) 
2026-04-28 12:27:01 [INFO]: Database connected successfully 
2026-04-28 12:27:01 [INFO]: Redis connecting... 
2026-04-28 12:27:01 [INFO]: Redis connected successfully 
2026-04-28 12:27:01 [INFO]: Redis initialized and connected 
2026-04-28 12:27:01 [INFO]: Redis connected successfully 
2026-04-28 12:27:01 [INFO]: Socket.IO server initialized 
2026-04-28 12:27:01 [INFO]: getting to  port .. 
2026-04-28 12:27:01 [INFO]: Server running on port 3000 
2026-04-28 12:27:12 [INFO]: ... end of ther server call.. 
2026-04-28 12:27:12 [INFO]: Database pool connected 
2026-04-28 12:27:12 [INFO]: Database extensions initialized 
2026-04-28 12:27:12 [INFO]: Database connected successfully at Tue Apr 28 2026 12:27:12 GMT+0100 (West Africa Time) 
2026-04-28 12:27:12 [INFO]: Database connected successfully 
2026-04-28 12:27:12 [INFO]: Redis connecting... 
2026-04-28 12:27:12 [INFO]: Redis connected successfully 
2026-04-28 12:27:12 [INFO]: Redis initialized and connected 
2026-04-28 12:27:12 [INFO]: Redis connected successfully 
2026-04-28 12:27:12 [INFO]: Socket.IO server initialized 
2026-04-28 12:27:12 [INFO]: getting to  port .. 
2026-04-28 12:27:12 [INFO]: Server running on port 3000 
2026-04-28 12:27:13 [INFO]: ... end of ther server call.. 
2026-04-28 12:27:13 [INFO]: Database pool connected 
2026-04-28 12:27:13 [INFO]: Database extensions initialized 
2026-04-28 12:27:13 [INFO]: Database connected successfully at Tue Apr 28 2026 12:27:13 GMT+0100 (West Africa Time) 
2026-04-28 12:27:13 [INFO]: Database connected successfully 
2026-04-28 12:27:13 [INFO]: Redis connecting... 
2026-04-28 12:27:13 [INFO]: Redis connected successfully 
2026-04-28 12:27:13 [INFO]: Redis initialized and connected 
2026-04-28 12:27:13 [INFO]: Redis connected successfully 
2026-04-28 12:27:13 [INFO]: Socket.IO server initialized 
2026-04-28 12:27:13 [INFO]: getting to  port .. 
2026-04-28 12:27:13 [INFO]: Server running on port 3000 
2026-04-28 12:28:50 [INFO]: ... end of ther server call.. 
2026-04-28 12:28:50 [INFO]: Database pool connected 
2026-04-28 12:28:50 [INFO]: Database extensions initialized 
2026-04-28 12:28:50 [INFO]: Database connected successfully at Tue Apr 28 2026 12:28:50 GMT+0100 (West Africa Time) 
2026-04-28 12:28:50 [INFO]: Database connected successfully 
2026-04-28 12:28:50 [INFO]: Redis connecting... 
2026-04-28 12:28:50 [INFO]: Redis connected successfully 
2026-04-28 12:28:50 [INFO]: Redis initialized and connected 
2026-04-28 12:28:50 [INFO]: Redis connected successfully 
2026-04-28 12:28:50 [INFO]: Socket.IO server initialized 
2026-04-28 12:28:50 [INFO]: getting to  port .. 
2026-04-28 12:28:50 [INFO]: Server running on port 3000 
2026-04-28 12:28:57 [INFO]: ... end of ther server call.. 
2026-04-28 12:28:57 [INFO]: Database pool connected 
2026-04-28 12:28:57 [INFO]: Database extensions initialized 
2026-04-28 12:28:57 [INFO]: Database connected successfully at Tue Apr 28 2026 12:28:57 GMT+0100 (West Africa Time) 
2026-04-28 12:28:57 [INFO]: Database connected successfully 
2026-04-28 12:28:57 [INFO]: Redis connecting... 
2026-04-28 12:28:57 [INFO]: Redis connected successfully 
2026-04-28 12:28:57 [INFO]: Redis initialized and connected 
2026-04-28 12:28:57 [INFO]: Redis connected successfully 
2026-04-28 12:28:57 [INFO]: Socket.IO server initialized 
2026-04-28 12:28:57 [INFO]: getting to  port .. 
2026-04-28 12:28:57 [INFO]: Server running on port 3000 
2026-04-28 12:29:29 [INFO]: ... end of ther server call.. 
2026-04-28 12:29:29 [INFO]: Database pool connected 
2026-04-28 12:29:29 [INFO]: Database extensions initialized 
2026-04-28 12:29:29 [INFO]: Database connected successfully at Tue Apr 28 2026 12:29:29 GMT+0100 (West Africa Time) 
2026-04-28 12:29:29 [INFO]: Database connected successfully 
2026-04-28 12:29:29 [INFO]: Redis connecting... 
2026-04-28 12:29:29 [INFO]: Redis connected successfully 
2026-04-28 12:29:29 [INFO]: Redis initialized and connected 
2026-04-28 12:29:29 [INFO]: Redis connected successfully 
2026-04-28 12:29:29 [INFO]: Socket.IO server initialized 
2026-04-28 12:29:29 [INFO]: getting to  port .. 
2026-04-28 12:29:29 [INFO]: Server running on port 3000 
2026-04-28 12:29:38 [INFO]: ... end of ther server call.. 
2026-04-28 12:29:38 [INFO]: Database pool connected 
2026-04-28 12:29:38 [INFO]: Database extensions initialized 
2026-04-28 12:29:38 [INFO]: Database connected successfully at Tue Apr 28 2026 12:29:38 GMT+0100 (West Africa Time) 
2026-04-28 12:29:38 [INFO]: Database connected successfully 
2026-04-28 12:29:38 [INFO]: Redis connecting... 
2026-04-28 12:29:38 [INFO]: Redis connected successfully 
2026-04-28 12:29:38 [INFO]: Redis initialized and connected 
2026-04-28 12:29:38 [INFO]: Redis connected successfully 
2026-04-28 12:29:38 [INFO]: Socket.IO server initialized 
2026-04-28 12:29:38 [INFO]: getting to  port .. 
2026-04-28 12:29:38 [INFO]: Server running on port 3000 
2026-04-28 12:29:42 [INFO]: ... end of ther server call.. 
2026-04-28 12:29:42 [INFO]: Database pool connected 
2026-04-28 12:29:42 [INFO]: Database extensions initialized 
2026-04-28 12:29:42 [INFO]: Database connected successfully at Tue Apr 28 2026 12:29:42 GMT+0100 (West Africa Time) 
2026-04-28 12:29:42 [INFO]: Database connected successfully 
2026-04-28 12:29:42 [INFO]: Redis connecting... 
2026-04-28 12:29:42 [INFO]: Redis connected successfully 
2026-04-28 12:29:42 [INFO]: Redis initialized and connected 
2026-04-28 12:29:42 [INFO]: Redis connected successfully 
2026-04-28 12:29:42 [INFO]: Socket.IO server initialized 
2026-04-28 12:29:42 [INFO]: getting to  port .. 
2026-04-28 12:29:42 [INFO]: Server running on port 3000 
2026-04-28 12:31:42 [INFO]: ... end of ther server call.. 
2026-04-28 12:31:42 [INFO]: Database pool connected 
2026-04-28 12:31:42 [INFO]: Database extensions initialized 
2026-04-28 12:31:42 [INFO]: Database connected successfully at Tue Apr 28 2026 12:31:42 GMT+0100 (West Africa Time) 
2026-04-28 12:31:42 [INFO]: Database connected successfully 
2026-04-28 12:31:42 [INFO]: Redis connecting... 
2026-04-28 12:31:42 [INFO]: Redis connected successfully 
2026-04-28 12:31:42 [INFO]: Redis initialized and connected 
2026-04-28 12:31:42 [INFO]: Redis connected successfully 
2026-04-28 12:31:42 [INFO]: Socket.IO server initialized 
2026-04-28 12:31:42 [INFO]: getting to  port .. 
2026-04-28 12:31:42 [INFO]: Server running on port 3000 
2026-04-28 12:31:45 [INFO]: ... end of ther server call.. 
2026-04-28 12:31:45 [INFO]: Database pool connected 
2026-04-28 12:31:45 [INFO]: Database extensions initialized 
2026-04-28 12:31:45 [INFO]: Database connected successfully at Tue Apr 28 2026 12:31:45 GMT+0100 (West Africa Time) 
2026-04-28 12:31:45 [INFO]: Database connected successfully 
2026-04-28 12:31:45 [INFO]: Redis connecting... 
2026-04-28 12:31:45 [INFO]: Redis connected successfully 
2026-04-28 12:31:45 [INFO]: Redis initialized and connected 
2026-04-28 12:31:45 [INFO]: Redis connected successfully 
2026-04-28 12:31:45 [INFO]: Socket.IO server initialized 
2026-04-28 12:31:45 [INFO]: getting to  port .. 
2026-04-28 12:31:45 [INFO]: Server running on port 3000 
2026-04-28 12:32:06 [INFO]: ... end of ther server call.. 
2026-04-28 12:32:06 [INFO]: Database pool connected 
2026-04-28 12:32:06 [INFO]: Database extensions initialized 
2026-04-28 12:32:06 [INFO]: Database connected successfully at Tue Apr 28 2026 12:32:06 GMT+0100 (West Africa Time) 
2026-04-28 12:32:06 [INFO]: Database connected successfully 
2026-04-28 12:32:06 [INFO]: Redis connecting... 
2026-04-28 12:32:06 [INFO]: Redis connected successfully 
2026-04-28 12:32:06 [INFO]: Redis initialized and connected 
2026-04-28 12:32:06 [INFO]: Redis connected successfully 
2026-04-28 12:32:06 [INFO]: Socket.IO server initialized 
2026-04-28 12:32:06 [INFO]: getting to  port .. 
2026-04-28 12:32:06 [INFO]: Server running on port 3000 
2026-04-28 12:32:17 [INFO]: ... end of ther server call.. 
2026-04-28 12:32:17 [INFO]: Database pool connected 
2026-04-28 12:32:17 [INFO]: Database extensions initialized 
2026-04-28 12:32:17 [INFO]: Database connected successfully at Tue Apr 28 2026 12:32:17 GMT+0100 (West Africa Time) 
2026-04-28 12:32:17 [INFO]: Database connected successfully 
2026-04-28 12:32:17 [INFO]: Redis connecting... 
2026-04-28 12:32:17 [INFO]: Redis connected successfully 
2026-04-28 12:32:17 [INFO]: Redis initialized and connected 
2026-04-28 12:32:17 [INFO]: Redis connected successfully 
2026-04-28 12:32:17 [INFO]: Socket.IO server initialized 
2026-04-28 12:32:17 [INFO]: getting to  port .. 
2026-04-28 12:32:17 [INFO]: Server running on port 3000 
2026-04-28 12:32:18 [INFO]: ... end of ther server call.. 
2026-04-28 12:32:19 [INFO]: Database pool connected 
2026-04-28 12:32:19 [INFO]: Database extensions initialized 
2026-04-28 12:32:19 [INFO]: Database connected successfully at Tue Apr 28 2026 12:32:19 GMT+0100 (West Africa Time) 
2026-04-28 12:32:19 [INFO]: Database connected successfully 
2026-04-28 12:32:19 [INFO]: Redis connecting... 
2026-04-28 12:32:19 [INFO]: Redis connected successfully 
2026-04-28 12:32:19 [INFO]: Redis initialized and connected 
2026-04-28 12:32:19 [INFO]: Redis connected successfully 
2026-04-28 12:32:19 [INFO]: Socket.IO server initialized 
2026-04-28 12:32:19 [INFO]: getting to  port .. 
2026-04-28 12:32:19 [INFO]: Server running on port 3000 
2026-04-28 12:32:31 [INFO]: ... end of ther server call.. 
2026-04-28 12:32:31 [INFO]: Database pool connected 
2026-04-28 12:32:31 [INFO]: Database extensions initialized 
2026-04-28 12:32:31 [INFO]: Database connected successfully at Tue Apr 28 2026 12:32:31 GMT+0100 (West Africa Time) 
2026-04-28 12:32:31 [INFO]: Database connected successfully 
2026-04-28 12:32:31 [INFO]: Redis connecting... 
2026-04-28 12:32:31 [INFO]: Redis connected successfully 
2026-04-28 12:32:31 [INFO]: Redis initialized and connected 
2026-04-28 12:32:31 [INFO]: Redis connected successfully 
2026-04-28 12:32:31 [INFO]: Socket.IO server initialized 
2026-04-28 12:32:31 [INFO]: getting to  port .. 
2026-04-28 12:32:31 [INFO]: Server running on port 3000 
2026-04-28 12:32:35 [INFO]: ... end of ther server call.. 
2026-04-28 12:32:35 [INFO]: Database pool connected 
2026-04-28 12:32:35 [INFO]: Database extensions initialized 
2026-04-28 12:32:35 [INFO]: Database connected successfully at Tue Apr 28 2026 12:32:35 GMT+0100 (West Africa Time) 
2026-04-28 12:32:35 [INFO]: Database connected successfully 
2026-04-28 12:32:35 [INFO]: Redis connecting... 
2026-04-28 12:32:35 [INFO]: Redis connected successfully 
2026-04-28 12:32:35 [INFO]: Redis initialized and connected 
2026-04-28 12:32:35 [INFO]: Redis connected successfully 
2026-04-28 12:32:35 [INFO]: Socket.IO server initialized 
2026-04-28 12:32:35 [INFO]: getting to  port .. 
2026-04-28 12:32:35 [INFO]: Server running on port 3000 
2026-04-28 12:32:36 [INFO]: ... end of ther server call.. 
2026-04-28 12:32:36 [INFO]: Database pool connected 
2026-04-28 12:32:36 [INFO]: Database extensions initialized 
2026-04-28 12:32:36 [INFO]: Database connected successfully at Tue Apr 28 2026 12:32:36 GMT+0100 (West Africa Time) 
2026-04-28 12:32:36 [INFO]: Database connected successfully 
2026-04-28 12:32:36 [INFO]: Redis connecting... 
2026-04-28 12:32:36 [INFO]: Redis connected successfully 
2026-04-28 12:32:36 [INFO]: Redis initialized and connected 
2026-04-28 12:32:36 [INFO]: Redis connected successfully 
2026-04-28 12:32:36 [INFO]: Socket.IO server initialized 
2026-04-28 12:32:36 [INFO]: getting to  port .. 
2026-04-28 12:32:36 [INFO]: Server running on port 3000 
2026-04-28 12:33:07 [INFO]: ... end of ther server call.. 
2026-04-28 12:33:07 [INFO]: Database pool connected 
2026-04-28 12:33:07 [INFO]: Database extensions initialized 
2026-04-28 12:33:07 [INFO]: Database connected successfully at Tue Apr 28 2026 12:33:07 GMT+0100 (West Africa Time) 
2026-04-28 12:33:07 [INFO]: Database connected successfully 
2026-04-28 12:33:07 [INFO]: Redis connecting... 
2026-04-28 12:33:07 [INFO]: Redis connected successfully 
2026-04-28 12:33:07 [INFO]: Redis initialized and connected 
2026-04-28 12:33:07 [INFO]: Redis connected successfully 
2026-04-28 12:33:07 [INFO]: Socket.IO server initialized 
2026-04-28 12:33:07 [INFO]: getting to  port .. 
2026-04-28 12:33:07 [INFO]: Server running on port 3000 
2026-04-28 12:40:50 [INFO]: ... end of ther server call.. 
2026-04-28 12:40:50 [INFO]: Database pool connected 
2026-04-28 12:40:50 [INFO]: Database extensions initialized 
2026-04-28 12:40:50 [INFO]: Database connected successfully at Tue Apr 28 2026 12:40:50 GMT+0100 (West Africa Time) 
2026-04-28 12:40:50 [INFO]: Database connected successfully 
2026-04-28 12:40:50 [INFO]: Redis connecting... 
2026-04-28 12:40:50 [INFO]: Redis connected successfully 
2026-04-28 12:40:50 [INFO]: Redis initialized and connected 
2026-04-28 12:40:50 [INFO]: Redis connected successfully 
2026-04-28 12:40:50 [INFO]: Socket.IO server initialized 
2026-04-28 12:40:50 [INFO]: getting to  port .. 
2026-04-28 12:40:50 [INFO]: Server running on port 3000 
2026-04-28 12:43:13 [INFO]: ... end of ther server call.. 
2026-04-28 12:43:13 [INFO]: Database pool connected 
2026-04-28 12:43:13 [INFO]: Database extensions initialized 
2026-04-28 12:43:13 [INFO]: Database connected successfully at Tue Apr 28 2026 12:43:13 GMT+0100 (West Africa Time) 
2026-04-28 12:43:13 [INFO]: Database connected successfully 
2026-04-28 12:43:13 [INFO]: Redis connecting... 
2026-04-28 12:43:13 [INFO]: Redis connected successfully 
2026-04-28 12:43:13 [INFO]: Redis initialized and connected 
2026-04-28 12:43:13 [INFO]: Redis connected successfully 
2026-04-28 12:43:13 [INFO]: Socket.IO server initialized 
2026-04-28 12:43:13 [INFO]: getting to  port .. 
2026-04-28 12:43:13 [INFO]: Server running on port 3000 
2026-04-28 13:01:15 [INFO]: ... end of ther server call.. 
2026-04-28 13:01:15 [INFO]: Database pool connected 
2026-04-28 13:01:15 [INFO]: Database extensions initialized 
2026-04-28 13:01:15 [INFO]: Database connected successfully at Tue Apr 28 2026 13:01:15 GMT+0100 (West Africa Time) 
2026-04-28 13:01:15 [INFO]: Database connected successfully 
2026-04-28 13:01:15 [INFO]: Redis connecting... 
2026-04-28 13:01:15 [INFO]: Redis connected successfully 
2026-04-28 13:01:15 [INFO]: Redis initialized and connected 
2026-04-28 13:01:15 [INFO]: Redis connected successfully 
2026-04-28 13:01:15 [INFO]: Socket.IO server initialized 
2026-04-28 13:01:15 [INFO]: getting to  port .. 
2026-04-28 13:01:15 [INFO]: Server running on port 3000 
2026-04-28 13:01:49 [INFO]: ... end of ther server call.. 
2026-04-28 13:01:49 [INFO]: Database pool connected 
2026-04-28 13:01:49 [INFO]: Database extensions initialized 
2026-04-28 13:01:49 [INFO]: Database connected successfully at Tue Apr 28 2026 13:01:49 GMT+0100 (West Africa Time) 
2026-04-28 13:01:49 [INFO]: Database connected successfully 
2026-04-28 13:01:49 [INFO]: Redis connecting... 
2026-04-28 13:01:49 [INFO]: Redis connected successfully 
2026-04-28 13:01:49 [INFO]: Redis initialized and connected 
2026-04-28 13:01:49 [INFO]: Redis connected successfully 
2026-04-28 13:01:49 [INFO]: Socket.IO server initialized 
2026-04-28 13:01:49 [INFO]: getting to  port .. 
2026-04-28 13:01:49 [INFO]: Server running on port 3000 
2026-04-28 13:01:51 [INFO]: ... end of ther server call.. 
2026-04-28 13:01:51 [INFO]: Database pool connected 
2026-04-28 13:01:51 [INFO]: Database extensions initialized 
2026-04-28 13:01:51 [INFO]: Database connected successfully at Tue Apr 28 2026 13:01:51 GMT+0100 (West Africa Time) 
2026-04-28 13:01:51 [INFO]: Database connected successfully 
2026-04-28 13:01:51 [INFO]: Redis connecting... 
2026-04-28 13:01:51 [INFO]: Redis connected successfully 
2026-04-28 13:01:51 [INFO]: Redis initialized and connected 
2026-04-28 13:01:51 [INFO]: Redis connected successfully 
2026-04-28 13:01:51 [INFO]: Socket.IO server initialized 
2026-04-28 13:01:51 [INFO]: getting to  port .. 
2026-04-28 13:01:51 [INFO]: Server running on port 3000 
2026-04-28 13:36:20 [INFO]: ... end of ther server call.. 
2026-04-28 13:36:20 [INFO]: Database pool connected 
2026-04-28 13:36:20 [INFO]: Database extensions initialized 
2026-04-28 13:36:20 [INFO]: Database connected successfully at Tue Apr 28 2026 13:36:20 GMT+0100 (West Africa Time) 
2026-04-28 13:36:20 [INFO]: Database connected successfully 
2026-04-28 13:36:20 [INFO]: Redis connecting... 
2026-04-28 13:36:20 [INFO]: Redis connected successfully 
2026-04-28 13:36:20 [INFO]: Redis initialized and connected 
2026-04-28 13:36:20 [INFO]: Redis connected successfully 
2026-04-28 13:36:20 [INFO]: Socket.IO server initialized 
2026-04-28 13:36:20 [INFO]: getting to  port .. 
2026-04-28 13:36:20 [INFO]: Server running on port 3000 
2026-04-28 13:36:36 [INFO]: ... end of ther server call.. 
2026-04-28 13:36:36 [INFO]: Database pool connected 
2026-04-28 13:36:36 [INFO]: Database extensions initialized 
2026-04-28 13:36:36 [INFO]: Database connected successfully at Tue Apr 28 2026 13:36:36 GMT+0100 (West Africa Time) 
2026-04-28 13:36:36 [INFO]: Database connected successfully 
2026-04-28 13:36:36 [INFO]: Redis connecting... 
2026-04-28 13:36:36 [INFO]: Redis connected successfully 
2026-04-28 13:36:36 [INFO]: Redis initialized and connected 
2026-04-28 13:36:36 [INFO]: Redis connected successfully 
2026-04-28 13:36:36 [INFO]: Socket.IO server initialized 
2026-04-28 13:36:36 [INFO]: getting to  port .. 
2026-04-28 13:36:36 [INFO]: Server running on port 3000 
2026-04-28 13:36:39 [INFO]: ... end of ther server call.. 
2026-04-28 13:36:39 [INFO]: Database pool connected 
2026-04-28 13:36:39 [INFO]: Database extensions initialized 
2026-04-28 13:36:39 [INFO]: Database connected successfully at Tue Apr 28 2026 13:36:39 GMT+0100 (West Africa Time) 
2026-04-28 13:36:39 [INFO]: Database connected successfully 
2026-04-28 13:36:39 [INFO]: Redis connecting... 
2026-04-28 13:36:39 [INFO]: Redis connected successfully 
2026-04-28 13:36:39 [INFO]: Redis initialized and connected 
2026-04-28 13:36:39 [INFO]: Redis connected successfully 
2026-04-28 13:36:39 [INFO]: Socket.IO server initialized 
2026-04-28 13:36:39 [INFO]: getting to  port .. 
2026-04-28 13:36:39 [INFO]: Server running on port 3000 
2026-04-28 13:36:42 [INFO]: ... end of ther server call.. 
2026-04-28 13:36:42 [INFO]: Database pool connected 
2026-04-28 13:36:42 [INFO]: Database extensions initialized 
2026-04-28 13:36:42 [INFO]: Database connected successfully at Tue Apr 28 2026 13:36:42 GMT+0100 (West Africa Time) 
2026-04-28 13:36:42 [INFO]: Database connected successfully 
2026-04-28 13:36:42 [INFO]: Redis connecting... 
2026-04-28 13:36:42 [INFO]: Redis connected successfully 
2026-04-28 13:36:42 [INFO]: Redis initialized and connected 
2026-04-28 13:36:42 [INFO]: Redis connected successfully 
2026-04-28 13:36:42 [INFO]: Socket.IO server initialized 
2026-04-28 13:36:42 [INFO]: getting to  port .. 
2026-04-28 13:36:42 [INFO]: Server running on port 3000 
2026-04-28 13:36:44 [INFO]: ... end of ther server call.. 
2026-04-28 13:36:44 [INFO]: Database pool connected 
2026-04-28 13:36:44 [INFO]: Database extensions initialized 
2026-04-28 13:36:44 [INFO]: Database connected successfully at Tue Apr 28 2026 13:36:44 GMT+0100 (West Africa Time) 
2026-04-28 13:36:44 [INFO]: Database connected successfully 
2026-04-28 13:36:44 [INFO]: Redis connecting... 
2026-04-28 13:36:44 [INFO]: Redis connected successfully 
2026-04-28 13:36:44 [INFO]: Redis initialized and connected 
2026-04-28 13:36:44 [INFO]: Redis connected successfully 
2026-04-28 13:36:44 [INFO]: Socket.IO server initialized 
2026-04-28 13:36:44 [INFO]: getting to  port .. 
2026-04-28 13:36:44 [INFO]: Server running on port 3000 
2026-04-28 13:36:49 [INFO]: ... end of ther server call.. 
2026-04-28 13:36:49 [INFO]: Database pool connected 
2026-04-28 13:36:49 [INFO]: Database extensions initialized 
2026-04-28 13:36:49 [INFO]: Database connected successfully at Tue Apr 28 2026 13:36:49 GMT+0100 (West Africa Time) 
2026-04-28 13:36:49 [INFO]: Database connected successfully 
2026-04-28 13:36:49 [INFO]: Redis connecting... 
2026-04-28 13:36:49 [INFO]: Redis connected successfully 
2026-04-28 13:36:49 [INFO]: Redis initialized and connected 
2026-04-28 13:36:49 [INFO]: Redis connected successfully 
2026-04-28 13:36:49 [INFO]: Socket.IO server initialized 
2026-04-28 13:36:49 [INFO]: getting to  port .. 
2026-04-28 13:36:49 [INFO]: Server running on port 3000 
2026-04-28 13:36:50 [INFO]: ... end of ther server call.. 
2026-04-28 13:36:50 [INFO]: Database pool connected 
2026-04-28 13:36:50 [INFO]: Database extensions initialized 
2026-04-28 13:36:50 [INFO]: Database connected successfully at Tue Apr 28 2026 13:36:50 GMT+0100 (West Africa Time) 
2026-04-28 13:36:50 [INFO]: Database connected successfully 
2026-04-28 13:36:50 [INFO]: Redis connecting... 
2026-04-28 13:36:50 [INFO]: Redis connected successfully 
2026-04-28 13:36:50 [INFO]: Redis initialized and connected 
2026-04-28 13:36:50 [INFO]: Redis connected successfully 
2026-04-28 13:36:50 [INFO]: Socket.IO server initialized 
2026-04-28 13:36:50 [INFO]: getting to  port .. 
2026-04-28 13:36:50 [INFO]: Server running on port 3000 
2026-04-28 13:38:15 [INFO]: ... end of ther server call.. 
2026-04-28 13:38:15 [INFO]: Database pool connected 
2026-04-28 13:38:15 [INFO]: Database extensions initialized 
2026-04-28 13:38:15 [INFO]: Database connected successfully at Tue Apr 28 2026 13:38:15 GMT+0100 (West Africa Time) 
2026-04-28 13:38:15 [INFO]: Database connected successfully 
2026-04-28 13:38:15 [INFO]: Redis connecting... 
2026-04-28 13:38:15 [INFO]: Redis connected successfully 
2026-04-28 13:38:15 [INFO]: Redis initialized and connected 
2026-04-28 13:38:15 [INFO]: Redis connected successfully 
2026-04-28 13:38:15 [INFO]: Socket.IO server initialized 
2026-04-28 13:38:15 [INFO]: getting to  port .. 
2026-04-28 13:38:15 [INFO]: Server running on port 3000 
2026-04-28 13:38:16 [INFO]: ... end of ther server call.. 
2026-04-28 13:38:16 [INFO]: Database pool connected 
2026-04-28 13:38:16 [INFO]: Database extensions initialized 
2026-04-28 13:38:16 [INFO]: Database connected successfully at Tue Apr 28 2026 13:38:16 GMT+0100 (West Africa Time) 
2026-04-28 13:38:16 [INFO]: Database connected successfully 
2026-04-28 13:38:16 [INFO]: Redis connecting... 
2026-04-28 13:38:16 [INFO]: Redis connected successfully 
2026-04-28 13:38:16 [INFO]: Redis initialized and connected 
2026-04-28 13:38:16 [INFO]: Redis connected successfully 
2026-04-28 13:38:16 [INFO]: Socket.IO server initialized 
2026-04-28 13:38:16 [INFO]: getting to  port .. 
2026-04-28 13:38:16 [INFO]: Server running on port 3000 
2026-04-28 13:38:20 [INFO]: ... end of ther server call.. 
2026-04-28 13:38:21 [INFO]: Database pool connected 
2026-04-28 13:38:21 [INFO]: Database extensions initialized 
2026-04-28 13:38:21 [INFO]: Database connected successfully at Tue Apr 28 2026 13:38:21 GMT+0100 (West Africa Time) 
2026-04-28 13:38:21 [INFO]: Database connected successfully 
2026-04-28 13:38:21 [INFO]: Redis connecting... 
2026-04-28 13:38:21 [INFO]: Redis connected successfully 
2026-04-28 13:38:21 [INFO]: Redis initialized and connected 
2026-04-28 13:38:21 [INFO]: Redis connected successfully 
2026-04-28 13:38:21 [INFO]: Socket.IO server initialized 
2026-04-28 13:38:21 [INFO]: getting to  port .. 
2026-04-28 13:38:21 [INFO]: Server running on port 3000 
2026-04-28 13:38:28 [INFO]: ... end of ther server call.. 
2026-04-28 13:38:28 [INFO]: Database pool connected 
2026-04-28 13:38:28 [INFO]: Database extensions initialized 
2026-04-28 13:38:28 [INFO]: Database connected successfully at Tue Apr 28 2026 13:38:28 GMT+0100 (West Africa Time) 
2026-04-28 13:38:28 [INFO]: Database connected successfully 
2026-04-28 13:38:28 [INFO]: Redis connecting... 
2026-04-28 13:38:28 [INFO]: Redis connected successfully 
2026-04-28 13:38:28 [INFO]: Redis initialized and connected 
2026-04-28 13:38:28 [INFO]: Redis connected successfully 
2026-04-28 13:38:28 [INFO]: Socket.IO server initialized 
2026-04-28 13:38:28 [INFO]: getting to  port .. 
2026-04-28 13:38:28 [INFO]: Server running on port 3000 
2026-04-28 13:38:34 [INFO]: ... end of ther server call.. 
2026-04-28 13:38:35 [INFO]: Database pool connected 
2026-04-28 13:38:35 [INFO]: Database extensions initialized 
2026-04-28 13:38:35 [INFO]: Database connected successfully at Tue Apr 28 2026 13:38:35 GMT+0100 (West Africa Time) 
2026-04-28 13:38:35 [INFO]: Database connected successfully 
2026-04-28 13:38:35 [INFO]: Redis connecting... 
2026-04-28 13:38:35 [INFO]: Redis connected successfully 
2026-04-28 13:38:35 [INFO]: Redis initialized and connected 
2026-04-28 13:38:35 [INFO]: Redis connected successfully 
2026-04-28 13:38:35 [INFO]: Socket.IO server initialized 
2026-04-28 13:38:35 [INFO]: getting to  port .. 
2026-04-28 13:38:35 [INFO]: Server running on port 3000 
2026-04-28 13:38:36 [INFO]: ... end of ther server call.. 
2026-04-28 13:38:36 [INFO]: Database pool connected 
2026-04-28 13:38:36 [INFO]: Database extensions initialized 
2026-04-28 13:38:36 [INFO]: Database connected successfully at Tue Apr 28 2026 13:38:36 GMT+0100 (West Africa Time) 
2026-04-28 13:38:36 [INFO]: Database connected successfully 
2026-04-28 13:38:36 [INFO]: Redis connecting... 
2026-04-28 13:38:36 [INFO]: Redis connected successfully 
2026-04-28 13:38:36 [INFO]: Redis initialized and connected 
2026-04-28 13:38:36 [INFO]: Redis connected successfully 
2026-04-28 13:38:36 [INFO]: Socket.IO server initialized 
2026-04-28 13:38:36 [INFO]: getting to  port .. 
2026-04-28 13:38:36 [INFO]: Server running on port 3000 
2026-04-28 13:38:38 [INFO]: ... end of ther server call.. 
2026-04-28 13:38:38 [INFO]: Database pool connected 
2026-04-28 13:38:38 [INFO]: Database extensions initialized 
2026-04-28 13:38:38 [INFO]: Database connected successfully at Tue Apr 28 2026 13:38:38 GMT+0100 (West Africa Time) 
2026-04-28 13:38:38 [INFO]: Database connected successfully 
2026-04-28 13:38:38 [INFO]: Redis connecting... 
2026-04-28 13:38:38 [INFO]: Redis connected successfully 
2026-04-28 13:38:38 [INFO]: Redis initialized and connected 
2026-04-28 13:38:38 [INFO]: Redis connected successfully 
2026-04-28 13:38:38 [INFO]: Socket.IO server initialized 
2026-04-28 13:38:38 [INFO]: getting to  port .. 
2026-04-28 13:38:38 [INFO]: Server running on port 3000 
2026-04-28 13:39:25 [INFO]: ... end of ther server call.. 
2026-04-28 13:39:25 [INFO]: Database pool connected 
2026-04-28 13:39:25 [INFO]: Database extensions initialized 
2026-04-28 13:39:25 [INFO]: Database connected successfully at Tue Apr 28 2026 13:39:25 GMT+0100 (West Africa Time) 
2026-04-28 13:39:25 [INFO]: Database connected successfully 
2026-04-28 13:39:25 [INFO]: Redis connecting... 
2026-04-28 13:39:25 [INFO]: Redis connected successfully 
2026-04-28 13:39:25 [INFO]: Redis initialized and connected 
2026-04-28 13:39:25 [INFO]: Redis connected successfully 
2026-04-28 13:39:25 [INFO]: Socket.IO server initialized 
2026-04-28 13:39:25 [INFO]: getting to  port .. 
2026-04-28 13:39:25 [INFO]: Server running on port 3000 
2026-04-28 13:39:26 [INFO]: ... end of ther server call.. 
2026-04-28 13:39:26 [INFO]: Database pool connected 
2026-04-28 13:39:26 [INFO]: Database extensions initialized 
2026-04-28 13:39:26 [INFO]: Database connected successfully at Tue Apr 28 2026 13:39:26 GMT+0100 (West Africa Time) 
2026-04-28 13:39:26 [INFO]: Database connected successfully 
2026-04-28 13:39:26 [INFO]: Redis connecting... 
2026-04-28 13:39:26 [INFO]: Redis connected successfully 
2026-04-28 13:39:26 [INFO]: Redis initialized and connected 
2026-04-28 13:39:26 [INFO]: Redis connected successfully 
2026-04-28 13:39:26 [INFO]: Socket.IO server initialized 
2026-04-28 13:39:26 [INFO]: getting to  port .. 
2026-04-28 13:39:26 [INFO]: Server running on port 3000 
2026-04-28 13:39:40 [INFO]: ... end of ther server call.. 
2026-04-28 13:39:40 [INFO]: Database pool connected 
2026-04-28 13:39:40 [INFO]: Database extensions initialized 
2026-04-28 13:39:40 [INFO]: Database connected successfully at Tue Apr 28 2026 13:39:40 GMT+0100 (West Africa Time) 
2026-04-28 13:39:40 [INFO]: Database connected successfully 
2026-04-28 13:39:40 [INFO]: Redis connecting... 
2026-04-28 13:39:40 [INFO]: Redis connected successfully 
2026-04-28 13:39:40 [INFO]: Redis initialized and connected 
2026-04-28 13:39:40 [INFO]: Redis connected successfully 
2026-04-28 13:39:40 [INFO]: Socket.IO server initialized 
2026-04-28 13:39:40 [INFO]: getting to  port .. 
2026-04-28 13:39:40 [INFO]: Server running on port 3000 
2026-04-28 13:46:33 [INFO]: Database pool connected 
2026-04-28 13:46:39 [ERROR]: Email sending failed: Invalid login: 535-5.7.8 Username and Password not accepted. For more information, go to
535 5.7.8  https://support.google.com/mail/?p=BadCredentials 5b1f17b1804b1-48a7748ef4esm17668755e9.4 - gsmtp {"code":"EAUTH","response":"535-5.7.8 Username and Password not accepted. For more information, go to\n535 5.7.8  https://support.google.com/mail/?p=BadCredentials 5b1f17b1804b1-48a7748ef4esm17668755e9.4 - gsmtp","responseCode":535,"command":"AUTH PLAIN","stack":"Error: Invalid login: 535-5.7.8 Username and Password not accepted. For more information, go to\n535 5.7.8  https://support.google.com/mail/?p=BadCredentials 5b1f17b1804b1-48a7748ef4esm17668755e9.4 - gsmtp\n    at SMTPConnection._formatError (/home/philip/beavers/beavers-backend/node_modules/nodemailer/lib/smtp-connection/index.js:809:19)\n    at SMTPConnection._actionAUTHComplete (/home/philip/beavers/beavers-backend/node_modules/nodemailer/lib/smtp-connection/index.js:1588:34)\n    at SMTPConnection.<anonymous> (/home/philip/beavers/beavers-backend/node_modules/nodemailer/lib/smtp-connection/index.js:556:26)\n    at SMTPConnection._processResponse (/home/philip/beavers/beavers-backend/node_modules/nodemailer/lib/smtp-connection/index.js:993:20)\n    at SMTPConnection._onData (/home/philip/beavers/beavers-backend/node_modules/nodemailer/lib/smtp-connection/index.js:774:14)\n    at SMTPConnection._onSocketData (/home/philip/beavers/beavers-backend/node_modules/nodemailer/lib/smtp-connection/index.js:195:44)\n    at TLSSocket.emit (node:events:509:20)\n    at addChunk (node:internal/streams/readable:564:12)\n    at readableAddChunkPushByteMode (node:internal/streams/readable:515:3)\n    at Readable.push (node:internal/streams/readable:395:5)"}
2026-04-28 13:48:30 [INFO]: ... end of ther server call.. 
2026-04-28 13:48:30 [INFO]: Database pool connected 
2026-04-28 13:48:30 [INFO]: Database extensions initialized 
2026-04-28 13:48:30 [INFO]: Database connected successfully at Tue Apr 28 2026 13:48:30 GMT+0100 (West Africa Time) 
2026-04-28 13:48:30 [INFO]: Database connected successfully 
2026-04-28 13:48:30 [INFO]: Redis connecting... 
2026-04-28 13:48:30 [INFO]: Redis connected successfully 
2026-04-28 13:48:30 [INFO]: Redis initialized and connected 
2026-04-28 13:48:30 [INFO]: Redis connected successfully 
2026-04-28 13:48:30 [INFO]: Socket.IO server initialized 
2026-04-28 13:48:30 [INFO]: getting to  port .. 
2026-04-28 13:48:30 [INFO]: Server running on port 3000 
2026-04-28 13:48:34 [INFO]: ... end of ther server call.. 
2026-04-28 13:48:34 [INFO]: Database pool connected 
2026-04-28 13:48:34 [INFO]: Database extensions initialized 
2026-04-28 13:48:34 [INFO]: Database connected successfully at Tue Apr 28 2026 13:48:34 GMT+0100 (West Africa Time) 
2026-04-28 13:48:34 [INFO]: Database connected successfully 
2026-04-28 13:48:34 [INFO]: Redis connecting... 
2026-04-28 13:48:34 [INFO]: Redis connected successfully 
2026-04-28 13:48:34 [INFO]: Redis initialized and connected 
2026-04-28 13:48:34 [INFO]: Redis connected successfully 
2026-04-28 13:48:34 [INFO]: Socket.IO server initialized 
2026-04-28 13:48:34 [INFO]: getting to  port .. 
2026-04-28 13:48:34 [INFO]: Server running on port 3000 
2026-04-28 13:48:47 [INFO]: ... end of ther server call.. 
2026-04-28 13:48:47 [INFO]: Database pool connected 
2026-04-28 13:48:47 [INFO]: Database extensions initialized 
2026-04-28 13:48:47 [INFO]: Database connected successfully at Tue Apr 28 2026 13:48:47 GMT+0100 (West Africa Time) 
2026-04-28 13:48:47 [INFO]: Database connected successfully 
2026-04-28 13:48:47 [INFO]: Redis connecting... 
2026-04-28 13:48:47 [INFO]: Redis connected successfully 
2026-04-28 13:48:47 [INFO]: Redis initialized and connected 
2026-04-28 13:48:47 [INFO]: Redis connected successfully 
2026-04-28 13:48:47 [INFO]: Socket.IO server initialized 
2026-04-28 13:48:47 [INFO]: getting to  port .. 
2026-04-28 13:48:47 [INFO]: Server running on port 3000 
2026-04-28 13:48:49 [INFO]: ... end of ther server call.. 
2026-04-28 13:48:49 [INFO]: Database pool connected 
2026-04-28 13:48:49 [INFO]: Database extensions initialized 
2026-04-28 13:48:49 [INFO]: Database connected successfully at Tue Apr 28 2026 13:48:49 GMT+0100 (West Africa Time) 
2026-04-28 13:48:49 [INFO]: Database connected successfully 
2026-04-28 13:48:49 [INFO]: Redis connecting... 
2026-04-28 13:48:49 [INFO]: Redis connected successfully 
2026-04-28 13:48:49 [INFO]: Redis initialized and connected 
2026-04-28 13:48:49 [INFO]: Redis connected successfully 
2026-04-28 13:48:49 [INFO]: Socket.IO server initialized 
2026-04-28 13:48:49 [INFO]: getting to  port .. 
2026-04-28 13:48:49 [INFO]: Server running on port 3000 
2026-04-28 13:48:52 [INFO]: ... end of ther server call.. 
2026-04-28 13:48:52 [INFO]: Database pool connected 
2026-04-28 13:48:52 [INFO]: Database extensions initialized 
2026-04-28 13:48:52 [INFO]: Database connected successfully at Tue Apr 28 2026 13:48:52 GMT+0100 (West Africa Time) 
2026-04-28 13:48:52 [INFO]: Database connected successfully 
2026-04-28 13:48:52 [INFO]: Redis connecting... 
2026-04-28 13:48:52 [INFO]: Redis connected successfully 
2026-04-28 13:48:52 [INFO]: Redis initialized and connected 
2026-04-28 13:48:52 [INFO]: Redis connected successfully 
2026-04-28 13:48:52 [INFO]: Socket.IO server initialized 
2026-04-28 13:48:52 [INFO]: getting to  port .. 
2026-04-28 13:48:52 [INFO]: Server running on port 3000 
2026-04-28 13:48:55 [INFO]: ... end of ther server call.. 
2026-04-28 13:48:55 [INFO]: Database pool connected 
2026-04-28 13:48:55 [INFO]: Database extensions initialized 
2026-04-28 13:48:55 [INFO]: Database connected successfully at Tue Apr 28 2026 13:48:55 GMT+0100 (West Africa Time) 
2026-04-28 13:48:55 [INFO]: Database connected successfully 
2026-04-28 13:48:55 [INFO]: Redis connecting... 
2026-04-28 13:48:55 [INFO]: Redis connected successfully 
2026-04-28 13:48:55 [INFO]: Redis initialized and connected 
2026-04-28 13:48:55 [INFO]: Redis connected successfully 
2026-04-28 13:48:55 [INFO]: Socket.IO server initialized 
2026-04-28 13:48:55 [INFO]: getting to  port .. 
2026-04-28 13:48:55 [INFO]: Server running on port 3000 
2026-04-28 13:49:00 [INFO]: ... end of ther server call.. 
2026-04-28 13:49:00 [INFO]: Database pool connected 
2026-04-28 13:49:00 [INFO]: Database extensions initialized 
2026-04-28 13:49:00 [INFO]: Database connected successfully at Tue Apr 28 2026 13:49:00 GMT+0100 (West Africa Time) 
2026-04-28 13:49:00 [INFO]: Database connected successfully 
2026-04-28 13:49:00 [INFO]: Redis connecting... 
2026-04-28 13:49:00 [INFO]: Redis connected successfully 
2026-04-28 13:49:00 [INFO]: Redis initialized and connected 
2026-04-28 13:49:00 [INFO]: Redis connected successfully 
2026-04-28 13:49:00 [INFO]: Socket.IO server initialized 
2026-04-28 13:49:00 [INFO]: getting to  port .. 
2026-04-28 13:49:00 [INFO]: Server running on port 3000 
2026-04-28 13:49:01 [INFO]: ... end of ther server call.. 
2026-04-28 13:49:01 [INFO]: Database pool connected 
2026-04-28 13:49:01 [INFO]: Database extensions initialized 
2026-04-28 13:49:01 [INFO]: Database connected successfully at Tue Apr 28 2026 13:49:01 GMT+0100 (West Africa Time) 
2026-04-28 13:49:01 [INFO]: Database connected successfully 
2026-04-28 13:49:01 [INFO]: Redis connecting... 
2026-04-28 13:49:01 [INFO]: Redis connected successfully 
2026-04-28 13:49:01 [INFO]: Redis initialized and connected 
2026-04-28 13:49:01 [INFO]: Redis connected successfully 
2026-04-28 13:49:01 [INFO]: Socket.IO server initialized 
2026-04-28 13:49:01 [INFO]: getting to  port .. 
2026-04-28 13:49:01 [INFO]: Server running on port 3000 
2026-04-28 13:49:02 [INFO]: ... end of ther server call.. 
2026-04-28 13:49:02 [INFO]: Database pool connected 
2026-04-28 13:49:02 [INFO]: Database extensions initialized 
2026-04-28 13:49:02 [INFO]: Database connected successfully at Tue Apr 28 2026 13:49:02 GMT+0100 (West Africa Time) 
2026-04-28 13:49:02 [INFO]: Database connected successfully 
2026-04-28 13:49:02 [INFO]: Redis connecting... 
2026-04-28 13:49:02 [INFO]: Redis connected successfully 
2026-04-28 13:49:02 [INFO]: Redis initialized and connected 
2026-04-28 13:49:02 [INFO]: Redis connected successfully 
2026-04-28 13:49:02 [INFO]: Socket.IO server initialized 
2026-04-28 13:49:02 [INFO]: getting to  port .. 
2026-04-28 13:49:02 [INFO]: Server running on port 3000 
2026-04-28 13:49:07 [INFO]: ... end of ther server call.. 
2026-04-28 13:49:07 [INFO]: Database pool connected 
2026-04-28 13:49:07 [INFO]: Database extensions initialized 
2026-04-28 13:49:07 [INFO]: Database connected successfully at Tue Apr 28 2026 13:49:07 GMT+0100 (West Africa Time) 
2026-04-28 13:49:07 [INFO]: Database connected successfully 
2026-04-28 13:49:07 [INFO]: Redis connecting... 
2026-04-28 13:49:07 [INFO]: Redis connected successfully 
2026-04-28 13:49:07 [INFO]: Redis initialized and connected 
2026-04-28 13:49:07 [INFO]: Redis connected successfully 
2026-04-28 13:49:07 [INFO]: Socket.IO server initialized 
2026-04-28 13:49:07 [INFO]: getting to  port .. 
2026-04-28 13:49:07 [INFO]: Server running on port 3000 
2026-04-28 13:49:10 [INFO]: ... end of ther server call.. 
2026-04-28 13:49:10 [INFO]: Database pool connected 
2026-04-28 13:49:10 [INFO]: Database extensions initialized 
2026-04-28 13:49:10 [INFO]: Database connected successfully at Tue Apr 28 2026 13:49:10 GMT+0100 (West Africa Time) 
2026-04-28 13:49:10 [INFO]: Database connected successfully 
2026-04-28 13:49:10 [INFO]: Redis connecting... 
2026-04-28 13:49:10 [INFO]: Redis connected successfully 
2026-04-28 13:49:10 [INFO]: Redis initialized and connected 
2026-04-28 13:49:10 [INFO]: Redis connected successfully 
2026-04-28 13:49:10 [INFO]: Socket.IO server initialized 
2026-04-28 13:49:10 [INFO]: getting to  port .. 
2026-04-28 13:49:10 [INFO]: Server running on port 3000 
2026-04-28 13:50:50 [INFO]: ... end of ther server call.. 
2026-04-28 13:50:50 [INFO]: Database pool connected 
2026-04-28 13:50:50 [INFO]: Database extensions initialized 
2026-04-28 13:50:50 [INFO]: Database connected successfully at Tue Apr 28 2026 13:50:50 GMT+0100 (West Africa Time) 
2026-04-28 13:50:50 [INFO]: Database connected successfully 
2026-04-28 13:50:50 [INFO]: Redis connecting... 
2026-04-28 13:50:50 [INFO]: Redis connected successfully 
2026-04-28 13:50:50 [INFO]: Redis initialized and connected 
2026-04-28 13:50:50 [INFO]: Redis connected successfully 
2026-04-28 13:50:50 [INFO]: Socket.IO server initialized 
2026-04-28 13:50:50 [INFO]: getting to  port .. 
2026-04-28 13:50:50 [INFO]: Server running on port 3000 
2026-04-28 13:50:53 [INFO]: ... end of ther server call.. 
2026-04-28 13:50:53 [INFO]: Database pool connected 
2026-04-28 13:50:53 [INFO]: Database extensions initialized 
2026-04-28 13:50:53 [INFO]: Database connected successfully at Tue Apr 28 2026 13:50:53 GMT+0100 (West Africa Time) 
2026-04-28 13:50:53 [INFO]: Database connected successfully 
2026-04-28 13:50:53 [INFO]: Redis connecting... 
2026-04-28 13:50:53 [INFO]: Redis connected successfully 
2026-04-28 13:50:53 [INFO]: Redis initialized and connected 
2026-04-28 13:50:53 [INFO]: Redis connected successfully 
2026-04-28 13:50:53 [INFO]: Socket.IO server initialized 
2026-04-28 13:50:53 [INFO]: getting to  port .. 
2026-04-28 13:50:53 [INFO]: Server running on port 3000 
2026-04-28 14:15:23 [INFO]: ... end of ther server call.. 
2026-04-28 14:15:23 [INFO]: Database pool connected 
2026-04-28 14:15:23 [INFO]: Database extensions initialized 
2026-04-28 14:15:23 [INFO]: Database connected successfully at Tue Apr 28 2026 14:15:23 GMT+0100 (West Africa Time) 
2026-04-28 14:15:23 [INFO]: Database connected successfully 
2026-04-28 14:15:23 [INFO]: Redis connecting... 
2026-04-28 14:15:23 [INFO]: Redis connected successfully 
2026-04-28 14:15:23 [INFO]: Redis initialized and connected 
2026-04-28 14:15:23 [INFO]: Redis connected successfully 
2026-04-28 14:15:23 [INFO]: Socket.IO server initialized 
2026-04-28 14:15:23 [INFO]: getting to  port .. 
2026-04-28 14:15:23 [INFO]: Server running on port 3000 
2026-04-28 14:24:16 [INFO]: ... end of ther server call.. 
2026-04-28 14:24:16 [INFO]: Database pool connected 
2026-04-28 14:24:16 [INFO]: Database extensions initialized 
2026-04-28 14:24:16 [INFO]: Database connected successfully at Tue Apr 28 2026 14:24:16 GMT+0100 (West Africa Time) 
2026-04-28 14:24:16 [INFO]: Database connected successfully 
2026-04-28 14:24:16 [INFO]: Redis connecting... 
2026-04-28 14:24:16 [INFO]: Redis connected successfully 
2026-04-28 14:24:16 [INFO]: Redis initialized and connected 
2026-04-28 14:24:16 [INFO]: Redis connected successfully 
2026-04-28 14:24:16 [INFO]: Socket.IO server initialized 
2026-04-28 14:24:16 [INFO]: getting to  port .. 
2026-04-28 14:24:16 [INFO]: Server running on port 3000 
2026-04-28 14:24:27 [INFO]: ... end of ther server call.. 
2026-04-28 14:24:27 [INFO]: Database pool connected 
2026-04-28 14:24:27 [INFO]: Database extensions initialized 
2026-04-28 14:24:27 [INFO]: Database connected successfully at Tue Apr 28 2026 14:24:27 GMT+0100 (West Africa Time) 
2026-04-28 14:24:27 [INFO]: Database connected successfully 
2026-04-28 14:24:27 [INFO]: Redis connecting... 
2026-04-28 14:24:27 [INFO]: Redis connected successfully 
2026-04-28 14:24:27 [INFO]: Redis initialized and connected 
2026-04-28 14:24:27 [INFO]: Redis connected successfully 
2026-04-28 14:24:27 [INFO]: Socket.IO server initialized 
2026-04-28 14:24:27 [INFO]: getting to  port .. 
2026-04-28 14:24:27 [INFO]: Server running on port 3000 
2026-04-28 14:24:29 [INFO]: ... end of ther server call.. 
2026-04-28 14:24:29 [INFO]: Database pool connected 
2026-04-28 14:24:29 [INFO]: Database extensions initialized 
2026-04-28 14:24:29 [INFO]: Database connected successfully at Tue Apr 28 2026 14:24:29 GMT+0100 (West Africa Time) 
2026-04-28 14:24:29 [INFO]: Database connected successfully 
2026-04-28 14:24:29 [INFO]: Redis connecting... 
2026-04-28 14:24:29 [INFO]: Redis connected successfully 
2026-04-28 14:24:29 [INFO]: Redis initialized and connected 
2026-04-28 14:24:29 [INFO]: Redis connected successfully 
2026-04-28 14:24:29 [INFO]: Socket.IO server initialized 
2026-04-28 14:24:29 [INFO]: getting to  port .. 
2026-04-28 14:24:29 [INFO]: Server running on port 3000 
2026-04-28 14:24:32 [INFO]: ... end of ther server call.. 
2026-04-28 14:24:32 [INFO]: Database pool connected 
2026-04-28 14:24:32 [INFO]: Database extensions initialized 
2026-04-28 14:24:32 [INFO]: Database connected successfully at Tue Apr 28 2026 14:24:32 GMT+0100 (West Africa Time) 
2026-04-28 14:24:32 [INFO]: Database connected successfully 
2026-04-28 14:24:32 [INFO]: Redis connecting... 
2026-04-28 14:24:32 [INFO]: Redis connected successfully 
2026-04-28 14:24:32 [INFO]: Redis initialized and connected 
2026-04-28 14:24:32 [INFO]: Redis connected successfully 
2026-04-28 14:24:32 [INFO]: Socket.IO server initialized 
2026-04-28 14:24:32 [INFO]: getting to  port .. 
2026-04-28 14:24:32 [INFO]: Server running on port 3000 
2026-04-28 14:24:37 [INFO]: ... end of ther server call.. 
2026-04-28 14:24:37 [INFO]: Database pool connected 
2026-04-28 14:24:37 [INFO]: Database extensions initialized 
2026-04-28 14:24:37 [INFO]: Database connected successfully at Tue Apr 28 2026 14:24:37 GMT+0100 (West Africa Time) 
2026-04-28 14:24:37 [INFO]: Database connected successfully 
2026-04-28 14:24:37 [INFO]: Redis connecting... 
2026-04-28 14:24:37 [INFO]: Redis connected successfully 
2026-04-28 14:24:37 [INFO]: Redis initialized and connected 
2026-04-28 14:24:37 [INFO]: Redis connected successfully 
2026-04-28 14:24:37 [INFO]: Socket.IO server initialized 
2026-04-28 14:24:37 [INFO]: getting to  port .. 
2026-04-28 14:24:37 [INFO]: Server running on port 3000 
2026-04-28 14:24:43 [INFO]: ... end of ther server call.. 
2026-04-28 14:24:43 [INFO]: Database pool connected 
2026-04-28 14:24:43 [INFO]: Database extensions initialized 
2026-04-28 14:24:43 [INFO]: Database connected successfully at Tue Apr 28 2026 14:24:43 GMT+0100 (West Africa Time) 
2026-04-28 14:24:43 [INFO]: Database connected successfully 
2026-04-28 14:24:43 [INFO]: Redis connecting... 
2026-04-28 14:24:43 [INFO]: Redis connected successfully 
2026-04-28 14:24:43 [INFO]: Redis initialized and connected 
2026-04-28 14:24:43 [INFO]: Redis connected successfully 
2026-04-28 14:24:43 [INFO]: Socket.IO server initialized 
2026-04-28 14:24:43 [INFO]: getting to  port .. 
2026-04-28 14:24:43 [INFO]: Server running on port 3000 
2026-04-28 14:24:46 [INFO]: ... end of ther server call.. 
2026-04-28 14:24:46 [INFO]: Database pool connected 
2026-04-28 14:24:46 [INFO]: Database extensions initialized 
2026-04-28 14:24:46 [INFO]: Database connected successfully at Tue Apr 28 2026 14:24:46 GMT+0100 (West Africa Time) 
2026-04-28 14:24:46 [INFO]: Database connected successfully 
2026-04-28 14:24:46 [INFO]: Redis connecting... 
2026-04-28 14:24:46 [INFO]: Redis connected successfully 
2026-04-28 14:24:46 [INFO]: Redis initialized and connected 
2026-04-28 14:24:46 [INFO]: Redis connected successfully 
2026-04-28 14:24:46 [INFO]: Socket.IO server initialized 
2026-04-28 14:24:46 [INFO]: getting to  port .. 
2026-04-28 14:24:46 [INFO]: Server running on port 3000 
2026-04-28 14:25:03 [INFO]: ... end of ther server call.. 
2026-04-28 14:25:03 [INFO]: Database pool connected 
2026-04-28 14:25:03 [INFO]: Database extensions initialized 
2026-04-28 14:25:03 [INFO]: Database connected successfully at Tue Apr 28 2026 14:25:03 GMT+0100 (West Africa Time) 
2026-04-28 14:25:03 [INFO]: Database connected successfully 
2026-04-28 14:25:03 [INFO]: Redis connecting... 
2026-04-28 14:25:03 [INFO]: Redis connected successfully 
2026-04-28 14:25:03 [INFO]: Redis initialized and connected 
2026-04-28 14:25:03 [INFO]: Redis connected successfully 
2026-04-28 14:25:03 [INFO]: Socket.IO server initialized 
2026-04-28 14:25:03 [INFO]: getting to  port .. 
2026-04-28 14:25:03 [INFO]: Server running on port 3000 
2026-04-28 14:25:07 [INFO]: ... end of ther server call.. 
2026-04-28 14:25:07 [INFO]: Database pool connected 
2026-04-28 14:25:07 [INFO]: Database extensions initialized 
2026-04-28 14:25:07 [INFO]: Database connected successfully at Tue Apr 28 2026 14:25:07 GMT+0100 (West Africa Time) 
2026-04-28 14:25:07 [INFO]: Database connected successfully 
2026-04-28 14:25:07 [INFO]: Redis connecting... 
2026-04-28 14:25:07 [INFO]: Redis connected successfully 
2026-04-28 14:25:07 [INFO]: Redis initialized and connected 
2026-04-28 14:25:07 [INFO]: Redis connected successfully 
2026-04-28 14:25:07 [INFO]: Socket.IO server initialized 
2026-04-28 14:25:07 [INFO]: getting to  port .. 
2026-04-28 14:25:07 [INFO]: Server running on port 3000 
2026-04-28 14:25:10 [INFO]: ... end of ther server call.. 
2026-04-28 14:25:10 [INFO]: Database pool connected 
2026-04-28 14:25:10 [INFO]: Database extensions initialized 
2026-04-28 14:25:10 [INFO]: Database connected successfully at Tue Apr 28 2026 14:25:10 GMT+0100 (West Africa Time) 
2026-04-28 14:25:10 [INFO]: Database connected successfully 
2026-04-28 14:25:10 [INFO]: Redis connecting... 
2026-04-28 14:25:10 [INFO]: Redis connected successfully 
2026-04-28 14:25:10 [INFO]: Redis initialized and connected 
2026-04-28 14:25:10 [INFO]: Redis connected successfully 
2026-04-28 14:25:10 [INFO]: Socket.IO server initialized 
2026-04-28 14:25:10 [INFO]: getting to  port .. 
2026-04-28 14:25:10 [INFO]: Server running on port 3000 
2026-04-28 14:25:14 [INFO]: ... end of ther server call.. 
2026-04-28 14:25:14 [INFO]: Database pool connected 
2026-04-28 14:25:14 [INFO]: Database extensions initialized 
2026-04-28 14:25:14 [INFO]: Database connected successfully at Tue Apr 28 2026 14:25:14 GMT+0100 (West Africa Time) 
2026-04-28 14:25:14 [INFO]: Database connected successfully 
2026-04-28 14:25:14 [INFO]: Redis connecting... 
2026-04-28 14:25:14 [INFO]: Redis connected successfully 
2026-04-28 14:25:14 [INFO]: Redis initialized and connected 
2026-04-28 14:25:14 [INFO]: Redis connected successfully 
2026-04-28 14:25:14 [INFO]: Socket.IO server initialized 
2026-04-28 14:25:14 [INFO]: getting to  port .. 
2026-04-28 14:25:14 [INFO]: Server running on port 3000 
2026-04-28 14:25:16 [INFO]: ... end of ther server call.. 
2026-04-28 14:25:16 [INFO]: Database pool connected 
2026-04-28 14:25:16 [INFO]: Database extensions initialized 
2026-04-28 14:25:16 [INFO]: Database connected successfully at Tue Apr 28 2026 14:25:16 GMT+0100 (West Africa Time) 
2026-04-28 14:25:16 [INFO]: Database connected successfully 
2026-04-28 14:25:16 [INFO]: Redis connecting... 
2026-04-28 14:25:16 [INFO]: Redis connected successfully 
2026-04-28 14:25:16 [INFO]: Redis initialized and connected 
2026-04-28 14:25:16 [INFO]: Redis connected successfully 
2026-04-28 14:25:16 [INFO]: Socket.IO server initialized 
2026-04-28 14:25:16 [INFO]: getting to  port .. 
2026-04-28 14:25:16 [INFO]: Server running on port 3000 
2026-04-28 14:25:19 [INFO]: ... end of ther server call.. 
2026-04-28 14:25:19 [INFO]: Database pool connected 
2026-04-28 14:25:19 [INFO]: Database extensions initialized 
2026-04-28 14:25:19 [INFO]: Database connected successfully at Tue Apr 28 2026 14:25:19 GMT+0100 (West Africa Time) 
2026-04-28 14:25:19 [INFO]: Database connected successfully 
2026-04-28 14:25:19 [INFO]: Redis connecting... 
2026-04-28 14:25:19 [INFO]: Redis connected successfully 
2026-04-28 14:25:19 [INFO]: Redis initialized and connected 
2026-04-28 14:25:19 [INFO]: Redis connected successfully 
2026-04-28 14:25:19 [INFO]: Socket.IO server initialized 
2026-04-28 14:25:19 [INFO]: getting to  port .. 
2026-04-28 14:25:19 [INFO]: Server running on port 3000 
2026-04-28 14:26:31 [INFO]: Database pool connected 
2026-04-28 14:26:31 [INFO]: Test environment - Email OTP for joe@gmail.com: 625450 
2026-04-28 14:27:42 [INFO]: Database pool connected 
2026-04-28 14:27:42 [INFO]: Test environment - Email OTP for joe@gmail.com: 207198 
2026-04-28 14:28:29 [INFO]: Database pool connected 
2026-04-28 14:28:30 [INFO]: Email verified: joe@gmail.com 
2026-04-28 14:30:31 [INFO]: Database pool connected 
2026-04-28 14:30:31 [INFO]: Test environment - Phone OTP for +2348022688674: 824831 
2026-04-28 14:34:47 [INFO]: ... end of ther server call.. 
2026-04-28 14:34:47 [INFO]: Database pool connected 
2026-04-28 14:34:47 [INFO]: Database extensions initialized 
2026-04-28 14:34:47 [INFO]: Database connected successfully at Tue Apr 28 2026 14:34:47 GMT+0100 (West Africa Time) 
2026-04-28 14:34:47 [INFO]: Database connected successfully 
2026-04-28 14:34:47 [INFO]: Redis connecting... 
2026-04-28 14:34:47 [INFO]: Redis connected successfully 
2026-04-28 14:34:47 [INFO]: Redis initialized and connected 
2026-04-28 14:34:47 [INFO]: Redis connected successfully 
2026-04-28 14:34:47 [INFO]: Socket.IO server initialized 
2026-04-28 14:34:47 [INFO]: getting to  port .. 
2026-04-28 14:34:47 [INFO]: Server running on port 3000 
2026-04-28 14:35:13 [INFO]: ... end of ther server call.. 
2026-04-28 14:35:13 [INFO]: Database pool connected 
2026-04-28 14:35:13 [INFO]: Database extensions initialized 
2026-04-28 14:35:13 [INFO]: Database connected successfully at Tue Apr 28 2026 14:35:13 GMT+0100 (West Africa Time) 
2026-04-28 14:35:13 [INFO]: Database connected successfully 
2026-04-28 14:35:13 [INFO]: Redis connecting... 
2026-04-28 14:35:13 [INFO]: Redis connected successfully 
2026-04-28 14:35:13 [INFO]: Redis initialized and connected 
2026-04-28 14:35:13 [INFO]: Redis connected successfully 
2026-04-28 14:35:13 [INFO]: Socket.IO server initialized 
2026-04-28 14:35:13 [INFO]: getting to  port .. 
2026-04-28 14:35:13 [INFO]: Server running on port 3000 
2026-04-28 14:35:22 [INFO]: ... end of ther server call.. 
2026-04-28 14:35:22 [INFO]: Database pool connected 
2026-04-28 14:35:22 [INFO]: Database extensions initialized 
2026-04-28 14:35:22 [INFO]: Database connected successfully at Tue Apr 28 2026 14:35:22 GMT+0100 (West Africa Time) 
2026-04-28 14:35:22 [INFO]: Database connected successfully 
2026-04-28 14:35:22 [INFO]: Redis connecting... 
2026-04-28 14:35:22 [INFO]: Redis connected successfully 
2026-04-28 14:35:22 [INFO]: Redis initialized and connected 
2026-04-28 14:35:22 [INFO]: Redis connected successfully 
2026-04-28 14:35:22 [INFO]: Socket.IO server initialized 
2026-04-28 14:35:22 [INFO]: getting to  port .. 
2026-04-28 14:35:22 [INFO]: Server running on port 3000 
2026-04-28 14:35:25 [INFO]: ... end of ther server call.. 
2026-04-28 14:35:25 [INFO]: Database pool connected 
2026-04-28 14:35:25 [INFO]: Database extensions initialized 
2026-04-28 14:35:25 [INFO]: Database connected successfully at Tue Apr 28 2026 14:35:25 GMT+0100 (West Africa Time) 
2026-04-28 14:35:25 [INFO]: Database connected successfully 
2026-04-28 14:35:25 [INFO]: Redis connecting... 
2026-04-28 14:35:25 [INFO]: Redis connected successfully 
2026-04-28 14:35:25 [INFO]: Redis initialized and connected 
2026-04-28 14:35:25 [INFO]: Redis connected successfully 
2026-04-28 14:35:25 [INFO]: Socket.IO server initialized 
2026-04-28 14:35:25 [INFO]: getting to  port .. 
2026-04-28 14:35:25 [INFO]: Server running on port 3000 
2026-04-28 14:35:26 [INFO]: ... end of ther server call.. 
2026-04-28 14:35:26 [INFO]: Database pool connected 
2026-04-28 14:35:26 [INFO]: Database extensions initialized 
2026-04-28 14:35:26 [INFO]: Database connected successfully at Tue Apr 28 2026 14:35:26 GMT+0100 (West Africa Time) 
2026-04-28 14:35:26 [INFO]: Database connected successfully 
2026-04-28 14:35:26 [INFO]: Redis connecting... 
2026-04-28 14:35:26 [INFO]: Redis connected successfully 
2026-04-28 14:35:26 [INFO]: Redis initialized and connected 
2026-04-28 14:35:26 [INFO]: Redis connected successfully 
2026-04-28 14:35:26 [INFO]: Socket.IO server initialized 
2026-04-28 14:35:26 [INFO]: getting to  port .. 
2026-04-28 14:35:26 [INFO]: Server running on port 3000 
2026-04-28 14:35:34 [INFO]: ... end of ther server call.. 
2026-04-28 14:35:34 [INFO]: Database pool connected 
2026-04-28 14:35:34 [INFO]: Database extensions initialized 
2026-04-28 14:35:34 [INFO]: Database connected successfully at Tue Apr 28 2026 14:35:34 GMT+0100 (West Africa Time) 
2026-04-28 14:35:34 [INFO]: Database connected successfully 
2026-04-28 14:35:34 [INFO]: Redis connecting... 
2026-04-28 14:35:34 [INFO]: Redis connected successfully 
2026-04-28 14:35:34 [INFO]: Redis initialized and connected 
2026-04-28 14:35:34 [INFO]: Redis connected successfully 
2026-04-28 14:35:34 [INFO]: Socket.IO server initialized 
2026-04-28 14:35:34 [INFO]: getting to  port .. 
2026-04-28 14:35:34 [INFO]: Server running on port 3000 
2026-04-28 14:35:42 [INFO]: ... end of ther server call.. 
2026-04-28 14:35:42 [INFO]: Database pool connected 
2026-04-28 14:35:42 [INFO]: Database extensions initialized 
2026-04-28 14:35:42 [INFO]: Database connected successfully at Tue Apr 28 2026 14:35:42 GMT+0100 (West Africa Time) 
2026-04-28 14:35:42 [INFO]: Database connected successfully 
2026-04-28 14:35:42 [INFO]: Redis connecting... 
2026-04-28 14:35:42 [INFO]: Redis connected successfully 
2026-04-28 14:35:42 [INFO]: Redis initialized and connected 
2026-04-28 14:35:42 [INFO]: Redis connected successfully 
2026-04-28 14:35:42 [INFO]: Socket.IO server initialized 
2026-04-28 14:35:42 [INFO]: getting to  port .. 
2026-04-28 14:35:42 [INFO]: Server running on port 3000 
2026-04-28 14:35:50 [INFO]: ... end of ther server call.. 
2026-04-28 14:35:50 [INFO]: Database pool connected 
2026-04-28 14:35:50 [INFO]: Database extensions initialized 
2026-04-28 14:35:50 [INFO]: Database connected successfully at Tue Apr 28 2026 14:35:50 GMT+0100 (West Africa Time) 
2026-04-28 14:35:50 [INFO]: Database connected successfully 
2026-04-28 14:35:50 [INFO]: Redis connecting... 
2026-04-28 14:35:50 [INFO]: Redis connected successfully 
2026-04-28 14:35:50 [INFO]: Redis initialized and connected 
2026-04-28 14:35:50 [INFO]: Redis connected successfully 
2026-04-28 14:35:50 [INFO]: Socket.IO server initialized 
2026-04-28 14:35:50 [INFO]: getting to  port .. 
2026-04-28 14:35:50 [INFO]: Server running on port 3000 
2026-04-28 14:37:11 [INFO]: ... end of ther server call.. 
2026-04-28 14:37:11 [INFO]: Database pool connected 
2026-04-28 14:37:11 [INFO]: Database extensions initialized 
2026-04-28 14:37:11 [INFO]: Database connected successfully at Tue Apr 28 2026 14:37:11 GMT+0100 (West Africa Time) 
2026-04-28 14:37:11 [INFO]: Database connected successfully 
2026-04-28 14:37:11 [INFO]: Redis connecting... 
2026-04-28 14:37:11 [INFO]: Redis connected successfully 
2026-04-28 14:37:11 [INFO]: Redis initialized and connected 
2026-04-28 14:37:11 [INFO]: Redis connected successfully 
2026-04-28 14:37:11 [INFO]: Socket.IO server initialized 
2026-04-28 14:37:11 [INFO]: getting to  port .. 
2026-04-28 14:37:11 [INFO]: Server running on port 3000 
2026-04-28 14:37:32 [INFO]: ... end of ther server call.. 
2026-04-28 14:37:32 [INFO]: Database pool connected 
2026-04-28 14:37:32 [INFO]: Database extensions initialized 
2026-04-28 14:37:32 [INFO]: Database connected successfully at Tue Apr 28 2026 14:37:32 GMT+0100 (West Africa Time) 
2026-04-28 14:37:32 [INFO]: Database connected successfully 
2026-04-28 14:37:32 [INFO]: Redis connecting... 
2026-04-28 14:37:32 [INFO]: Redis connected successfully 
2026-04-28 14:37:32 [INFO]: Redis initialized and connected 
2026-04-28 14:37:32 [INFO]: Redis connected successfully 
2026-04-28 14:37:32 [INFO]: Socket.IO server initialized 
2026-04-28 14:37:32 [INFO]: getting to  port .. 
2026-04-28 14:37:32 [INFO]: Server running on port 3000 
2026-04-28 14:37:37 [INFO]: ... end of ther server call.. 
2026-04-28 14:37:37 [INFO]: Database pool connected 
2026-04-28 14:37:37 [INFO]: Database extensions initialized 
2026-04-28 14:37:37 [INFO]: Database connected successfully at Tue Apr 28 2026 14:37:37 GMT+0100 (West Africa Time) 
2026-04-28 14:37:37 [INFO]: Database connected successfully 
2026-04-28 14:37:37 [INFO]: Redis connecting... 
2026-04-28 14:37:37 [INFO]: Redis connected successfully 
2026-04-28 14:37:37 [INFO]: Redis initialized and connected 
2026-04-28 14:37:37 [INFO]: Redis connected successfully 
2026-04-28 14:37:37 [INFO]: Socket.IO server initialized 
2026-04-28 14:37:37 [INFO]: getting to  port .. 
2026-04-28 14:37:37 [INFO]: Server running on port 3000 
2026-04-28 14:37:38 [INFO]: ... end of ther server call.. 
2026-04-28 14:37:38 [INFO]: Database pool connected 
2026-04-28 14:37:38 [INFO]: Database extensions initialized 
2026-04-28 14:37:38 [INFO]: Database connected successfully at Tue Apr 28 2026 14:37:38 GMT+0100 (West Africa Time) 
2026-04-28 14:37:38 [INFO]: Database connected successfully 
2026-04-28 14:37:38 [INFO]: Redis connecting... 
2026-04-28 14:37:38 [INFO]: Redis connected successfully 
2026-04-28 14:37:38 [INFO]: Redis initialized and connected 
2026-04-28 14:37:38 [INFO]: Redis connected successfully 
2026-04-28 14:37:38 [INFO]: Socket.IO server initialized 
2026-04-28 14:37:38 [INFO]: getting to  port .. 
2026-04-28 14:37:38 [INFO]: Server running on port 3000 
2026-04-28 14:37:41 [INFO]: ... end of ther server call.. 
2026-04-28 14:37:41 [INFO]: Database pool connected 
2026-04-28 14:37:41 [INFO]: Database extensions initialized 
2026-04-28 14:37:41 [INFO]: Database connected successfully at Tue Apr 28 2026 14:37:41 GMT+0100 (West Africa Time) 
2026-04-28 14:37:41 [INFO]: Database connected successfully 
2026-04-28 14:37:41 [INFO]: Redis connecting... 
2026-04-28 14:37:41 [INFO]: Redis connected successfully 
2026-04-28 14:37:41 [INFO]: Redis initialized and connected 
2026-04-28 14:37:41 [INFO]: Redis connected successfully 
2026-04-28 14:37:41 [INFO]: Socket.IO server initialized 
2026-04-28 14:37:41 [INFO]: getting to  port .. 
2026-04-28 14:37:41 [INFO]: Server running on port 3000 
2026-04-28 14:37:44 [INFO]: ... end of ther server call.. 
2026-04-28 14:37:44 [INFO]: Database pool connected 
2026-04-28 14:37:44 [INFO]: Database extensions initialized 
2026-04-28 14:37:44 [INFO]: Database connected successfully at Tue Apr 28 2026 14:37:44 GMT+0100 (West Africa Time) 
2026-04-28 14:37:44 [INFO]: Database connected successfully 
2026-04-28 14:37:44 [INFO]: Redis connecting... 
2026-04-28 14:37:44 [INFO]: Redis connected successfully 
2026-04-28 14:37:44 [INFO]: Redis initialized and connected 
2026-04-28 14:37:44 [INFO]: Redis connected successfully 
2026-04-28 14:37:44 [INFO]: Socket.IO server initialized 
2026-04-28 14:37:44 [INFO]: getting to  port .. 
2026-04-28 14:37:44 [INFO]: Server running on port 3000 
2026-04-28 14:37:49 [INFO]: ... end of ther server call.. 
2026-04-28 14:37:49 [INFO]: Database pool connected 
2026-04-28 14:37:49 [INFO]: Database extensions initialized 
2026-04-28 14:37:49 [INFO]: Database connected successfully at Tue Apr 28 2026 14:37:49 GMT+0100 (West Africa Time) 
2026-04-28 14:37:49 [INFO]: Database connected successfully 
2026-04-28 14:37:49 [INFO]: Redis connecting... 
2026-04-28 14:37:49 [INFO]: Redis connected successfully 
2026-04-28 14:37:49 [INFO]: Redis initialized and connected 
2026-04-28 14:37:49 [INFO]: Redis connected successfully 
2026-04-28 14:37:49 [INFO]: Socket.IO server initialized 
2026-04-28 14:37:49 [INFO]: getting to  port .. 
2026-04-28 14:37:49 [INFO]: Server running on port 3000 
2026-04-28 14:42:12 [INFO]: ... end of ther server call.. 
2026-04-28 14:42:12 [INFO]: Database pool connected 
2026-04-28 14:42:12 [INFO]: Database extensions initialized 
2026-04-28 14:42:12 [INFO]: Database connected successfully at Tue Apr 28 2026 14:42:12 GMT+0100 (West Africa Time) 
2026-04-28 14:42:12 [INFO]: Database connected successfully 
2026-04-28 14:42:12 [INFO]: Redis connecting... 
2026-04-28 14:42:12 [INFO]: Redis connected successfully 
2026-04-28 14:42:12 [INFO]: Redis initialized and connected 
2026-04-28 14:42:12 [INFO]: Redis connected successfully 
2026-04-28 14:42:12 [INFO]: Socket.IO server initialized 
2026-04-28 14:42:12 [INFO]: getting to  port .. 
2026-04-28 14:42:12 [INFO]: Server running on port 3000 
2026-04-28 14:44:39 [INFO]: ... end of ther server call.. 
2026-04-28 14:44:39 [INFO]: Database pool connected 
2026-04-28 14:44:39 [INFO]: Database extensions initialized 
2026-04-28 14:44:39 [INFO]: Database connected successfully at Tue Apr 28 2026 14:44:39 GMT+0100 (West Africa Time) 
2026-04-28 14:44:39 [INFO]: Database connected successfully 
2026-04-28 14:44:39 [INFO]: Redis connecting... 
2026-04-28 14:44:39 [INFO]: Redis connected successfully 
2026-04-28 14:44:39 [INFO]: Redis initialized and connected 
2026-04-28 14:44:39 [INFO]: Redis connected successfully 
2026-04-28 14:44:39 [INFO]: Socket.IO server initialized 
2026-04-28 14:44:39 [INFO]: getting to  port .. 
2026-04-28 14:44:39 [INFO]: Server running on port 3000 
2026-04-28 14:44:44 [INFO]: ... end of ther server call.. 
2026-04-28 14:44:44 [INFO]: Database pool connected 
2026-04-28 14:44:44 [INFO]: Database extensions initialized 
2026-04-28 14:44:44 [INFO]: Database connected successfully at Tue Apr 28 2026 14:44:44 GMT+0100 (West Africa Time) 
2026-04-28 14:44:44 [INFO]: Database connected successfully 
2026-04-28 14:44:44 [INFO]: Redis connecting... 
2026-04-28 14:44:44 [INFO]: Redis connected successfully 
2026-04-28 14:44:44 [INFO]: Redis initialized and connected 
2026-04-28 14:44:44 [INFO]: Redis connected successfully 
2026-04-28 14:44:44 [INFO]: Socket.IO server initialized 
2026-04-28 14:44:44 [INFO]: getting to  port .. 
2026-04-28 14:44:44 [INFO]: Server running on port 3000 
2026-04-28 15:03:25 [INFO]: Database pool connected 
2026-04-28 15:03:26 [INFO]: Test environment - Password reset link for joe@gmail.com: https://beaverworks.com/reset-password?token=eyJhbGciOiJIUzI1NiIsInR5cCI6IkpXVCJ9.eyJ1c2VySWQiOiI1YTg5MWY5Mi0wODFhLTRjZjQtOTMxYi1hNDM0MjgwMDg0OWQiLCJwdXJwb3NlIjoicGFzc3dvcmRfcmVzZXQiLCJpYXQiOjE3NzczODUwMDYsImV4cCI6MTc3NzM4ODYwNn0._ce1-nmAh9Y7-EcQRd3DD4To_A4KRtnTa1mfZJvkhEA 
2026-04-28 15:03:26 [INFO]: Password reset requested for: joe@gmail.com 
2026-04-28 15:09:47 [INFO]: ... end of ther server call.. 
2026-04-28 15:09:47 [INFO]: Database pool connected 
2026-04-28 15:09:47 [INFO]: Database extensions initialized 
2026-04-28 15:09:47 [INFO]: Database connected successfully at Tue Apr 28 2026 15:09:47 GMT+0100 (West Africa Time) 
2026-04-28 15:09:47 [INFO]: Database connected successfully 
2026-04-28 15:09:47 [INFO]: Redis connecting... 
2026-04-28 15:09:47 [INFO]: Redis connected successfully 
2026-04-28 15:09:47 [INFO]: Redis initialized and connected 
2026-04-28 15:09:47 [INFO]: Redis connected successfully 
2026-04-28 15:09:47 [INFO]: Socket.IO server initialized 
2026-04-28 15:09:47 [INFO]: getting to  port .. 
2026-04-28 15:09:47 [INFO]: Server running on port 3000 
2026-04-28 15:09:58 [INFO]: ... end of ther server call.. 
2026-04-28 15:09:58 [INFO]: Database pool connected 
2026-04-28 15:09:58 [INFO]: Database extensions initialized 
2026-04-28 15:09:58 [INFO]: Database connected successfully at Tue Apr 28 2026 15:09:58 GMT+0100 (West Africa Time) 
2026-04-28 15:09:58 [INFO]: Database connected successfully 
2026-04-28 15:09:58 [INFO]: Redis connecting... 
2026-04-28 15:09:58 [INFO]: Redis connected successfully 
2026-04-28 15:09:58 [INFO]: Redis initialized and connected 
2026-04-28 15:09:58 [INFO]: Redis connected successfully 
2026-04-28 15:09:58 [INFO]: Socket.IO server initialized 
2026-04-28 15:09:58 [INFO]: getting to  port .. 
2026-04-28 15:09:58 [INFO]: Server running on port 3000 
2026-04-28 15:10:03 [INFO]: ... end of ther server call.. 
2026-04-28 15:10:03 [INFO]: Database pool connected 
2026-04-28 15:10:03 [INFO]: Database extensions initialized 
2026-04-28 15:10:03 [INFO]: Database connected successfully at Tue Apr 28 2026 15:10:03 GMT+0100 (West Africa Time) 
2026-04-28 15:10:03 [INFO]: Database connected successfully 
2026-04-28 15:10:03 [INFO]: Redis connecting... 
2026-04-28 15:10:03 [INFO]: Redis connected successfully 
2026-04-28 15:10:03 [INFO]: Redis initialized and connected 
2026-04-28 15:10:03 [INFO]: Redis connected successfully 
2026-04-28 15:10:03 [INFO]: Socket.IO server initialized 
2026-04-28 15:10:03 [INFO]: getting to  port .. 
2026-04-28 15:10:03 [INFO]: Server running on port 3000 
2026-04-28 15:11:38 [INFO]: ... end of ther server call.. 
2026-04-28 15:11:38 [INFO]: Database pool connected 
2026-04-28 15:11:38 [INFO]: Database extensions initialized 
2026-04-28 15:11:38 [INFO]: Database connected successfully at Tue Apr 28 2026 15:11:38 GMT+0100 (West Africa Time) 
2026-04-28 15:11:38 [INFO]: Database connected successfully 
2026-04-28 15:11:38 [INFO]: Redis connecting... 
2026-04-28 15:11:38 [INFO]: Redis connected successfully 
2026-04-28 15:11:38 [INFO]: Redis initialized and connected 
2026-04-28 15:11:38 [INFO]: Redis connected successfully 
2026-04-28 15:11:38 [INFO]: Socket.IO server initialized 
2026-04-28 15:11:38 [INFO]: getting to  port .. 
2026-04-28 15:11:38 [INFO]: Server running on port 3000 
2026-04-28 15:11:40 [INFO]: ... end of ther server call.. 
2026-04-28 15:11:40 [INFO]: Database pool connected 
2026-04-28 15:11:40 [INFO]: Database extensions initialized 
2026-04-28 15:11:40 [INFO]: Database connected successfully at Tue Apr 28 2026 15:11:40 GMT+0100 (West Africa Time) 
2026-04-28 15:11:40 [INFO]: Database connected successfully 
2026-04-28 15:11:40 [INFO]: Redis connecting... 
2026-04-28 15:11:40 [INFO]: Redis connected successfully 
2026-04-28 15:11:40 [INFO]: Redis initialized and connected 
2026-04-28 15:11:40 [INFO]: Redis connected successfully 
2026-04-28 15:11:40 [INFO]: Socket.IO server initialized 
2026-04-28 15:11:40 [INFO]: getting to  port .. 
2026-04-28 15:11:40 [INFO]: Server running on port 3000 
2026-04-28 15:11:47 [INFO]: ... end of ther server call.. 
2026-04-28 15:11:48 [INFO]: Database pool connected 
2026-04-28 15:11:48 [INFO]: Database extensions initialized 
2026-04-28 15:11:48 [INFO]: Database connected successfully at Tue Apr 28 2026 15:11:48 GMT+0100 (West Africa Time) 
2026-04-28 15:11:48 [INFO]: Database connected successfully 
2026-04-28 15:11:48 [INFO]: Redis connecting... 
2026-04-28 15:11:48 [INFO]: Redis connected successfully 
2026-04-28 15:11:48 [INFO]: Redis initialized and connected 
2026-04-28 15:11:48 [INFO]: Redis connected successfully 
2026-04-28 15:11:48 [INFO]: Socket.IO server initialized 
2026-04-28 15:11:48 [INFO]: getting to  port .. 
2026-04-28 15:11:48 [INFO]: Server running on port 3000 
2026-04-28 15:11:52 [INFO]: ... end of ther server call.. 
2026-04-28 15:11:52 [INFO]: Database pool connected 
2026-04-28 15:11:52 [INFO]: Database extensions initialized 
2026-04-28 15:11:52 [INFO]: Database connected successfully at Tue Apr 28 2026 15:11:52 GMT+0100 (West Africa Time) 
2026-04-28 15:11:52 [INFO]: Database connected successfully 
2026-04-28 15:11:52 [INFO]: Redis connecting... 
2026-04-28 15:11:52 [INFO]: Redis connected successfully 
2026-04-28 15:11:52 [INFO]: Redis initialized and connected 
2026-04-28 15:11:52 [INFO]: Redis connected successfully 
2026-04-28 15:11:52 [INFO]: Socket.IO server initialized 
2026-04-28 15:11:52 [INFO]: getting to  port .. 
2026-04-28 15:11:52 [INFO]: Server running on port 3000 
2026-04-28 15:11:56 [INFO]: ... end of ther server call.. 
2026-04-28 15:11:56 [INFO]: Database pool connected 
2026-04-28 15:11:56 [INFO]: Database extensions initialized 
2026-04-28 15:11:56 [INFO]: Database connected successfully at Tue Apr 28 2026 15:11:56 GMT+0100 (West Africa Time) 
2026-04-28 15:11:56 [INFO]: Database connected successfully 
2026-04-28 15:11:56 [INFO]: Redis connecting... 
2026-04-28 15:11:56 [INFO]: Redis connected successfully 
2026-04-28 15:11:56 [INFO]: Redis initialized and connected 
2026-04-28 15:11:56 [INFO]: Redis connected successfully 
2026-04-28 15:11:56 [INFO]: Socket.IO server initialized 
2026-04-28 15:11:56 [INFO]: getting to  port .. 
2026-04-28 15:11:56 [INFO]: Server running on port 3000 
2026-04-28 15:14:51 [INFO]: Database pool connected 
2026-04-28 15:14:52 [INFO]: Password reset for user: 5a891f92-081a-4cf4-931b-a4342800849d 
2026-04-28 15:17:08 [INFO]: ... end of ther server call.. 
2026-04-28 15:17:08 [INFO]: Database pool connected 
2026-04-28 15:17:08 [INFO]: Database extensions initialized 
2026-04-28 15:17:08 [INFO]: Database connected successfully at Tue Apr 28 2026 15:17:08 GMT+0100 (West Africa Time) 
2026-04-28 15:17:08 [INFO]: Database connected successfully 
2026-04-28 15:17:08 [INFO]: Redis connecting... 
2026-04-28 15:17:08 [INFO]: Redis connected successfully 
2026-04-28 15:17:08 [INFO]: Redis initialized and connected 
2026-04-28 15:17:08 [INFO]: Redis connected successfully 
2026-04-28 15:17:08 [INFO]: Socket.IO server initialized 
2026-04-28 15:17:08 [INFO]: getting to  port .. 
2026-04-28 15:17:08 [INFO]: Server running on port 3000 
2026-04-28 15:17:11 [INFO]: ... end of ther server call.. 
2026-04-28 15:17:11 [INFO]: Database pool connected 
2026-04-28 15:17:11 [INFO]: Database extensions initialized 
2026-04-28 15:17:11 [INFO]: Database connected successfully at Tue Apr 28 2026 15:17:11 GMT+0100 (West Africa Time) 
2026-04-28 15:17:11 [INFO]: Database connected successfully 
2026-04-28 15:17:11 [INFO]: Redis connecting... 
2026-04-28 15:17:11 [INFO]: Redis connected successfully 
2026-04-28 15:17:11 [INFO]: Redis initialized and connected 
2026-04-28 15:17:11 [INFO]: Redis connected successfully 
2026-04-28 15:17:11 [INFO]: Socket.IO server initialized 
2026-04-28 15:17:11 [INFO]: getting to  port .. 
2026-04-28 15:17:11 [INFO]: Server running on port 3000 
2026-04-28 15:17:16 [INFO]: ... end of ther server call.. 
2026-04-28 15:17:16 [INFO]: Database pool connected 
2026-04-28 15:17:16 [INFO]: Database extensions initialized 
2026-04-28 15:17:16 [INFO]: Database connected successfully at Tue Apr 28 2026 15:17:16 GMT+0100 (West Africa Time) 
2026-04-28 15:17:16 [INFO]: Database connected successfully 
2026-04-28 15:17:16 [INFO]: Redis connecting... 
2026-04-28 15:17:16 [INFO]: Redis connected successfully 
2026-04-28 15:17:16 [INFO]: Redis initialized and connected 
2026-04-28 15:17:16 [INFO]: Redis connected successfully 
2026-04-28 15:17:16 [INFO]: Socket.IO server initialized 
2026-04-28 15:17:16 [INFO]: getting to  port .. 
2026-04-28 15:17:16 [INFO]: Server running on port 3000 
2026-04-28 15:17:22 [INFO]: ... end of ther server call.. 
2026-04-28 15:17:22 [INFO]: Database pool connected 
2026-04-28 15:17:22 [INFO]: Database extensions initialized 
2026-04-28 15:17:22 [INFO]: Database connected successfully at Tue Apr 28 2026 15:17:22 GMT+0100 (West Africa Time) 
2026-04-28 15:17:22 [INFO]: Database connected successfully 
2026-04-28 15:17:22 [INFO]: Redis connecting... 
2026-04-28 15:17:22 [INFO]: Redis connected successfully 
2026-04-28 15:17:22 [INFO]: Redis initialized and connected 
2026-04-28 15:17:22 [INFO]: Redis connected successfully 
2026-04-28 15:17:22 [INFO]: Socket.IO server initialized 
2026-04-28 15:17:22 [INFO]: getting to  port .. 
2026-04-28 15:17:22 [INFO]: Server running on port 3000 
2026-04-28 15:17:26 [INFO]: ... end of ther server call.. 
2026-04-28 15:17:26 [INFO]: Database pool connected 
2026-04-28 15:17:26 [INFO]: Database extensions initialized 
2026-04-28 15:17:26 [INFO]: Database connected successfully at Tue Apr 28 2026 15:17:26 GMT+0100 (West Africa Time) 
2026-04-28 15:17:26 [INFO]: Database connected successfully 
2026-04-28 15:17:26 [INFO]: Redis connecting... 
2026-04-28 15:17:26 [INFO]: Redis connected successfully 
2026-04-28 15:17:26 [INFO]: Redis initialized and connected 
2026-04-28 15:17:26 [INFO]: Redis connected successfully 
2026-04-28 15:17:26 [INFO]: Socket.IO server initialized 
2026-04-28 15:17:26 [INFO]: getting to  port .. 
2026-04-28 15:17:26 [INFO]: Server running on port 3000 
2026-04-28 15:17:35 [INFO]: ... end of ther server call.. 
2026-04-28 15:17:35 [INFO]: Database pool connected 
2026-04-28 15:17:35 [INFO]: Database extensions initialized 
2026-04-28 15:17:35 [INFO]: Database connected successfully at Tue Apr 28 2026 15:17:35 GMT+0100 (West Africa Time) 
2026-04-28 15:17:35 [INFO]: Database connected successfully 
2026-04-28 15:17:35 [INFO]: Redis connecting... 
2026-04-28 15:17:35 [INFO]: Redis connected successfully 
2026-04-28 15:17:35 [INFO]: Redis initialized and connected 
2026-04-28 15:17:35 [INFO]: Redis connected successfully 
2026-04-28 15:17:35 [INFO]: Socket.IO server initialized 
2026-04-28 15:17:35 [INFO]: getting to  port .. 
2026-04-28 15:17:35 [INFO]: Server running on port 3000 
2026-04-28 15:17:40 [INFO]: ... end of ther server call.. 
2026-04-28 15:17:40 [INFO]: Database pool connected 
2026-04-28 15:17:40 [INFO]: Database extensions initialized 
2026-04-28 15:17:40 [INFO]: Database connected successfully at Tue Apr 28 2026 15:17:40 GMT+0100 (West Africa Time) 
2026-04-28 15:17:40 [INFO]: Database connected successfully 
2026-04-28 15:17:40 [INFO]: Redis connecting... 
2026-04-28 15:17:40 [INFO]: Redis connected successfully 
2026-04-28 15:17:40 [INFO]: Redis initialized and connected 
2026-04-28 15:17:40 [INFO]: Redis connected successfully 
2026-04-28 15:17:40 [INFO]: Socket.IO server initialized 
2026-04-28 15:17:40 [INFO]: getting to  port .. 
2026-04-28 15:17:40 [INFO]: Server running on port 3000 
2026-04-28 15:17:48 [INFO]: ... end of ther server call.. 
2026-04-28 15:17:48 [INFO]: Database pool connected 
2026-04-28 15:17:48 [INFO]: Database extensions initialized 
2026-04-28 15:17:48 [INFO]: Database connected successfully at Tue Apr 28 2026 15:17:48 GMT+0100 (West Africa Time) 
2026-04-28 15:17:48 [INFO]: Database connected successfully 
2026-04-28 15:17:48 [INFO]: Redis connecting... 
2026-04-28 15:17:48 [INFO]: Redis connected successfully 
2026-04-28 15:17:48 [INFO]: Redis initialized and connected 
2026-04-28 15:17:48 [INFO]: Redis connected successfully 
2026-04-28 15:17:48 [INFO]: Socket.IO server initialized 
2026-04-28 15:17:48 [INFO]: getting to  port .. 
2026-04-28 15:17:48 [INFO]: Server running on port 3000 
2026-04-28 15:18:15 [INFO]: ... end of ther server call.. 
2026-04-28 15:18:15 [INFO]: Database pool connected 
2026-04-28 15:18:15 [INFO]: Database extensions initialized 
2026-04-28 15:18:15 [INFO]: Database connected successfully at Tue Apr 28 2026 15:18:15 GMT+0100 (West Africa Time) 
2026-04-28 15:18:15 [INFO]: Database connected successfully 
2026-04-28 15:18:15 [INFO]: Redis connecting... 
2026-04-28 15:18:15 [INFO]: Redis connected successfully 
2026-04-28 15:18:15 [INFO]: Redis initialized and connected 
2026-04-28 15:18:15 [INFO]: Redis connected successfully 
2026-04-28 15:18:15 [INFO]: Socket.IO server initialized 
2026-04-28 15:18:15 [INFO]: getting to  port .. 
2026-04-28 15:18:15 [INFO]: Server running on port 3000 
2026-04-28 15:33:17 [INFO]: Database pool connected 
2026-04-28 15:33:18 [INFO]: User logged in: ade@gmail.com / +2348022688674 
2026-04-28 15:36:10 [INFO]: Database pool connected 
2026-04-28 15:36:10 [INFO]: Access token blacklisted for user: c1bf3b62-b5d1-4a4e-9edb-087b0f963132 
2026-04-28 15:36:11 [INFO]: User logged out: c1bf3b62-b5d1-4a4e-9edb-087b0f963132 
2026-04-28 15:36:22 [INFO]: Database pool connected 
2026-04-28 15:37:42 [INFO]: ... end of ther server call.. 
2026-04-28 15:37:42 [INFO]: Database pool connected 
2026-04-28 15:37:42 [INFO]: Database extensions initialized 
2026-04-28 15:37:42 [INFO]: Database connected successfully at Tue Apr 28 2026 15:37:42 GMT+0100 (West Africa Time) 
2026-04-28 15:37:42 [INFO]: Database connected successfully 
2026-04-28 15:37:42 [INFO]: Redis connecting... 
2026-04-28 15:37:42 [INFO]: Redis connected successfully 
2026-04-28 15:37:42 [INFO]: Redis initialized and connected 
2026-04-28 15:37:42 [INFO]: Redis connected successfully 
2026-04-28 15:37:42 [INFO]: Socket.IO server initialized 
2026-04-28 15:37:42 [INFO]: getting to  port .. 
2026-04-28 15:37:42 [INFO]: Server running on port 3000 
2026-04-28 15:37:44 [INFO]: ... end of ther server call.. 
2026-04-28 15:37:44 [INFO]: Database pool connected 
2026-04-28 15:37:44 [INFO]: Database extensions initialized 
2026-04-28 15:37:44 [INFO]: Database connected successfully at Tue Apr 28 2026 15:37:44 GMT+0100 (West Africa Time) 
2026-04-28 15:37:44 [INFO]: Database connected successfully 
2026-04-28 15:37:44 [INFO]: Redis connecting... 
2026-04-28 15:37:44 [INFO]: Redis connected successfully 
2026-04-28 15:37:44 [INFO]: Redis initialized and connected 
2026-04-28 15:37:44 [INFO]: Redis connected successfully 
2026-04-28 15:37:44 [INFO]: Socket.IO server initialized 
2026-04-28 15:37:44 [INFO]: getting to  port .. 
2026-04-28 15:37:44 [INFO]: Server running on port 3000 
2026-04-28 15:37:46 [INFO]: ... end of ther server call.. 
2026-04-28 15:37:46 [INFO]: Database pool connected 
2026-04-28 15:37:46 [INFO]: Database extensions initialized 
2026-04-28 15:37:46 [INFO]: Database connected successfully at Tue Apr 28 2026 15:37:46 GMT+0100 (West Africa Time) 
2026-04-28 15:37:46 [INFO]: Database connected successfully 
2026-04-28 15:37:46 [INFO]: Redis connecting... 
2026-04-28 15:37:46 [INFO]: Redis connected successfully 
2026-04-28 15:37:46 [INFO]: Redis initialized and connected 
2026-04-28 15:37:46 [INFO]: Redis connected successfully 
2026-04-28 15:37:46 [INFO]: Socket.IO server initialized 
2026-04-28 15:37:46 [INFO]: getting to  port .. 
2026-04-28 15:37:46 [INFO]: Server running on port 3000 
2026-04-28 15:37:53 [INFO]: ... end of ther server call.. 
2026-04-28 15:37:53 [INFO]: Database pool connected 
2026-04-28 15:37:53 [INFO]: Database extensions initialized 
2026-04-28 15:37:53 [INFO]: Database connected successfully at Tue Apr 28 2026 15:37:53 GMT+0100 (West Africa Time) 
2026-04-28 15:37:53 [INFO]: Database connected successfully 
2026-04-28 15:37:53 [INFO]: Redis connecting... 
2026-04-28 15:37:53 [INFO]: Redis connected successfully 
2026-04-28 15:37:53 [INFO]: Redis initialized and connected 
2026-04-28 15:37:53 [INFO]: Redis connected successfully 
2026-04-28 15:37:53 [INFO]: Socket.IO server initialized 
2026-04-28 15:37:53 [INFO]: getting to  port .. 
2026-04-28 15:37:53 [INFO]: Server running on port 3000 
2026-04-28 15:37:55 [INFO]: ... end of ther server call.. 
2026-04-28 15:37:55 [INFO]: Database pool connected 
2026-04-28 15:37:55 [INFO]: Database extensions initialized 
2026-04-28 15:37:55 [INFO]: Database connected successfully at Tue Apr 28 2026 15:37:55 GMT+0100 (West Africa Time) 
2026-04-28 15:37:55 [INFO]: Database connected successfully 
2026-04-28 15:37:55 [INFO]: Redis connecting... 
2026-04-28 15:37:55 [INFO]: Redis connected successfully 
2026-04-28 15:37:55 [INFO]: Redis initialized and connected 
2026-04-28 15:37:55 [INFO]: Redis connected successfully 
2026-04-28 15:37:55 [INFO]: Socket.IO server initialized 
2026-04-28 15:37:55 [INFO]: getting to  port .. 
2026-04-28 15:37:55 [INFO]: Server running on port 3000 
2026-04-28 15:37:57 [INFO]: ... end of ther server call.. 
2026-04-28 15:37:57 [INFO]: Database pool connected 
2026-04-28 15:37:57 [INFO]: Database extensions initialized 
2026-04-28 15:37:57 [INFO]: Database connected successfully at Tue Apr 28 2026 15:37:57 GMT+0100 (West Africa Time) 
2026-04-28 15:37:57 [INFO]: Database connected successfully 
2026-04-28 15:37:57 [INFO]: Redis connecting... 
2026-04-28 15:37:57 [INFO]: Redis connected successfully 
2026-04-28 15:37:57 [INFO]: Redis initialized and connected 
2026-04-28 15:37:57 [INFO]: Redis connected successfully 
2026-04-28 15:37:57 [INFO]: Socket.IO server initialized 
2026-04-28 15:37:57 [INFO]: getting to  port .. 
2026-04-28 15:37:57 [INFO]: Server running on port 3000 
2026-04-28 15:38:01 [INFO]: ... end of ther server call.. 
2026-04-28 15:38:01 [INFO]: Database pool connected 
2026-04-28 15:38:01 [INFO]: Database extensions initialized 
2026-04-28 15:38:01 [INFO]: Database connected successfully at Tue Apr 28 2026 15:38:01 GMT+0100 (West Africa Time) 
2026-04-28 15:38:01 [INFO]: Database connected successfully 
2026-04-28 15:38:01 [INFO]: Redis connecting... 
2026-04-28 15:38:01 [INFO]: Redis connected successfully 
2026-04-28 15:38:01 [INFO]: Redis initialized and connected 
2026-04-28 15:38:01 [INFO]: Redis connected successfully 
2026-04-28 15:38:01 [INFO]: Socket.IO server initialized 
2026-04-28 15:38:01 [INFO]: getting to  port .. 
2026-04-28 15:38:01 [INFO]: Server running on port 3000 
2026-04-28 15:38:06 [INFO]: ... end of ther server call.. 
2026-04-28 15:38:06 [INFO]: Database pool connected 
2026-04-28 15:38:06 [INFO]: Database extensions initialized 
2026-04-28 15:38:06 [INFO]: Database connected successfully at Tue Apr 28 2026 15:38:06 GMT+0100 (West Africa Time) 
2026-04-28 15:38:06 [INFO]: Database connected successfully 
2026-04-28 15:38:06 [INFO]: Redis connecting... 
2026-04-28 15:38:06 [INFO]: Redis connected successfully 
2026-04-28 15:38:06 [INFO]: Redis initialized and connected 
2026-04-28 15:38:06 [INFO]: Redis connected successfully 
2026-04-28 15:38:06 [INFO]: Socket.IO server initialized 
2026-04-28 15:38:06 [INFO]: getting to  port .. 
2026-04-28 15:38:06 [INFO]: Server running on port 3000 
2026-04-28 15:38:09 [INFO]: ... end of ther server call.. 
2026-04-28 15:38:09 [INFO]: Database pool connected 
2026-04-28 15:38:09 [INFO]: Database extensions initialized 
2026-04-28 15:38:09 [INFO]: Database connected successfully at Tue Apr 28 2026 15:38:09 GMT+0100 (West Africa Time) 
2026-04-28 15:38:09 [INFO]: Database connected successfully 
2026-04-28 15:38:09 [INFO]: Redis connecting... 
2026-04-28 15:38:09 [INFO]: Redis connected successfully 
2026-04-28 15:38:09 [INFO]: Redis initialized and connected 
2026-04-28 15:38:09 [INFO]: Redis connected successfully 
2026-04-28 15:38:09 [INFO]: Socket.IO server initialized 
2026-04-28 15:38:09 [INFO]: getting to  port .. 
2026-04-28 15:38:09 [INFO]: Server running on port 3000 
2026-04-28 15:38:12 [INFO]: ... end of ther server call.. 
2026-04-28 15:38:12 [INFO]: Database pool connected 
2026-04-28 15:38:12 [INFO]: Database extensions initialized 
2026-04-28 15:38:12 [INFO]: Database connected successfully at Tue Apr 28 2026 15:38:12 GMT+0100 (West Africa Time) 
2026-04-28 15:38:12 [INFO]: Database connected successfully 
2026-04-28 15:38:12 [INFO]: Redis connecting... 
2026-04-28 15:38:12 [INFO]: Redis connected successfully 
2026-04-28 15:38:12 [INFO]: Redis initialized and connected 
2026-04-28 15:38:12 [INFO]: Redis connected successfully 
2026-04-28 15:38:12 [INFO]: Socket.IO server initialized 
2026-04-28 15:38:12 [INFO]: getting to  port .. 
2026-04-28 15:38:12 [INFO]: Server running on port 3000 
2026-04-28 15:39:03 [INFO]: ... end of ther server call.. 
2026-04-28 15:39:03 [INFO]: Database pool connected 
2026-04-28 15:39:03 [INFO]: Database extensions initialized 
2026-04-28 15:39:03 [INFO]: Database connected successfully at Tue Apr 28 2026 15:39:03 GMT+0100 (West Africa Time) 
2026-04-28 15:39:03 [INFO]: Database connected successfully 
2026-04-28 15:39:03 [INFO]: Redis connecting... 
2026-04-28 15:39:03 [INFO]: Redis connected successfully 
2026-04-28 15:39:03 [INFO]: Redis initialized and connected 
2026-04-28 15:39:03 [INFO]: Redis connected successfully 
2026-04-28 15:39:03 [INFO]: Socket.IO server initialized 
2026-04-28 15:39:03 [INFO]: getting to  port .. 
2026-04-28 15:39:03 [INFO]: Server running on port 3000 
2026-04-28 15:39:30 [INFO]: Test environment - Password reset link for joe@gmail.com: https://beaverworks.com/reset-password?token=eyJhbGciOiJIUzI1NiIsInR5cCI6IkpXVCJ9.eyJ1c2VySWQiOiI1YTg5MWY5Mi0wODFhLTRjZjQtOTMxYi1hNDM0MjgwMDg0OWQiLCJwdXJwb3NlIjoicGFzc3dvcmRfcmVzZXQiLCJpYXQiOjE3NzczODcxNzAsImV4cCI6MTc3NzM5MDc3MH0.RiFMdfILpYJ9A43Oj2OE2FUAWz-jKi9EeiQSYfVu0fs 
2026-04-28 15:39:30 [INFO]: Password reset requested for: joe@gmail.com 
2026-04-28 15:40:42 [INFO]: Decoded user id :  {"0":"5","1":"a","2":"8","3":"9","4":"1","5":"f","6":"9","7":"2","8":"-","9":"0","10":"8","11":"1","12":"a","13":"-","14":"4","15":"c","16":"f","17":"4","18":"-","19":"9","20":"3","21":"1","22":"b","23":"-","24":"a","25":"4","26":"3","27":"4","28":"2","29":"8","30":"0","31":"0","32":"8","33":"4","34":"9","35":"d"}
2026-04-28 15:40:43 [INFO]: Database pool connected 
2026-04-28 15:40:43 [INFO]: Password reset for user: 5a891f92-081a-4cf4-931b-a4342800849d 
2026-04-28 15:46:53 [INFO]: Database pool connected 
2026-04-28 15:46:53 [INFO]: User logged in: ade@gmail.com / +2348022688674 
2026-04-28 15:50:36 [INFO]: Database pool connected 
2026-04-28 15:50:36 [INFO]: Test environment - Password reset link for joe@gmail.com: https://beaverworks.com/reset-password?token=eyJhbGciOiJIUzI1NiIsInR5cCI6IkpXVCJ9.eyJ1c2VySWQiOiI1YTg5MWY5Mi0wODFhLTRjZjQtOTMxYi1hNDM0MjgwMDg0OWQiLCJwdXJwb3NlIjoicGFzc3dvcmRfcmVzZXQiLCJpYXQiOjE3NzczODc4MzYsImV4cCI6MTc3NzM5MTQzNn0.jCaStKb1GFaYN349dntGiOSW2QNk8B7ISLX6CiA5l7M 
2026-04-28 15:50:36 [INFO]: Password reset requested for: joe@gmail.com 
2026-04-28 15:51:30 [INFO]: ... end of ther server call.. 
2026-04-28 15:51:30 [INFO]: Database pool connected 
2026-04-28 15:51:30 [INFO]: Database extensions initialized 
2026-04-28 15:51:30 [INFO]: Database connected successfully at Tue Apr 28 2026 15:51:30 GMT+0100 (West Africa Time) 
2026-04-28 15:51:30 [INFO]: Database connected successfully 
2026-04-28 15:51:30 [INFO]: Redis connecting... 
2026-04-28 15:51:30 [INFO]: Redis connected successfully 
2026-04-28 15:51:30 [INFO]: Redis initialized and connected 
2026-04-28 15:51:30 [INFO]: Redis connected successfully 
2026-04-28 15:51:30 [INFO]: Socket.IO server initialized 
2026-04-28 15:51:30 [INFO]: getting to  port .. 
2026-04-28 15:51:30 [INFO]: Server running on port 3000 
2026-04-28 15:51:33 [INFO]: ... end of ther server call.. 
2026-04-28 15:51:33 [INFO]: Database pool connected 
2026-04-28 15:51:33 [INFO]: Database extensions initialized 
2026-04-28 15:51:33 [INFO]: Database connected successfully at Tue Apr 28 2026 15:51:33 GMT+0100 (West Africa Time) 
2026-04-28 15:51:33 [INFO]: Database connected successfully 
2026-04-28 15:51:33 [INFO]: Redis connecting... 
2026-04-28 15:51:33 [INFO]: Redis connected successfully 
2026-04-28 15:51:33 [INFO]: Redis initialized and connected 
2026-04-28 15:51:33 [INFO]: Redis connected successfully 
2026-04-28 15:51:33 [INFO]: Socket.IO server initialized 
2026-04-28 15:51:33 [INFO]: getting to  port .. 
2026-04-28 15:51:33 [INFO]: Server running on port 3000 
2026-04-28 15:51:35 [INFO]: ... end of ther server call.. 
2026-04-28 15:51:35 [INFO]: Database pool connected 
2026-04-28 15:51:35 [INFO]: Database extensions initialized 
2026-04-28 15:51:35 [INFO]: Database connected successfully at Tue Apr 28 2026 15:51:35 GMT+0100 (West Africa Time) 
2026-04-28 15:51:35 [INFO]: Database connected successfully 
2026-04-28 15:51:35 [INFO]: Redis connecting... 
2026-04-28 15:51:35 [INFO]: Redis connected successfully 
2026-04-28 15:51:35 [INFO]: Redis initialized and connected 
2026-04-28 15:51:35 [INFO]: Redis connected successfully 
2026-04-28 15:51:35 [INFO]: Socket.IO server initialized 
2026-04-28 15:51:35 [INFO]: getting to  port .. 
2026-04-28 15:51:35 [INFO]: Server running on port 3000 
2026-04-28 15:54:29 [INFO]: ... end of ther server call.. 
2026-04-28 15:54:29 [INFO]: Database pool connected 
2026-04-28 15:54:29 [INFO]: Database extensions initialized 
2026-04-28 15:54:29 [INFO]: Database connected successfully at Tue Apr 28 2026 15:54:29 GMT+0100 (West Africa Time) 
2026-04-28 15:54:29 [INFO]: Database connected successfully 
2026-04-28 15:54:29 [INFO]: Redis connecting... 
2026-04-28 15:54:29 [INFO]: Redis connected successfully 
2026-04-28 15:54:29 [INFO]: Redis initialized and connected 
2026-04-28 15:54:29 [INFO]: Redis connected successfully 
2026-04-28 15:54:29 [INFO]: Socket.IO server initialized 
2026-04-28 15:54:29 [INFO]: getting to  port .. 
2026-04-28 15:54:29 [INFO]: Server running on port 3000 
2026-04-28 15:55:31 [INFO]: ... end of ther server call.. 
2026-04-28 15:55:31 [INFO]: Database pool connected 
2026-04-28 15:55:31 [INFO]: Database extensions initialized 
2026-04-28 15:55:31 [INFO]: Database connected successfully at Tue Apr 28 2026 15:55:31 GMT+0100 (West Africa Time) 
2026-04-28 15:55:31 [INFO]: Database connected successfully 
2026-04-28 15:55:31 [INFO]: Redis connecting... 
2026-04-28 15:55:31 [INFO]: Redis connected successfully 
2026-04-28 15:55:31 [INFO]: Redis initialized and connected 
2026-04-28 15:55:31 [INFO]: Redis connected successfully 
2026-04-28 15:55:31 [INFO]: Socket.IO server initialized 
2026-04-28 15:55:31 [INFO]: getting to  port .. 
2026-04-28 15:55:31 [INFO]: Server running on port 3000 
2026-04-28 15:55:38 [INFO]: ... end of ther server call.. 
2026-04-28 15:55:38 [INFO]: Database pool connected 
2026-04-28 15:55:38 [INFO]: Database extensions initialized 
2026-04-28 15:55:38 [INFO]: Database connected successfully at Tue Apr 28 2026 15:55:38 GMT+0100 (West Africa Time) 
2026-04-28 15:55:38 [INFO]: Database connected successfully 
2026-04-28 15:55:38 [INFO]: Redis connecting... 
2026-04-28 15:55:38 [INFO]: Redis connected successfully 
2026-04-28 15:55:38 [INFO]: Redis initialized and connected 
2026-04-28 15:55:38 [INFO]: Redis connected successfully 
2026-04-28 15:55:38 [INFO]: Socket.IO server initialized 
2026-04-28 15:55:38 [INFO]: getting to  port .. 
2026-04-28 15:55:38 [INFO]: Server running on port 3000 
2026-04-28 15:56:00 [INFO]: ... end of ther server call.. 
2026-04-28 15:56:00 [INFO]: Database pool connected 
2026-04-28 15:56:00 [INFO]: Database extensions initialized 
2026-04-28 15:56:00 [INFO]: Database connected successfully at Tue Apr 28 2026 15:56:00 GMT+0100 (West Africa Time) 
2026-04-28 15:56:00 [INFO]: Database connected successfully 
2026-04-28 15:56:00 [INFO]: Redis connecting... 
2026-04-28 15:56:00 [INFO]: Redis connected successfully 
2026-04-28 15:56:00 [INFO]: Redis initialized and connected 
2026-04-28 15:56:00 [INFO]: Redis connected successfully 
2026-04-28 15:56:00 [INFO]: Socket.IO server initialized 
2026-04-28 15:56:00 [INFO]: getting to  port .. 
2026-04-28 15:56:00 [INFO]: Server running on port 3000 
2026-04-28 15:56:24 [INFO]: ... end of ther server call.. 
2026-04-28 15:56:24 [INFO]: Database pool connected 
2026-04-28 15:56:24 [INFO]: Database extensions initialized 
2026-04-28 15:56:24 [INFO]: Database connected successfully at Tue Apr 28 2026 15:56:24 GMT+0100 (West Africa Time) 
2026-04-28 15:56:24 [INFO]: Database connected successfully 
2026-04-28 15:56:24 [INFO]: Redis connecting... 
2026-04-28 15:56:24 [INFO]: Redis connected successfully 
2026-04-28 15:56:24 [INFO]: Redis initialized and connected 
2026-04-28 15:56:24 [INFO]: Redis connected successfully 
2026-04-28 15:56:24 [INFO]: Socket.IO server initialized 
2026-04-28 15:56:24 [INFO]: getting to  port .. 
2026-04-28 15:56:24 [INFO]: Server running on port 3000 
2026-04-28 15:56:36 [INFO]: ... end of ther server call.. 
2026-04-28 15:56:36 [INFO]: Database pool connected 
2026-04-28 15:56:36 [INFO]: Database extensions initialized 
2026-04-28 15:56:36 [INFO]: Database connected successfully at Tue Apr 28 2026 15:56:36 GMT+0100 (West Africa Time) 
2026-04-28 15:56:36 [INFO]: Database connected successfully 
2026-04-28 15:56:36 [INFO]: Redis connecting... 
2026-04-28 15:56:36 [INFO]: Redis connected successfully 
2026-04-28 15:56:36 [INFO]: Redis initialized and connected 
2026-04-28 15:56:36 [INFO]: Redis connected successfully 
2026-04-28 15:56:36 [INFO]: Socket.IO server initialized 
2026-04-28 15:56:36 [INFO]: getting to  port .. 
2026-04-28 15:56:36 [INFO]: Server running on port 3000 
2026-04-28 15:56:38 [INFO]: ... end of ther server call.. 
2026-04-28 15:56:38 [INFO]: Database pool connected 
2026-04-28 15:56:38 [INFO]: Database extensions initialized 
2026-04-28 15:56:38 [INFO]: Database connected successfully at Tue Apr 28 2026 15:56:38 GMT+0100 (West Africa Time) 
2026-04-28 15:56:38 [INFO]: Database connected successfully 
2026-04-28 15:56:38 [INFO]: Redis connecting... 
2026-04-28 15:56:38 [INFO]: Redis connected successfully 
2026-04-28 15:56:38 [INFO]: Redis initialized and connected 
2026-04-28 15:56:38 [INFO]: Redis connected successfully 
2026-04-28 15:56:38 [INFO]: Socket.IO server initialized 
2026-04-28 15:56:38 [INFO]: getting to  port .. 
2026-04-28 15:56:38 [INFO]: Server running on port 3000 
2026-04-28 15:56:51 [INFO]: ... end of ther server call.. 
2026-04-28 15:56:51 [INFO]: Database pool connected 
2026-04-28 15:56:51 [INFO]: Database extensions initialized 
2026-04-28 15:56:51 [INFO]: Database connected successfully at Tue Apr 28 2026 15:56:51 GMT+0100 (West Africa Time) 
2026-04-28 15:56:51 [INFO]: Database connected successfully 
2026-04-28 15:56:51 [INFO]: Redis connecting... 
2026-04-28 15:56:51 [INFO]: Redis connected successfully 
2026-04-28 15:56:51 [INFO]: Redis initialized and connected 
2026-04-28 15:56:51 [INFO]: Redis connected successfully 
2026-04-28 15:56:51 [INFO]: Socket.IO server initialized 
2026-04-28 15:56:51 [INFO]: getting to  port .. 
2026-04-28 15:56:51 [INFO]: Server running on port 3000 
2026-04-28 15:56:59 [INFO]: ... end of ther server call.. 
2026-04-28 15:56:59 [INFO]: Database pool connected 
2026-04-28 15:56:59 [INFO]: Database extensions initialized 
2026-04-28 15:56:59 [INFO]: Database connected successfully at Tue Apr 28 2026 15:56:59 GMT+0100 (West Africa Time) 
2026-04-28 15:56:59 [INFO]: Database connected successfully 
2026-04-28 15:56:59 [INFO]: Redis connecting... 
2026-04-28 15:56:59 [INFO]: Redis connected successfully 
2026-04-28 15:56:59 [INFO]: Redis initialized and connected 
2026-04-28 15:56:59 [INFO]: Redis connected successfully 
2026-04-28 15:56:59 [INFO]: Socket.IO server initialized 
2026-04-28 15:56:59 [INFO]: getting to  port .. 
2026-04-28 15:56:59 [INFO]: Server running on port 3000 
2026-04-28 15:57:01 [INFO]: ... end of ther server call.. 
2026-04-28 15:57:01 [INFO]: Database pool connected 
2026-04-28 15:57:01 [INFO]: Database extensions initialized 
2026-04-28 15:57:01 [INFO]: Database connected successfully at Tue Apr 28 2026 15:57:01 GMT+0100 (West Africa Time) 
2026-04-28 15:57:01 [INFO]: Database connected successfully 
2026-04-28 15:57:01 [INFO]: Redis connecting... 
2026-04-28 15:57:01 [INFO]: Redis connected successfully 
2026-04-28 15:57:01 [INFO]: Redis initialized and connected 
2026-04-28 15:57:01 [INFO]: Redis connected successfully 
2026-04-28 15:57:01 [INFO]: Socket.IO server initialized 
2026-04-28 15:57:01 [INFO]: getting to  port .. 
2026-04-28 15:57:01 [INFO]: Server running on port 3000 
2026-04-28 15:57:04 [INFO]: ... end of ther server call.. 
2026-04-28 15:57:04 [INFO]: Database pool connected 
2026-04-28 15:57:04 [INFO]: Database extensions initialized 
2026-04-28 15:57:04 [INFO]: Database connected successfully at Tue Apr 28 2026 15:57:04 GMT+0100 (West Africa Time) 
2026-04-28 15:57:04 [INFO]: Database connected successfully 
2026-04-28 15:57:04 [INFO]: Redis connecting... 
2026-04-28 15:57:04 [INFO]: Redis connected successfully 
2026-04-28 15:57:04 [INFO]: Redis initialized and connected 
2026-04-28 15:57:04 [INFO]: Redis connected successfully 
2026-04-28 15:57:04 [INFO]: Socket.IO server initialized 
2026-04-28 15:57:04 [INFO]: getting to  port .. 
2026-04-28 15:57:04 [INFO]: Server running on port 3000 
2026-04-28 15:57:06 [INFO]: ... end of ther server call.. 
2026-04-28 15:57:06 [INFO]: Database pool connected 
2026-04-28 15:57:06 [INFO]: Database extensions initialized 
2026-04-28 15:57:06 [INFO]: Database connected successfully at Tue Apr 28 2026 15:57:06 GMT+0100 (West Africa Time) 
2026-04-28 15:57:06 [INFO]: Database connected successfully 
2026-04-28 15:57:06 [INFO]: Redis connecting... 
2026-04-28 15:57:06 [INFO]: Redis connected successfully 
2026-04-28 15:57:06 [INFO]: Redis initialized and connected 
2026-04-28 15:57:06 [INFO]: Redis connected successfully 
2026-04-28 15:57:06 [INFO]: Socket.IO server initialized 
2026-04-28 15:57:06 [INFO]: getting to  port .. 
2026-04-28 15:57:06 [INFO]: Server running on port 3000 
2026-04-28 15:57:11 [INFO]: ... end of ther server call.. 
2026-04-28 15:57:11 [INFO]: Database pool connected 
2026-04-28 15:57:11 [INFO]: Database extensions initialized 
2026-04-28 15:57:11 [INFO]: Database connected successfully at Tue Apr 28 2026 15:57:11 GMT+0100 (West Africa Time) 
2026-04-28 15:57:11 [INFO]: Database connected successfully 
2026-04-28 15:57:11 [INFO]: Redis connecting... 
2026-04-28 15:57:11 [INFO]: Redis connected successfully 
2026-04-28 15:57:11 [INFO]: Redis initialized and connected 
2026-04-28 15:57:11 [INFO]: Redis connected successfully 
2026-04-28 15:57:11 [INFO]: Socket.IO server initialized 
2026-04-28 15:57:11 [INFO]: getting to  port .. 
2026-04-28 15:57:11 [INFO]: Server running on port 3000 
2026-04-28 15:57:13 [INFO]: ... end of ther server call.. 
2026-04-28 15:57:13 [INFO]: Database pool connected 
2026-04-28 15:57:13 [INFO]: Database extensions initialized 
2026-04-28 15:57:13 [INFO]: Database connected successfully at Tue Apr 28 2026 15:57:13 GMT+0100 (West Africa Time) 
2026-04-28 15:57:13 [INFO]: Database connected successfully 
2026-04-28 15:57:13 [INFO]: Redis connecting... 
2026-04-28 15:57:13 [INFO]: Redis connected successfully 
2026-04-28 15:57:13 [INFO]: Redis initialized and connected 
2026-04-28 15:57:13 [INFO]: Redis connected successfully 
2026-04-28 15:57:13 [INFO]: Socket.IO server initialized 
2026-04-28 15:57:13 [INFO]: getting to  port .. 
2026-04-28 15:57:13 [INFO]: Server running on port 3000 
2026-04-28 15:57:17 [INFO]: ... end of ther server call.. 
2026-04-28 15:57:17 [INFO]: Database pool connected 
2026-04-28 15:57:17 [INFO]: Database extensions initialized 
2026-04-28 15:57:17 [INFO]: Database connected successfully at Tue Apr 28 2026 15:57:17 GMT+0100 (West Africa Time) 
2026-04-28 15:57:17 [INFO]: Database connected successfully 
2026-04-28 15:57:17 [INFO]: Redis connecting... 
2026-04-28 15:57:17 [INFO]: Redis connected successfully 
2026-04-28 15:57:17 [INFO]: Redis initialized and connected 
2026-04-28 15:57:17 [INFO]: Redis connected successfully 
2026-04-28 15:57:17 [INFO]: Socket.IO server initialized 
2026-04-28 15:57:17 [INFO]: getting to  port .. 
2026-04-28 15:57:17 [INFO]: Server running on port 3000 
2026-04-28 15:57:22 [INFO]: ... end of ther server call.. 
2026-04-28 15:57:22 [INFO]: Database pool connected 
2026-04-28 15:57:22 [INFO]: Database extensions initialized 
2026-04-28 15:57:22 [INFO]: Database connected successfully at Tue Apr 28 2026 15:57:22 GMT+0100 (West Africa Time) 
2026-04-28 15:57:22 [INFO]: Database connected successfully 
2026-04-28 15:57:22 [INFO]: Redis connecting... 
2026-04-28 15:57:22 [INFO]: Redis connected successfully 
2026-04-28 15:57:22 [INFO]: Redis initialized and connected 
2026-04-28 15:57:22 [INFO]: Redis connected successfully 
2026-04-28 15:57:22 [INFO]: Socket.IO server initialized 
2026-04-28 15:57:22 [INFO]: getting to  port .. 
2026-04-28 15:57:22 [INFO]: Server running on port 3000 
2026-04-28 15:57:23 [INFO]: ... end of ther server call.. 
2026-04-28 15:57:23 [INFO]: Database pool connected 
2026-04-28 15:57:23 [INFO]: Database extensions initialized 
2026-04-28 15:57:23 [INFO]: Database connected successfully at Tue Apr 28 2026 15:57:23 GMT+0100 (West Africa Time) 
2026-04-28 15:57:23 [INFO]: Database connected successfully 
2026-04-28 15:57:23 [INFO]: Redis connecting... 
2026-04-28 15:57:23 [INFO]: Redis connected successfully 
2026-04-28 15:57:23 [INFO]: Redis initialized and connected 
2026-04-28 15:57:23 [INFO]: Redis connected successfully 
2026-04-28 15:57:23 [INFO]: Socket.IO server initialized 
2026-04-28 15:57:23 [INFO]: getting to  port .. 
2026-04-28 15:57:23 [INFO]: Server running on port 3000 
